I0910 17:20:37.243909   91897 load.go:31] Reloading schema and connectors...
I0910 17:20:37.257732   91897 control.go:100] [projects/emulator/locations/emulator/services/uiuc-cmind 2659] UpdateResources(): done
Main schema: sources: schema/schema.gql [547B] 
Connector "default": sources: connector/mutations.gql [1090B] connector/queries.gql [520B] 
I0910 17:20:37.274928   91897 codegen.go:101] [connector "default" javascriptSdk] Generating sources into "/Users/stevew/Documents/uiuc_collective_mind/web/src/lib/dataconnect"
I0910 17:20:37.282248   91897 collector.go:107] schema extensions wrote into "/Users/stevew/Documents/uiuc_collective_mind/web/dataconnect/.dataconnect/schema"
Generated sources: main/query.gql [6099B] main/mutation.gql [16725B] prelude.gql [84995B] main/implicit.gql [1359B] main/input.gql [31593B] main/relation.gql [16467B] 
I0910 17:20:37.284121   91897 collector.go:107] connector "default" javascriptSdk wrote into "/Users/stevew/Documents/uiuc_collective_mind/web/src/lib/dataconnect"
Generated sources: esm/index.esm.js [4549B] package.json [616B] README.md [37424B] .guides/usage.md [1608B] .guides/setup.md [585B] .guides/config.json [236B] esm/package.json [17B] index.cjs.js [5034B] index.d.ts [7495B] 
I0910 17:20:37.284132   91897 installsdk.go:138] generate.javascriptSdk.packageJsonDir is not specified, skipping automatic installation of package
I0910 17:20:37.284143   91897 load.go:109] Finished reloading
I0910 17:20:37.290040   91897 dev.go:103] Listening on address (HTTP + gRPC): 127.0.0.1:9399
I0910 17:20:37.290171   91897 dev.go:103] Listening on address (HTTP + gRPC): [::1]:9399
I0910 17:20:40.399360   91897 migrate.go:24] Running migration SQL:
Step 1: CREATE TABLE "public"."course" ("name" text NOT NULL, PRIMARY KEY ("name"))
Step 2: CREATE TABLE "public"."assignment" ("external_id" text NOT NULL, "course_name" text NOT NULL, "due_date" timestamptz NULL, "title" text NOT NULL, PRIMARY KEY ("external_id"), CONSTRAINT "assignment_course_name_fkey" FOREIGN KEY ("course_name") REFERENCES "public"."course" ("name") ON DELETE CASCADE)
Step 3: CREATE INDEX "assignment_courseName_idx" ON "public"."assignment" ("course_name")
Step 4: CREATE TABLE "public"."user" ("uid" text NOT NULL, "canvas_token" text NULL, "email" text NOT NULL, "prairie_learn_token" text NULL, PRIMARY KEY ("uid"))
Step 5: CREATE UNIQUE INDEX "user_email_uidx" ON "public"."user" ("email")
Step 6: CREATE TABLE "public"."enrollment" ("user_uid" text NOT NULL, "course_name" text NOT NULL, PRIMARY KEY ("user_uid", "course_name"), CONSTRAINT "enrollment_course_name_fkey" FOREIGN KEY ("course_name") REFERENCES "public"."course" ("name") ON DELETE CASCADE, CONSTRAINT "enrollment_user_uid_fkey" FOREIGN KEY ("user_uid") REFERENCES "public"."user" ("uid") ON DELETE CASCADE)
Step 7: CREATE INDEX "enrollment_courseName_idx" ON "public"."enrollment" ("course_name")
Step 8: CREATE INDEX "enrollment_userUid_idx" ON "public"."enrollment" ("user_uid")
Step 9: CREATE TABLE "public"."user_assignment" ("user_uid" text NOT NULL, "assignment_external_id" text NOT NULL, "score" text NULL, "status" text NULL, PRIMARY KEY ("user_uid", "assignment_external_id"), CONSTRAINT "user_assignment_assignment_external_id_fkey" FOREIGN KEY ("assignment_external_id") REFERENCES "public"."assignment" ("external_id") ON DELETE CASCADE, CONSTRAINT "user_assignment_user_uid_fkey" FOREIGN KEY ("user_uid") REFERENCES "public"."user" ("uid") ON DELETE CASCADE)
Step 10: CREATE INDEX "user_assignment_assignmentExternalId_idx" ON "public"."user_assignment" ("assignment_external_id")
Step 11: CREATE INDEX "user_assignment_userUid_idx" ON "public"."user_assignment" ("user_uid")
I0910 17:20:40.463716   91897 control.go:100] [projects/emulator/locations/emulator/services/uiuc-cmind 127c] UpdateResources(): done
Main schema: sources: schema/schema.gql [547B] 
Connector "default": sources: connector/mutations.gql [1090B] connector/queries.gql [520B] 
I0910 17:20:40.471028   91897 configure_emulator.go:21] ConfigureEmulator successed
Request: service_id: "uiuc-cmind"
connection_string: "postgres://127.0.0.1:5432/uiuc_cmind_db?sslmode=disable"
database: "uiuc_cmind_db"

Response: 
I0910 17:21:32.216511   91897 execute.go:57] Database ping is quick (likely cached), took 7.307291ms
I0910 17:21:32.225321   91897 engine.go:216] [projects/emulator/locations/emulator/services/uiuc-cmind 127c] ExecuteQuery query GetUser: succeeded. Connector: default
I0910 17:21:32.226868   91897 execute.go:57] Database ping is quick (likely cached), took 509.792µs
I0910 17:21:32.228546   91897 engine.go:216] [projects/emulator/locations/emulator/services/uiuc-cmind 127c] ExecuteQuery query GetUser: succeeded. Connector: default
I0910 17:21:32.229984   91897 execute.go:57] Database ping is quick (likely cached), took 418.125µs
I0910 17:21:32.234122   91897 engine.go:216] [projects/emulator/locations/emulator/services/uiuc-cmind 127c] ExecuteQuery query MyAssignments: succeeded. Connector: default
I0910 17:21:32.236444   91897 execute.go:57] Database ping is quick (likely cached), took 1.745834ms
I0910 17:21:32.237879   91897 engine.go:216] [projects/emulator/locations/emulator/services/uiuc-cmind 127c] ExecuteQuery query MyAssignments: succeeded. Connector: default
I0910 17:21:55.377251   91897 execute.go:57] Database ping is quick (likely cached), took 1.126125ms
I0910 17:21:55.381485   91897 engine.go:216] [projects/emulator/locations/emulator/services/uiuc-cmind 127c] ExecuteMutation mutation UpsertUser: succeeded. Connector: default
I0910 17:22:20.284157   91897 execute.go:57] Database ping is quick (likely cached), took 2.668125ms
I0910 17:22:20.288426   91897 engine.go:216] [projects/emulator/locations/emulator/services/uiuc-cmind 127c] ExecuteMutation mutation UpsertCourse: succeeded. Connector: default
I0910 17:22:20.289096   91897 execute.go:57] Database ping is quick (likely cached), took 609.291µs
I0910 17:22:20.292233   91897 engine.go:216] [projects/emulator/locations/emulator/services/uiuc-cmind 127c] ExecuteMutation mutation UpsertCourse: succeeded. Connector: default
I0910 17:22:20.294118   91897 execute.go:57] Database ping is quick (likely cached), took 1.81925ms
I0910 17:22:20.295649   91897 engine.go:216] [projects/emulator/locations/emulator/services/uiuc-cmind 127c] ExecuteMutation mutation UpsertCourse: succeeded. Connector: default
I0910 17:22:20.296045   91897 execute.go:57] Database ping is quick (likely cached), took 329.583µs
I0910 17:22:20.297512   91897 engine.go:216] [projects/emulator/locations/emulator/services/uiuc-cmind 127c] ExecuteMutation mutation UpsertCourse: succeeded. Connector: default
I0910 17:22:20.298069   91897 execute.go:57] Database ping is quick (likely cached), took 514.292µs
I0910 17:22:20.299588   91897 engine.go:216] [projects/emulator/locations/emulator/services/uiuc-cmind 127c] ExecuteMutation mutation UpsertCourse: succeeded. Connector: default
I0910 17:22:20.301833   91897 execute.go:57] Database ping is quick (likely cached), took 371.917µs
I0910 17:22:20.306291   91897 engine.go:216] [projects/emulator/locations/emulator/services/uiuc-cmind 127c] ExecuteMutation mutation AddEnrollment: succeeded. Connector: default
I0910 17:22:20.307288   91897 execute.go:57] Database ping is quick (likely cached), took 646.625µs
I0910 17:22:20.308796   91897 engine.go:216] [projects/emulator/locations/emulator/services/uiuc-cmind 127c] ExecuteMutation mutation AddEnrollment: succeeded. Connector: default
I0910 17:22:20.309668   91897 execute.go:57] Database ping is quick (likely cached), took 517.125µs
I0910 17:22:20.311031   91897 engine.go:216] [projects/emulator/locations/emulator/services/uiuc-cmind 127c] ExecuteMutation mutation AddEnrollment: succeeded. Connector: default
I0910 17:22:20.312049   91897 execute.go:57] Database ping is quick (likely cached), took 238.584µs
I0910 17:22:20.313216   91897 engine.go:216] [projects/emulator/locations/emulator/services/uiuc-cmind 127c] ExecuteMutation mutation AddEnrollment: succeeded. Connector: default
I0910 17:22:20.313957   91897 execute.go:57] Database ping is quick (likely cached), took 285.459µs
I0910 17:22:20.315079   91897 engine.go:216] [projects/emulator/locations/emulator/services/uiuc-cmind 127c] ExecuteMutation mutation AddEnrollment: succeeded. Connector: default
I0910 17:22:20.318098   91897 execute.go:57] Database ping is quick (likely cached), took 659.5µs
I0910 17:22:20.323853   91897 engine.go:216] [projects/emulator/locations/emulator/services/uiuc-cmind 127c] ExecuteMutation mutation UpsertAssignment: succeeded. Connector: default
I0910 17:22:20.325348   91897 execute.go:57] Database ping is quick (likely cached), took 1.365833ms
I0910 17:22:20.329363   91897 engine.go:216] [projects/emulator/locations/emulator/services/uiuc-cmind 127c] ExecuteMutation mutation UpsertAssignment: succeeded. Connector: default
I0910 17:22:20.329738   91897 execute.go:57] Database ping is quick (likely cached), took 289µs
I0910 17:22:20.331398   91897 engine.go:216] [projects/emulator/locations/emulator/services/uiuc-cmind 127c] ExecuteMutation mutation UpsertAssignment: succeeded. Connector: default
I0910 17:22:20.331762   91897 execute.go:57] Database ping is quick (likely cached), took 309.958µs
I0910 17:22:20.332976   91897 engine.go:216] [projects/emulator/locations/emulator/services/uiuc-cmind 127c] ExecuteMutation mutation UpsertAssignment: succeeded. Connector: default
I0910 17:22:20.334150   91897 execute.go:57] Database ping is quick (likely cached), took 1.124834ms
I0910 17:22:20.335179   91897 engine.go:216] [projects/emulator/locations/emulator/services/uiuc-cmind 127c] ExecuteMutation mutation UpsertAssignment: succeeded. Connector: default
I0910 17:22:20.335408   91897 execute.go:57] Database ping is quick (likely cached), took 158.459µs
I0910 17:22:20.336692   91897 engine.go:216] [projects/emulator/locations/emulator/services/uiuc-cmind 127c] ExecuteMutation mutation UpsertAssignment: succeeded. Connector: default
I0910 17:22:20.337172   91897 execute.go:57] Database ping is quick (likely cached), took 434.792µs
I0910 17:22:20.338260   91897 engine.go:216] [projects/emulator/locations/emulator/services/uiuc-cmind 127c] ExecuteMutation mutation UpsertAssignment: succeeded. Connector: default
I0910 17:22:20.338549   91897 execute.go:57] Database ping is quick (likely cached), took 246.75µs
I0910 17:22:20.339789   91897 engine.go:216] [projects/emulator/locations/emulator/services/uiuc-cmind 127c] ExecuteMutation mutation UpsertAssignment: succeeded. Connector: default
I0910 17:22:20.340759   91897 execute.go:57] Database ping is quick (likely cached), took 909.833µs
I0910 17:22:20.342020   91897 engine.go:216] [projects/emulator/locations/emulator/services/uiuc-cmind 127c] ExecuteMutation mutation UpsertAssignment: succeeded. Connector: default
I0910 17:22:20.342313   91897 execute.go:57] Database ping is quick (likely cached), took 233.875µs
I0910 17:22:20.343690   91897 engine.go:216] [projects/emulator/locations/emulator/services/uiuc-cmind 127c] ExecuteMutation mutation UpsertAssignment: succeeded. Connector: default
I0910 17:22:20.343944   91897 execute.go:57] Database ping is quick (likely cached), took 181.625µs
I0910 17:22:20.345145   91897 engine.go:216] [projects/emulator/locations/emulator/services/uiuc-cmind 127c] ExecuteMutation mutation UpsertAssignment: succeeded. Connector: default
I0910 17:22:20.345484   91897 execute.go:57] Database ping is quick (likely cached), took 284.125µs
I0910 17:22:20.346688   91897 engine.go:216] [projects/emulator/locations/emulator/services/uiuc-cmind 127c] ExecuteMutation mutation UpsertAssignment: succeeded. Connector: default
I0910 17:22:20.347638   91897 execute.go:57] Database ping is quick (likely cached), took 904.875µs
I0910 17:22:20.348817   91897 engine.go:216] [projects/emulator/locations/emulator/services/uiuc-cmind 127c] ExecuteMutation mutation UpsertAssignment: succeeded. Connector: default
I0910 17:22:20.349343   91897 execute.go:57] Database ping is quick (likely cached), took 466.083µs
I0910 17:22:20.350699   91897 engine.go:216] [projects/emulator/locations/emulator/services/uiuc-cmind 127c] ExecuteMutation mutation UpsertAssignment: succeeded. Connector: default
I0910 17:22:20.351162   91897 execute.go:57] Database ping is quick (likely cached), took 419.459µs
I0910 17:22:20.352272   91897 engine.go:216] [projects/emulator/locations/emulator/services/uiuc-cmind 127c] ExecuteMutation mutation UpsertAssignment: succeeded. Connector: default
I0910 17:22:20.352585   91897 execute.go:57] Database ping is quick (likely cached), took 237µs
I0910 17:22:20.353641   91897 engine.go:216] [projects/emulator/locations/emulator/services/uiuc-cmind 127c] ExecuteMutation mutation UpsertAssignment: succeeded. Connector: default
I0910 17:22:20.354567   91897 execute.go:57] Database ping is quick (likely cached), took 879.417µs
I0910 17:22:20.355338   91897 engine.go:216] [projects/emulator/locations/emulator/services/uiuc-cmind 127c] ExecuteMutation mutation UpsertAssignment: succeeded. Connector: default
I0910 17:22:20.355723   91897 execute.go:57] Database ping is quick (likely cached), took 295.875µs
I0910 17:22:20.356699   91897 engine.go:216] [projects/emulator/locations/emulator/services/uiuc-cmind 127c] ExecuteMutation mutation UpsertAssignment: succeeded. Connector: default
I0910 17:22:20.356910   91897 execute.go:57] Database ping is quick (likely cached), took 137.709µs
I0910 17:22:20.358350   91897 engine.go:216] [projects/emulator/locations/emulator/services/uiuc-cmind 127c] ExecuteMutation mutation UpsertAssignment: succeeded. Connector: default
I0910 17:22:20.358763   91897 execute.go:57] Database ping is quick (likely cached), took 341.292µs
I0910 17:22:20.360007   91897 engine.go:216] [projects/emulator/locations/emulator/services/uiuc-cmind 127c] ExecuteMutation mutation UpsertAssignment: succeeded. Connector: default
I0910 17:22:20.360718   91897 execute.go:57] Database ping is quick (likely cached), took 653.167µs
I0910 17:22:20.361548   91897 engine.go:216] [projects/emulator/locations/emulator/services/uiuc-cmind 127c] ExecuteMutation mutation UpsertAssignment: succeeded. Connector: default
I0910 17:22:20.361771   91897 execute.go:57] Database ping is quick (likely cached), took 184.791µs
I0910 17:22:20.363032   91897 engine.go:216] [projects/emulator/locations/emulator/services/uiuc-cmind 127c] ExecuteMutation mutation UpsertAssignment: succeeded. Connector: default
I0910 17:22:20.363397   91897 execute.go:57] Database ping is quick (likely cached), took 322.125µs
I0910 17:22:20.364436   91897 engine.go:216] [projects/emulator/locations/emulator/services/uiuc-cmind 127c] ExecuteMutation mutation UpsertAssignment: succeeded. Connector: default
I0910 17:22:20.364654   91897 execute.go:57] Database ping is quick (likely cached), took 172.291µs
I0910 17:22:20.365881   91897 engine.go:216] [projects/emulator/locations/emulator/services/uiuc-cmind 127c] ExecuteMutation mutation UpsertAssignment: succeeded. Connector: default
I0910 17:22:20.366792   91897 execute.go:57] Database ping is quick (likely cached), took 854.25µs
I0910 17:22:20.367766   91897 engine.go:216] [projects/emulator/locations/emulator/services/uiuc-cmind 127c] ExecuteMutation mutation UpsertAssignment: succeeded. Connector: default
I0910 17:22:20.367997   91897 execute.go:57] Database ping is quick (likely cached), took 177.459µs
I0910 17:22:20.369233   91897 engine.go:216] [projects/emulator/locations/emulator/services/uiuc-cmind 127c] ExecuteMutation mutation UpsertAssignment: succeeded. Connector: default
I0910 17:22:20.369455   91897 execute.go:57] Database ping is quick (likely cached), took 186.542µs
I0910 17:22:20.370721   91897 engine.go:216] [projects/emulator/locations/emulator/services/uiuc-cmind 127c] ExecuteMutation mutation UpsertAssignment: succeeded. Connector: default
I0910 17:22:20.370972   91897 execute.go:57] Database ping is quick (likely cached), took 183.625µs
I0910 17:22:20.372171   91897 engine.go:216] [projects/emulator/locations/emulator/services/uiuc-cmind 127c] ExecuteMutation mutation UpsertAssignment: succeeded. Connector: default
I0910 17:22:20.373187   91897 execute.go:57] Database ping is quick (likely cached), took 939µs
I0910 17:22:20.374200   91897 engine.go:216] [projects/emulator/locations/emulator/services/uiuc-cmind 127c] ExecuteMutation mutation UpsertAssignment: succeeded. Connector: default
I0910 17:22:20.374555   91897 execute.go:57] Database ping is quick (likely cached), took 292.25µs
I0910 17:22:20.376058   91897 engine.go:216] [projects/emulator/locations/emulator/services/uiuc-cmind 127c] ExecuteMutation mutation UpsertAssignment: succeeded. Connector: default
I0910 17:22:20.376596   91897 execute.go:57] Database ping is quick (likely cached), took 486.5µs
I0910 17:22:20.377705   91897 engine.go:216] [projects/emulator/locations/emulator/services/uiuc-cmind 127c] ExecuteMutation mutation UpsertAssignment: succeeded. Connector: default
I0910 17:22:20.377993   91897 execute.go:57] Database ping is quick (likely cached), took 243.167µs
I0910 17:22:20.379195   91897 engine.go:216] [projects/emulator/locations/emulator/services/uiuc-cmind 127c] ExecuteMutation mutation UpsertAssignment: succeeded. Connector: default
I0910 17:22:20.380239   91897 execute.go:57] Database ping is quick (likely cached), took 990.333µs
I0910 17:22:20.381191   91897 engine.go:216] [projects/emulator/locations/emulator/services/uiuc-cmind 127c] ExecuteMutation mutation UpsertAssignment: succeeded. Connector: default
I0910 17:22:20.381405   91897 execute.go:57] Database ping is quick (likely cached), took 160.792µs
I0910 17:22:20.382552   91897 engine.go:216] [projects/emulator/locations/emulator/services/uiuc-cmind 127c] ExecuteMutation mutation UpsertAssignment: succeeded. Connector: default
I0910 17:22:20.382983   91897 execute.go:57] Database ping is quick (likely cached), took 372.833µs
I0910 17:22:20.384128   91897 engine.go:216] [projects/emulator/locations/emulator/services/uiuc-cmind 127c] ExecuteMutation mutation UpsertAssignment: succeeded. Connector: default
I0910 17:22:20.384455   91897 execute.go:57] Database ping is quick (likely cached), took 258.167µs
I0910 17:22:20.385603   91897 engine.go:216] [projects/emulator/locations/emulator/services/uiuc-cmind 127c] ExecuteMutation mutation UpsertAssignment: succeeded. Connector: default
I0910 17:22:20.386514   91897 execute.go:57] Database ping is quick (likely cached), took 863.334µs
I0910 17:22:20.387345   91897 engine.go:216] [projects/emulator/locations/emulator/services/uiuc-cmind 127c] ExecuteMutation mutation UpsertAssignment: succeeded. Connector: default
I0910 17:22:20.387688   91897 execute.go:57] Database ping is quick (likely cached), took 303.125µs
I0910 17:22:20.388754   91897 engine.go:216] [projects/emulator/locations/emulator/services/uiuc-cmind 127c] ExecuteMutation mutation UpsertAssignment: succeeded. Connector: default
I0910 17:22:20.389040   91897 execute.go:57] Database ping is quick (likely cached), took 242.583µs
I0910 17:22:20.390081   91897 engine.go:216] [projects/emulator/locations/emulator/services/uiuc-cmind 127c] ExecuteMutation mutation UpsertAssignment: succeeded. Connector: default
I0910 17:22:20.390353   91897 execute.go:57] Database ping is quick (likely cached), took 230.167µs
I0910 17:22:20.391499   91897 engine.go:216] [projects/emulator/locations/emulator/services/uiuc-cmind 127c] ExecuteMutation mutation UpsertAssignment: succeeded. Connector: default
I0910 17:22:20.392670   91897 execute.go:57] Database ping is quick (likely cached), took 1.135ms
I0910 17:22:20.393494   91897 engine.go:216] [projects/emulator/locations/emulator/services/uiuc-cmind 127c] ExecuteMutation mutation UpsertAssignment: succeeded. Connector: default
I0910 17:22:20.393686   91897 execute.go:57] Database ping is quick (likely cached), took 140.083µs
I0910 17:22:20.394876   91897 engine.go:216] [projects/emulator/locations/emulator/services/uiuc-cmind 127c] ExecuteMutation mutation UpsertAssignment: succeeded. Connector: default
I0910 17:22:20.395121   91897 execute.go:57] Database ping is quick (likely cached), took 210.25µs
I0910 17:22:20.396209   91897 engine.go:216] [projects/emulator/locations/emulator/services/uiuc-cmind 127c] ExecuteMutation mutation UpsertAssignment: succeeded. Connector: default
I0910 17:22:20.396407   91897 execute.go:57] Database ping is quick (likely cached), took 164.75µs
I0910 17:22:20.397106   91897 engine.go:216] [projects/emulator/locations/emulator/services/uiuc-cmind 127c] ExecuteMutation mutation UpsertAssignment: succeeded. Connector: default
I0910 17:22:20.398084   91897 execute.go:57] Database ping is quick (likely cached), took 934.666µs
I0910 17:22:20.398814   91897 engine.go:216] [projects/emulator/locations/emulator/services/uiuc-cmind 127c] ExecuteMutation mutation UpsertAssignment: succeeded. Connector: default
I0910 17:22:20.399157   91897 execute.go:57] Database ping is quick (likely cached), took 312.375µs
I0910 17:22:20.400600   91897 engine.go:216] [projects/emulator/locations/emulator/services/uiuc-cmind 127c] ExecuteMutation mutation UpsertAssignment: succeeded. Connector: default
I0910 17:22:20.400981   91897 execute.go:57] Database ping is quick (likely cached), took 342.5µs
I0910 17:22:20.402165   91897 engine.go:216] [projects/emulator/locations/emulator/services/uiuc-cmind 127c] ExecuteMutation mutation UpsertAssignment: succeeded. Connector: default
I0910 17:22:20.402430   91897 execute.go:57] Database ping is quick (likely cached), took 221.625µs
I0910 17:22:20.403535   91897 engine.go:216] [projects/emulator/locations/emulator/services/uiuc-cmind 127c] ExecuteMutation mutation UpsertAssignment: succeeded. Connector: default
I0910 17:22:20.403891   91897 execute.go:57] Database ping is quick (likely cached), took 312.334µs
I0910 17:22:20.404965   91897 engine.go:216] [projects/emulator/locations/emulator/services/uiuc-cmind 127c] ExecuteMutation mutation UpsertAssignment: succeeded. Connector: default
I0910 17:22:20.405205   91897 execute.go:57] Database ping is quick (likely cached), took 207.625µs
I0910 17:22:20.406227   91897 engine.go:216] [projects/emulator/locations/emulator/services/uiuc-cmind 127c] ExecuteMutation mutation UpsertAssignment: succeeded. Connector: default
I0910 17:22:20.406487   91897 execute.go:57] Database ping is quick (likely cached), took 223.667µs
I0910 17:22:20.407636   91897 engine.go:216] [projects/emulator/locations/emulator/services/uiuc-cmind 127c] ExecuteMutation mutation UpsertAssignment: succeeded. Connector: default
I0910 17:22:20.407867   91897 execute.go:57] Database ping is quick (likely cached), took 190.375µs
I0910 17:22:20.409138   91897 engine.go:216] [projects/emulator/locations/emulator/services/uiuc-cmind 127c] ExecuteMutation mutation UpsertAssignment: succeeded. Connector: default
I0910 17:22:20.410032   91897 execute.go:57] Database ping is quick (likely cached), took 856.042µs
I0910 17:22:20.411104   91897 engine.go:216] [projects/emulator/locations/emulator/services/uiuc-cmind 127c] ExecuteMutation mutation UpsertAssignment: succeeded. Connector: default
I0910 17:22:20.411295   91897 execute.go:57] Database ping is quick (likely cached), took 158.167µs
I0910 17:22:20.412279   91897 engine.go:216] [projects/emulator/locations/emulator/services/uiuc-cmind 127c] ExecuteMutation mutation UpsertAssignment: succeeded. Connector: default
I0910 17:22:20.412543   91897 execute.go:57] Database ping is quick (likely cached), took 232.208µs
I0910 17:22:20.413610   91897 engine.go:216] [projects/emulator/locations/emulator/services/uiuc-cmind 127c] ExecuteMutation mutation UpsertAssignment: succeeded. Connector: default
I0910 17:22:20.413781   91897 execute.go:57] Database ping is quick (likely cached), took 138.333µs
I0910 17:22:20.414678   91897 engine.go:216] [projects/emulator/locations/emulator/services/uiuc-cmind 127c] ExecuteMutation mutation UpsertAssignment: succeeded. Connector: default
I0910 17:22:20.415355   91897 execute.go:57] Database ping is quick (likely cached), took 623.375µs
I0910 17:22:20.416303   91897 engine.go:216] [projects/emulator/locations/emulator/services/uiuc-cmind 127c] ExecuteMutation mutation UpsertAssignment: succeeded. Connector: default
I0910 17:22:20.416537   91897 execute.go:57] Database ping is quick (likely cached), took 190.541µs
I0910 17:22:20.417721   91897 engine.go:216] [projects/emulator/locations/emulator/services/uiuc-cmind 127c] ExecuteMutation mutation UpsertAssignment: succeeded. Connector: default
I0910 17:22:20.417929   91897 execute.go:57] Database ping is quick (likely cached), took 171.917µs
I0910 17:22:20.418919   91897 engine.go:216] [projects/emulator/locations/emulator/services/uiuc-cmind 127c] ExecuteMutation mutation UpsertAssignment: succeeded. Connector: default
I0910 17:22:20.419182   91897 execute.go:57] Database ping is quick (likely cached), took 221.375µs
I0910 17:22:20.420264   91897 engine.go:216] [projects/emulator/locations/emulator/services/uiuc-cmind 127c] ExecuteMutation mutation UpsertAssignment: succeeded. Connector: default
I0910 17:22:20.421013   91897 execute.go:57] Database ping is quick (likely cached), took 698.5µs
I0910 17:22:20.421707   91897 engine.go:216] [projects/emulator/locations/emulator/services/uiuc-cmind 127c] ExecuteMutation mutation UpsertAssignment: succeeded. Connector: default
I0910 17:22:20.421855   91897 execute.go:57] Database ping is quick (likely cached), took 122.458µs
I0910 17:22:20.422938   91897 engine.go:216] [projects/emulator/locations/emulator/services/uiuc-cmind 127c] ExecuteMutation mutation UpsertAssignment: succeeded. Connector: default
I0910 17:22:20.423178   91897 execute.go:57] Database ping is quick (likely cached), took 178.458µs
I0910 17:22:20.424710   91897 engine.go:216] [projects/emulator/locations/emulator/services/uiuc-cmind 127c] ExecuteMutation mutation UpsertAssignment: succeeded. Connector: default
I0910 17:22:20.425362   91897 execute.go:57] Database ping is quick (likely cached), took 563.584µs
I0910 17:22:20.426514   91897 engine.go:216] [projects/emulator/locations/emulator/services/uiuc-cmind 127c] ExecuteMutation mutation UpsertAssignment: succeeded. Connector: default
I0910 17:22:20.427343   91897 execute.go:57] Database ping is quick (likely cached), took 790.708µs
I0910 17:22:20.428102   91897 engine.go:216] [projects/emulator/locations/emulator/services/uiuc-cmind 127c] ExecuteMutation mutation UpsertAssignment: succeeded. Connector: default
I0910 17:22:20.428422   91897 execute.go:57] Database ping is quick (likely cached), took 287.167µs
I0910 17:22:20.429373   91897 engine.go:216] [projects/emulator/locations/emulator/services/uiuc-cmind 127c] ExecuteMutation mutation UpsertAssignment: succeeded. Connector: default
I0910 17:22:20.429626   91897 execute.go:57] Database ping is quick (likely cached), took 216.917µs
I0910 17:22:20.430937   91897 engine.go:216] [projects/emulator/locations/emulator/services/uiuc-cmind 127c] ExecuteMutation mutation UpsertAssignment: succeeded. Connector: default
I0910 17:22:20.431186   91897 execute.go:57] Database ping is quick (likely cached), took 207.625µs
I0910 17:22:20.432222   91897 engine.go:216] [projects/emulator/locations/emulator/services/uiuc-cmind 127c] ExecuteMutation mutation UpsertAssignment: succeeded. Connector: default
I0910 17:22:20.433049   91897 execute.go:57] Database ping is quick (likely cached), took 734.5µs
I0910 17:22:20.434097   91897 engine.go:216] [projects/emulator/locations/emulator/services/uiuc-cmind 127c] ExecuteMutation mutation UpsertAssignment: succeeded. Connector: default
I0910 17:22:20.434711   91897 execute.go:57] Database ping is quick (likely cached), took 567.916µs
I0910 17:22:20.435492   91897 engine.go:216] [projects/emulator/locations/emulator/services/uiuc-cmind 127c] ExecuteMutation mutation UpsertAssignment: succeeded. Connector: default
I0910 17:22:20.435857   91897 execute.go:57] Database ping is quick (likely cached), took 318.417µs
I0910 17:22:20.436654   91897 engine.go:216] [projects/emulator/locations/emulator/services/uiuc-cmind 127c] ExecuteMutation mutation UpsertAssignment: succeeded. Connector: default
I0910 17:22:20.436833   91897 execute.go:57] Database ping is quick (likely cached), took 140.834µs
I0910 17:22:20.437852   91897 engine.go:216] [projects/emulator/locations/emulator/services/uiuc-cmind 127c] ExecuteMutation mutation UpsertAssignment: succeeded. Connector: default
I0910 17:22:20.438605   91897 execute.go:57] Database ping is quick (likely cached), took 722.042µs
I0910 17:22:20.439251   91897 engine.go:216] [projects/emulator/locations/emulator/services/uiuc-cmind 127c] ExecuteMutation mutation UpsertAssignment: succeeded. Connector: default
I0910 17:22:20.439461   91897 execute.go:57] Database ping is quick (likely cached), took 181µs
I0910 17:22:20.440517   91897 engine.go:216] [projects/emulator/locations/emulator/services/uiuc-cmind 127c] ExecuteMutation mutation UpsertAssignment: succeeded. Connector: default
I0910 17:22:20.440999   91897 execute.go:57] Database ping is quick (likely cached), took 451.125µs
I0910 17:22:20.442263   91897 engine.go:216] [projects/emulator/locations/emulator/services/uiuc-cmind 127c] ExecuteMutation mutation UpsertAssignment: succeeded. Connector: default
I0910 17:22:20.442490   91897 execute.go:57] Database ping is quick (likely cached), took 195.708µs
I0910 17:22:20.443518   91897 engine.go:216] [projects/emulator/locations/emulator/services/uiuc-cmind 127c] ExecuteMutation mutation UpsertAssignment: succeeded. Connector: default
I0910 17:22:20.444354   91897 execute.go:57] Database ping is quick (likely cached), took 800.541µs
I0910 17:22:20.444968   91897 engine.go:216] [projects/emulator/locations/emulator/services/uiuc-cmind 127c] ExecuteMutation mutation UpsertAssignment: succeeded. Connector: default
I0910 17:22:20.445211   91897 execute.go:57] Database ping is quick (likely cached), took 211.458µs
I0910 17:22:20.446159   91897 engine.go:216] [projects/emulator/locations/emulator/services/uiuc-cmind 127c] ExecuteMutation mutation UpsertAssignment: succeeded. Connector: default
I0910 17:22:20.446320   91897 execute.go:57] Database ping is quick (likely cached), took 135.125µs
I0910 17:22:20.447389   91897 engine.go:216] [projects/emulator/locations/emulator/services/uiuc-cmind 127c] ExecuteMutation mutation UpsertAssignment: succeeded. Connector: default
I0910 17:22:20.447614   91897 execute.go:57] Database ping is quick (likely cached), took 199.667µs
I0910 17:22:20.448710   91897 engine.go:216] [projects/emulator/locations/emulator/services/uiuc-cmind 127c] ExecuteMutation mutation UpsertAssignment: succeeded. Connector: default
I0910 17:22:20.448944   91897 execute.go:57] Database ping is quick (likely cached), took 192.125µs
I0910 17:22:20.450100   91897 engine.go:216] [projects/emulator/locations/emulator/services/uiuc-cmind 127c] ExecuteMutation mutation UpsertAssignment: succeeded. Connector: default
I0910 17:22:20.450731   91897 execute.go:57] Database ping is quick (likely cached), took 589.25µs
I0910 17:22:20.451531   91897 engine.go:216] [projects/emulator/locations/emulator/services/uiuc-cmind 127c] ExecuteMutation mutation UpsertAssignment: succeeded. Connector: default
I0910 17:22:20.451725   91897 execute.go:57] Database ping is quick (likely cached), took 141.834µs
I0910 17:22:20.452728   91897 engine.go:216] [projects/emulator/locations/emulator/services/uiuc-cmind 127c] ExecuteMutation mutation UpsertAssignment: succeeded. Connector: default
I0910 17:22:20.452902   91897 execute.go:57] Database ping is quick (likely cached), took 141.459µs
I0910 17:22:20.454392   91897 engine.go:216] [projects/emulator/locations/emulator/services/uiuc-cmind 127c] ExecuteMutation mutation UpsertAssignment: succeeded. Connector: default
I0910 17:22:20.455211   91897 execute.go:57] Database ping is quick (likely cached), took 752.083µs
I0910 17:22:20.455947   91897 engine.go:216] [projects/emulator/locations/emulator/services/uiuc-cmind 127c] ExecuteMutation mutation UpsertAssignment: succeeded. Connector: default
I0910 17:22:20.456224   91897 execute.go:57] Database ping is quick (likely cached), took 230.625µs
I0910 17:22:20.457557   91897 engine.go:216] [projects/emulator/locations/emulator/services/uiuc-cmind 127c] ExecuteMutation mutation UpsertAssignment: succeeded. Connector: default
I0910 17:22:20.457824   91897 execute.go:57] Database ping is quick (likely cached), took 202.333µs
I0910 17:22:20.459064   91897 engine.go:216] [projects/emulator/locations/emulator/services/uiuc-cmind 127c] ExecuteMutation mutation UpsertAssignment: succeeded. Connector: default
I0910 17:22:20.459249   91897 execute.go:57] Database ping is quick (likely cached), took 159.666µs
I0910 17:22:20.460517   91897 engine.go:216] [projects/emulator/locations/emulator/services/uiuc-cmind 127c] ExecuteMutation mutation UpsertAssignment: succeeded. Connector: default
I0910 17:22:20.460806   91897 execute.go:57] Database ping is quick (likely cached), took 254.458µs
I0910 17:22:20.461849   91897 engine.go:216] [projects/emulator/locations/emulator/services/uiuc-cmind 127c] ExecuteMutation mutation UpsertAssignment: succeeded. Connector: default
I0910 17:22:20.462428   91897 execute.go:57] Database ping is quick (likely cached), took 537.084µs
I0910 17:22:20.463250   91897 engine.go:216] [projects/emulator/locations/emulator/services/uiuc-cmind 127c] ExecuteMutation mutation UpsertAssignment: succeeded. Connector: default
I0910 17:22:20.463445   91897 execute.go:57] Database ping is quick (likely cached), took 159.542µs
I0910 17:22:20.464422   91897 engine.go:216] [projects/emulator/locations/emulator/services/uiuc-cmind 127c] ExecuteMutation mutation UpsertAssignment: succeeded. Connector: default
I0910 17:22:20.464740   91897 execute.go:57] Database ping is quick (likely cached), took 266.625µs
I0910 17:22:20.465695   91897 engine.go:216] [projects/emulator/locations/emulator/services/uiuc-cmind 127c] ExecuteMutation mutation UpsertAssignment: succeeded. Connector: default
I0910 17:22:20.466539   91897 execute.go:57] Database ping is quick (likely cached), took 121.791µs
I0910 17:22:20.467727   91897 engine.go:216] [projects/emulator/locations/emulator/services/uiuc-cmind 127c] ExecuteMutation mutation UpsertUserAssignment: succeeded. Connector: default
I0910 17:22:20.468320   91897 execute.go:57] Database ping is quick (likely cached), took 316.625µs
I0910 17:22:20.469272   91897 engine.go:216] [projects/emulator/locations/emulator/services/uiuc-cmind 127c] ExecuteMutation mutation UpsertUserAssignment: succeeded. Connector: default
I0910 17:22:20.470429   91897 execute.go:57] Database ping is quick (likely cached), took 138.834µs
I0910 17:22:20.471521   91897 engine.go:216] [projects/emulator/locations/emulator/services/uiuc-cmind 127c] ExecuteMutation mutation UpsertUserAssignment: succeeded. Connector: default
I0910 17:22:20.472208   91897 execute.go:57] Database ping is quick (likely cached), took 178.042µs
I0910 17:22:20.472891   91897 engine.go:216] [projects/emulator/locations/emulator/services/uiuc-cmind 127c] ExecuteMutation mutation UpsertUserAssignment: succeeded. Connector: default
I0910 17:22:20.473536   91897 execute.go:57] Database ping is quick (likely cached), took 179.5µs
I0910 17:22:20.474280   91897 engine.go:216] [projects/emulator/locations/emulator/services/uiuc-cmind 127c] ExecuteMutation mutation UpsertUserAssignment: succeeded. Connector: default
I0910 17:22:20.475110   91897 execute.go:57] Database ping is quick (likely cached), took 169.459µs
I0910 17:22:20.475926   91897 engine.go:216] [projects/emulator/locations/emulator/services/uiuc-cmind 127c] ExecuteMutation mutation UpsertUserAssignment: succeeded. Connector: default
I0910 17:22:20.476649   91897 execute.go:57] Database ping is quick (likely cached), took 207.917µs
I0910 17:22:20.478534   91897 engine.go:216] [projects/emulator/locations/emulator/services/uiuc-cmind 127c] ExecuteMutation mutation UpsertUserAssignment: succeeded. Connector: default
I0910 17:22:20.479145   91897 execute.go:57] Database ping is quick (likely cached), took 157.833µs
I0910 17:22:20.479906   91897 engine.go:216] [projects/emulator/locations/emulator/services/uiuc-cmind 127c] ExecuteMutation mutation UpsertUserAssignment: succeeded. Connector: default
I0910 17:22:20.480966   91897 execute.go:57] Database ping is quick (likely cached), took 625.459µs
I0910 17:22:20.482141   91897 engine.go:216] [projects/emulator/locations/emulator/services/uiuc-cmind 127c] ExecuteMutation mutation UpsertUserAssignment: succeeded. Connector: default
I0910 17:22:20.483105   91897 execute.go:57] Database ping is quick (likely cached), took 203.792µs
I0910 17:22:20.484217   91897 engine.go:216] [projects/emulator/locations/emulator/services/uiuc-cmind 127c] ExecuteMutation mutation UpsertUserAssignment: succeeded. Connector: default
I0910 17:22:20.484662   91897 execute.go:57] Database ping is quick (likely cached), took 111.917µs
I0910 17:22:20.485349   91897 engine.go:216] [projects/emulator/locations/emulator/services/uiuc-cmind 127c] ExecuteMutation mutation UpsertUserAssignment: succeeded. Connector: default
I0910 17:22:20.485718   91897 execute.go:57] Database ping is quick (likely cached), took 104.917µs
I0910 17:22:20.486419   91897 engine.go:216] [projects/emulator/locations/emulator/services/uiuc-cmind 127c] ExecuteMutation mutation UpsertUserAssignment: succeeded. Connector: default
I0910 17:22:20.486841   91897 execute.go:57] Database ping is quick (likely cached), took 119.584µs
I0910 17:22:20.487431   91897 engine.go:216] [projects/emulator/locations/emulator/services/uiuc-cmind 127c] ExecuteMutation mutation UpsertUserAssignment: succeeded. Connector: default
I0910 17:22:20.487876   91897 execute.go:57] Database ping is quick (likely cached), took 102.834µs
I0910 17:22:20.488437   91897 engine.go:216] [projects/emulator/locations/emulator/services/uiuc-cmind 127c] ExecuteMutation mutation UpsertUserAssignment: succeeded. Connector: default
I0910 17:22:20.489480   91897 execute.go:57] Database ping is quick (likely cached), took 158.709µs
I0910 17:22:20.490153   91897 engine.go:216] [projects/emulator/locations/emulator/services/uiuc-cmind 127c] ExecuteMutation mutation UpsertUserAssignment: succeeded. Connector: default
I0910 17:22:20.490487   91897 execute.go:57] Database ping is quick (likely cached), took 94.833µs
I0910 17:22:20.491043   91897 engine.go:216] [projects/emulator/locations/emulator/services/uiuc-cmind 127c] ExecuteMutation mutation UpsertUserAssignment: succeeded. Connector: default
I0910 17:22:20.491448   91897 execute.go:57] Database ping is quick (likely cached), took 157.041µs
I0910 17:22:20.492041   91897 engine.go:216] [projects/emulator/locations/emulator/services/uiuc-cmind 127c] ExecuteMutation mutation UpsertUserAssignment: succeeded. Connector: default
I0910 17:22:20.492355   91897 execute.go:57] Database ping is quick (likely cached), took 92.833µs
I0910 17:22:20.492973   91897 engine.go:216] [projects/emulator/locations/emulator/services/uiuc-cmind 127c] ExecuteMutation mutation UpsertUserAssignment: succeeded. Connector: default
I0910 17:22:20.493313   91897 execute.go:57] Database ping is quick (likely cached), took 99.917µs
I0910 17:22:20.494003   91897 engine.go:216] [projects/emulator/locations/emulator/services/uiuc-cmind 127c] ExecuteMutation mutation UpsertUserAssignment: succeeded. Connector: default
I0910 17:22:20.494333   91897 execute.go:57] Database ping is quick (likely cached), took 96.75µs
I0910 17:22:20.494913   91897 engine.go:216] [projects/emulator/locations/emulator/services/uiuc-cmind 127c] ExecuteMutation mutation UpsertUserAssignment: succeeded. Connector: default
I0910 17:22:20.495224   91897 execute.go:57] Database ping is quick (likely cached), took 96.333µs
I0910 17:22:20.495786   91897 engine.go:216] [projects/emulator/locations/emulator/services/uiuc-cmind 127c] ExecuteMutation mutation UpsertUserAssignment: succeeded. Connector: default
I0910 17:22:20.496124   91897 execute.go:57] Database ping is quick (likely cached), took 86.083µs
I0910 17:22:20.496655   91897 engine.go:216] [projects/emulator/locations/emulator/services/uiuc-cmind 127c] ExecuteMutation mutation UpsertUserAssignment: succeeded. Connector: default
I0910 17:22:20.497007   91897 execute.go:57] Database ping is quick (likely cached), took 118.75µs
I0910 17:22:20.497570   91897 engine.go:216] [projects/emulator/locations/emulator/services/uiuc-cmind 127c] ExecuteMutation mutation UpsertUserAssignment: succeeded. Connector: default
I0910 17:22:20.497893   91897 execute.go:57] Database ping is quick (likely cached), took 102.333µs
I0910 17:22:20.499765   91897 engine.go:216] [projects/emulator/locations/emulator/services/uiuc-cmind 127c] ExecuteMutation mutation UpsertUserAssignment: succeeded. Connector: default
I0910 17:22:20.500225   91897 execute.go:57] Database ping is quick (likely cached), took 200.666µs
I0910 17:22:20.501250   91897 engine.go:216] [projects/emulator/locations/emulator/services/uiuc-cmind 127c] ExecuteMutation mutation UpsertUserAssignment: succeeded. Connector: default
I0910 17:22:20.502017   91897 execute.go:57] Database ping is quick (likely cached), took 103.958µs
I0910 17:22:20.502594   91897 engine.go:216] [projects/emulator/locations/emulator/services/uiuc-cmind 127c] ExecuteMutation mutation UpsertUserAssignment: succeeded. Connector: default
I0910 17:22:20.502940   91897 execute.go:57] Database ping is quick (likely cached), took 95.875µs
I0910 17:22:20.503673   91897 engine.go:216] [projects/emulator/locations/emulator/services/uiuc-cmind 127c] ExecuteMutation mutation UpsertUserAssignment: succeeded. Connector: default
I0910 17:22:20.504017   91897 execute.go:57] Database ping is quick (likely cached), took 101.667µs
I0910 17:22:20.504900   91897 engine.go:216] [projects/emulator/locations/emulator/services/uiuc-cmind 127c] ExecuteMutation mutation UpsertUserAssignment: succeeded. Connector: default
I0910 17:22:20.505258   91897 execute.go:57] Database ping is quick (likely cached), took 85.166µs
I0910 17:22:20.505876   91897 engine.go:216] [projects/emulator/locations/emulator/services/uiuc-cmind 127c] ExecuteMutation mutation UpsertUserAssignment: succeeded. Connector: default
I0910 17:22:20.506200   91897 execute.go:57] Database ping is quick (likely cached), took 78.333µs
I0910 17:22:20.506831   91897 engine.go:216] [projects/emulator/locations/emulator/services/uiuc-cmind 127c] ExecuteMutation mutation UpsertUserAssignment: succeeded. Connector: default
I0910 17:22:20.507181   91897 execute.go:57] Database ping is quick (likely cached), took 97.5µs
I0910 17:22:20.507718   91897 engine.go:216] [projects/emulator/locations/emulator/services/uiuc-cmind 127c] ExecuteMutation mutation UpsertUserAssignment: succeeded. Connector: default
I0910 17:22:20.508069   91897 execute.go:57] Database ping is quick (likely cached), took 79.208µs
I0910 17:22:20.508594   91897 engine.go:216] [projects/emulator/locations/emulator/services/uiuc-cmind 127c] ExecuteMutation mutation UpsertUserAssignment: succeeded. Connector: default
I0910 17:22:20.509089   91897 execute.go:57] Database ping is quick (likely cached), took 239.542µs
I0910 17:22:20.509599   91897 engine.go:216] [projects/emulator/locations/emulator/services/uiuc-cmind 127c] ExecuteMutation mutation UpsertUserAssignment: succeeded. Connector: default
I0910 17:22:20.509936   91897 execute.go:57] Database ping is quick (likely cached), took 100.458µs
I0910 17:22:20.510435   91897 engine.go:216] [projects/emulator/locations/emulator/services/uiuc-cmind 127c] ExecuteMutation mutation UpsertUserAssignment: succeeded. Connector: default
I0910 17:22:20.510733   91897 execute.go:57] Database ping is quick (likely cached), took 82.834µs
I0910 17:22:20.511271   91897 engine.go:216] [projects/emulator/locations/emulator/services/uiuc-cmind 127c] ExecuteMutation mutation UpsertUserAssignment: succeeded. Connector: default
I0910 17:22:20.511579   91897 execute.go:57] Database ping is quick (likely cached), took 84.959µs
I0910 17:22:20.512326   91897 engine.go:216] [projects/emulator/locations/emulator/services/uiuc-cmind 127c] ExecuteMutation mutation UpsertUserAssignment: succeeded. Connector: default
I0910 17:22:20.512632   91897 execute.go:57] Database ping is quick (likely cached), took 89.625µs
I0910 17:22:20.513162   91897 engine.go:216] [projects/emulator/locations/emulator/services/uiuc-cmind 127c] ExecuteMutation mutation UpsertUserAssignment: succeeded. Connector: default
I0910 17:22:20.513461   91897 execute.go:57] Database ping is quick (likely cached), took 80.25µs
I0910 17:22:20.513995   91897 engine.go:216] [projects/emulator/locations/emulator/services/uiuc-cmind 127c] ExecuteMutation mutation UpsertUserAssignment: succeeded. Connector: default
I0910 17:22:20.515532   91897 execute.go:57] Database ping is quick (likely cached), took 118.75µs
I0910 17:22:20.516128   91897 engine.go:216] [projects/emulator/locations/emulator/services/uiuc-cmind 127c] ExecuteMutation mutation UpsertUserAssignment: succeeded. Connector: default
I0910 17:22:20.516442   91897 execute.go:57] Database ping is quick (likely cached), took 85.583µs
I0910 17:22:20.517423   91897 engine.go:216] [projects/emulator/locations/emulator/services/uiuc-cmind 127c] ExecuteMutation mutation UpsertUserAssignment: succeeded. Connector: default
I0910 17:22:20.517797   91897 execute.go:57] Database ping is quick (likely cached), took 133.5µs
I0910 17:22:20.518643   91897 engine.go:216] [projects/emulator/locations/emulator/services/uiuc-cmind 127c] ExecuteMutation mutation UpsertUserAssignment: succeeded. Connector: default
I0910 17:22:20.518962   91897 execute.go:57] Database ping is quick (likely cached), took 92.75µs
I0910 17:22:20.519486   91897 engine.go:216] [projects/emulator/locations/emulator/services/uiuc-cmind 127c] ExecuteMutation mutation UpsertUserAssignment: succeeded. Connector: default
I0910 17:22:20.519826   91897 execute.go:57] Database ping is quick (likely cached), took 118.416µs
I0910 17:22:20.520463   91897 engine.go:216] [projects/emulator/locations/emulator/services/uiuc-cmind 127c] ExecuteMutation mutation UpsertUserAssignment: succeeded. Connector: default
I0910 17:22:20.520868   91897 execute.go:57] Database ping is quick (likely cached), took 108.667µs
I0910 17:22:20.521518   91897 engine.go:216] [projects/emulator/locations/emulator/services/uiuc-cmind 127c] ExecuteMutation mutation UpsertUserAssignment: succeeded. Connector: default
I0910 17:22:20.521900   91897 execute.go:57] Database ping is quick (likely cached), took 113.125µs
I0910 17:22:20.522578   91897 engine.go:216] [projects/emulator/locations/emulator/services/uiuc-cmind 127c] ExecuteMutation mutation UpsertUserAssignment: succeeded. Connector: default
I0910 17:22:20.522963   91897 execute.go:57] Database ping is quick (likely cached), took 90.583µs
I0910 17:22:20.523600   91897 engine.go:216] [projects/emulator/locations/emulator/services/uiuc-cmind 127c] ExecuteMutation mutation UpsertUserAssignment: succeeded. Connector: default
I0910 17:22:20.524038   91897 execute.go:57] Database ping is quick (likely cached), took 123.209µs
I0910 17:22:20.524622   91897 engine.go:216] [projects/emulator/locations/emulator/services/uiuc-cmind 127c] ExecuteMutation mutation UpsertUserAssignment: succeeded. Connector: default
I0910 17:22:20.525013   91897 execute.go:57] Database ping is quick (likely cached), took 113.917µs
I0910 17:22:20.525592   91897 engine.go:216] [projects/emulator/locations/emulator/services/uiuc-cmind 127c] ExecuteMutation mutation UpsertUserAssignment: succeeded. Connector: default
I0910 17:22:20.526013   91897 execute.go:57] Database ping is quick (likely cached), took 111.291µs
I0910 17:22:20.526932   91897 engine.go:216] [projects/emulator/locations/emulator/services/uiuc-cmind 127c] ExecuteMutation mutation UpsertUserAssignment: succeeded. Connector: default
I0910 17:22:20.527334   91897 execute.go:57] Database ping is quick (likely cached), took 87.417µs
I0910 17:22:20.527944   91897 engine.go:216] [projects/emulator/locations/emulator/services/uiuc-cmind 127c] ExecuteMutation mutation UpsertUserAssignment: succeeded. Connector: default
I0910 17:22:20.528346   91897 execute.go:57] Database ping is quick (likely cached), took 167.333µs
I0910 17:22:20.529071   91897 engine.go:216] [projects/emulator/locations/emulator/services/uiuc-cmind 127c] ExecuteMutation mutation UpsertUserAssignment: succeeded. Connector: default
I0910 17:22:20.530436   91897 execute.go:57] Database ping is quick (likely cached), took 366.792µs
I0910 17:22:20.531083   91897 engine.go:216] [projects/emulator/locations/emulator/services/uiuc-cmind 127c] ExecuteMutation mutation UpsertUserAssignment: succeeded. Connector: default
I0910 17:22:20.531518   91897 execute.go:57] Database ping is quick (likely cached), took 102.833µs
I0910 17:22:20.532440   91897 engine.go:216] [projects/emulator/locations/emulator/services/uiuc-cmind 127c] ExecuteMutation mutation UpsertUserAssignment: succeeded. Connector: default
I0910 17:22:20.532978   91897 execute.go:57] Database ping is quick (likely cached), took 142.042µs
I0910 17:22:20.533993   91897 engine.go:216] [projects/emulator/locations/emulator/services/uiuc-cmind 127c] ExecuteMutation mutation UpsertUserAssignment: succeeded. Connector: default
I0910 17:22:20.534362   91897 execute.go:57] Database ping is quick (likely cached), took 109.75µs
I0910 17:22:20.535075   91897 engine.go:216] [projects/emulator/locations/emulator/services/uiuc-cmind 127c] ExecuteMutation mutation UpsertUserAssignment: succeeded. Connector: default
I0910 17:22:20.535445   91897 execute.go:57] Database ping is quick (likely cached), took 135.916µs
I0910 17:22:20.536600   91897 engine.go:216] [projects/emulator/locations/emulator/services/uiuc-cmind 127c] ExecuteMutation mutation UpsertUserAssignment: succeeded. Connector: default
I0910 17:22:20.537100   91897 execute.go:57] Database ping is quick (likely cached), took 259.292µs
I0910 17:22:20.537797   91897 engine.go:216] [projects/emulator/locations/emulator/services/uiuc-cmind 127c] ExecuteMutation mutation UpsertUserAssignment: succeeded. Connector: default
I0910 17:22:20.538181   91897 execute.go:57] Database ping is quick (likely cached), took 114.167µs
I0910 17:22:20.538927   91897 engine.go:216] [projects/emulator/locations/emulator/services/uiuc-cmind 127c] ExecuteMutation mutation UpsertUserAssignment: succeeded. Connector: default
I0910 17:22:20.539303   91897 execute.go:57] Database ping is quick (likely cached), took 95.959µs
I0910 17:22:20.539910   91897 engine.go:216] [projects/emulator/locations/emulator/services/uiuc-cmind 127c] ExecuteMutation mutation UpsertUserAssignment: succeeded. Connector: default
I0910 17:22:20.540429   91897 execute.go:57] Database ping is quick (likely cached), took 142.917µs
I0910 17:22:20.541305   91897 engine.go:216] [projects/emulator/locations/emulator/services/uiuc-cmind 127c] ExecuteMutation mutation UpsertUserAssignment: succeeded. Connector: default
I0910 17:22:20.541755   91897 execute.go:57] Database ping is quick (likely cached), took 115.125µs
I0910 17:22:20.542610   91897 engine.go:216] [projects/emulator/locations/emulator/services/uiuc-cmind 127c] ExecuteMutation mutation UpsertUserAssignment: succeeded. Connector: default
I0910 17:22:20.542978   91897 execute.go:57] Database ping is quick (likely cached), took 116.666µs
I0910 17:22:20.543626   91897 engine.go:216] [projects/emulator/locations/emulator/services/uiuc-cmind 127c] ExecuteMutation mutation UpsertUserAssignment: succeeded. Connector: default
I0910 17:22:20.544461   91897 execute.go:57] Database ping is quick (likely cached), took 199.208µs
I0910 17:22:20.545169   91897 engine.go:216] [projects/emulator/locations/emulator/services/uiuc-cmind 127c] ExecuteMutation mutation UpsertUserAssignment: succeeded. Connector: default
I0910 17:22:20.545528   91897 execute.go:57] Database ping is quick (likely cached), took 87.583µs
I0910 17:22:20.546138   91897 engine.go:216] [projects/emulator/locations/emulator/services/uiuc-cmind 127c] ExecuteMutation mutation UpsertUserAssignment: succeeded. Connector: default
I0910 17:22:20.546481   91897 execute.go:57] Database ping is quick (likely cached), took 91.292µs
I0910 17:22:20.547274   91897 engine.go:216] [projects/emulator/locations/emulator/services/uiuc-cmind 127c] ExecuteMutation mutation UpsertUserAssignment: succeeded. Connector: default
I0910 17:22:20.547602   91897 execute.go:57] Database ping is quick (likely cached), took 90.334µs
I0910 17:22:20.548174   91897 engine.go:216] [projects/emulator/locations/emulator/services/uiuc-cmind 127c] ExecuteMutation mutation UpsertUserAssignment: succeeded. Connector: default
I0910 17:22:20.548495   91897 execute.go:57] Database ping is quick (likely cached), took 94.709µs
I0910 17:22:20.549205   91897 engine.go:216] [projects/emulator/locations/emulator/services/uiuc-cmind 127c] ExecuteMutation mutation UpsertUserAssignment: succeeded. Connector: default
I0910 17:22:20.549621   91897 execute.go:57] Database ping is quick (likely cached), took 132.375µs
I0910 17:22:20.550289   91897 engine.go:216] [projects/emulator/locations/emulator/services/uiuc-cmind 127c] ExecuteMutation mutation UpsertUserAssignment: succeeded. Connector: default
I0910 17:22:20.550678   91897 execute.go:57] Database ping is quick (likely cached), took 114.667µs
I0910 17:22:20.551302   91897 engine.go:216] [projects/emulator/locations/emulator/services/uiuc-cmind 127c] ExecuteMutation mutation UpsertUserAssignment: succeeded. Connector: default
I0910 17:22:20.551669   91897 execute.go:57] Database ping is quick (likely cached), took 96.792µs
I0910 17:22:20.552219   91897 engine.go:216] [projects/emulator/locations/emulator/services/uiuc-cmind 127c] ExecuteMutation mutation UpsertUserAssignment: succeeded. Connector: default
I0910 17:22:20.552544   91897 execute.go:57] Database ping is quick (likely cached), took 93.291µs
I0910 17:22:20.553243   91897 engine.go:216] [projects/emulator/locations/emulator/services/uiuc-cmind 127c] ExecuteMutation mutation UpsertUserAssignment: succeeded. Connector: default
I0910 17:22:20.553599   91897 execute.go:57] Database ping is quick (likely cached), took 90.209µs
I0910 17:22:20.554334   91897 engine.go:216] [projects/emulator/locations/emulator/services/uiuc-cmind 127c] ExecuteMutation mutation UpsertUserAssignment: succeeded. Connector: default
I0910 17:22:20.554688   91897 execute.go:57] Database ping is quick (likely cached), took 114µs
I0910 17:22:20.555658   91897 engine.go:216] [projects/emulator/locations/emulator/services/uiuc-cmind 127c] ExecuteMutation mutation UpsertUserAssignment: succeeded. Connector: default
I0910 17:22:20.556097   91897 execute.go:57] Database ping is quick (likely cached), took 96.792µs
I0910 17:22:20.557343   91897 engine.go:216] [projects/emulator/locations/emulator/services/uiuc-cmind 127c] ExecuteMutation mutation UpsertUserAssignment: succeeded. Connector: default
I0910 17:22:20.557814   91897 execute.go:57] Database ping is quick (likely cached), took 104.417µs
I0910 17:22:20.558978   91897 engine.go:216] [projects/emulator/locations/emulator/services/uiuc-cmind 127c] ExecuteMutation mutation UpsertUserAssignment: succeeded. Connector: default
I0910 17:22:20.559310   91897 execute.go:57] Database ping is quick (likely cached), took 85.542µs
I0910 17:22:20.560141   91897 engine.go:216] [projects/emulator/locations/emulator/services/uiuc-cmind 127c] ExecuteMutation mutation UpsertUserAssignment: succeeded. Connector: default
I0910 17:22:20.560548   91897 execute.go:57] Database ping is quick (likely cached), took 102.208µs
I0910 17:22:20.561138   91897 engine.go:216] [projects/emulator/locations/emulator/services/uiuc-cmind 127c] ExecuteMutation mutation UpsertUserAssignment: succeeded. Connector: default
I0910 17:22:20.561473   91897 execute.go:57] Database ping is quick (likely cached), took 91.333µs
I0910 17:22:20.562105   91897 engine.go:216] [projects/emulator/locations/emulator/services/uiuc-cmind 127c] ExecuteMutation mutation UpsertUserAssignment: succeeded. Connector: default
I0910 17:22:20.562437   91897 execute.go:57] Database ping is quick (likely cached), took 81.5µs
I0910 17:22:20.563037   91897 engine.go:216] [projects/emulator/locations/emulator/services/uiuc-cmind 127c] ExecuteMutation mutation UpsertUserAssignment: succeeded. Connector: default
I0910 17:22:20.563358   91897 execute.go:57] Database ping is quick (likely cached), took 98.75µs
I0910 17:22:20.563836   91897 engine.go:216] [projects/emulator/locations/emulator/services/uiuc-cmind 127c] ExecuteMutation mutation UpsertUserAssignment: succeeded. Connector: default
I0910 17:22:20.564161   91897 execute.go:57] Database ping is quick (likely cached), took 80.667µs
I0910 17:22:20.565029   91897 engine.go:216] [projects/emulator/locations/emulator/services/uiuc-cmind 127c] ExecuteMutation mutation UpsertUserAssignment: succeeded. Connector: default
I0910 17:22:20.565343   91897 execute.go:57] Database ping is quick (likely cached), took 81.042µs
I0910 17:22:20.565893   91897 engine.go:216] [projects/emulator/locations/emulator/services/uiuc-cmind 127c] ExecuteMutation mutation UpsertUserAssignment: succeeded. Connector: default
I0910 17:22:20.566201   91897 execute.go:57] Database ping is quick (likely cached), took 88.708µs
I0910 17:22:20.566789   91897 engine.go:216] [projects/emulator/locations/emulator/services/uiuc-cmind 127c] ExecuteMutation mutation UpsertUserAssignment: succeeded. Connector: default
I0910 17:22:20.567140   91897 execute.go:57] Database ping is quick (likely cached), took 96.084µs
I0910 17:22:20.567656   91897 engine.go:216] [projects/emulator/locations/emulator/services/uiuc-cmind 127c] ExecuteMutation mutation UpsertUserAssignment: succeeded. Connector: default
I0910 17:22:20.568775   91897 execute.go:57] Database ping is quick (likely cached), took 434µs
I0910 17:22:20.569355   91897 engine.go:216] [projects/emulator/locations/emulator/services/uiuc-cmind 127c] ExecuteMutation mutation UpsertUserAssignment: succeeded. Connector: default
I0910 17:22:20.569720   91897 execute.go:57] Database ping is quick (likely cached), took 121.625µs
I0910 17:22:20.570273   91897 engine.go:216] [projects/emulator/locations/emulator/services/uiuc-cmind 127c] ExecuteMutation mutation UpsertUserAssignment: succeeded. Connector: default
I0910 17:22:20.570653   91897 execute.go:57] Database ping is quick (likely cached), took 91.125µs
I0910 17:22:20.571276   91897 engine.go:216] [projects/emulator/locations/emulator/services/uiuc-cmind 127c] ExecuteMutation mutation UpsertUserAssignment: succeeded. Connector: default
I0910 17:22:20.571604   91897 execute.go:57] Database ping is quick (likely cached), took 89.75µs
I0910 17:22:20.572156   91897 engine.go:216] [projects/emulator/locations/emulator/services/uiuc-cmind 127c] ExecuteMutation mutation UpsertUserAssignment: succeeded. Connector: default
I0910 17:22:20.572495   91897 execute.go:57] Database ping is quick (likely cached), took 91.292µs
I0910 17:22:20.573258   91897 engine.go:216] [projects/emulator/locations/emulator/services/uiuc-cmind 127c] ExecuteMutation mutation UpsertUserAssignment: succeeded. Connector: default
I0910 17:22:20.573593   91897 execute.go:57] Database ping is quick (likely cached), took 83.25µs
I0910 17:22:20.574079   91897 engine.go:216] [projects/emulator/locations/emulator/services/uiuc-cmind 127c] ExecuteMutation mutation UpsertUserAssignment: succeeded. Connector: default
I0910 17:22:20.574386   91897 execute.go:57] Database ping is quick (likely cached), took 90.208µs
I0910 17:22:20.574900   91897 engine.go:216] [projects/emulator/locations/emulator/services/uiuc-cmind 127c] ExecuteMutation mutation UpsertUserAssignment: succeeded. Connector: default
I0910 17:22:20.575215   91897 execute.go:57] Database ping is quick (likely cached), took 89.416µs
I0910 17:22:20.575730   91897 engine.go:216] [projects/emulator/locations/emulator/services/uiuc-cmind 127c] ExecuteMutation mutation UpsertUserAssignment: succeeded. Connector: default
I0910 17:22:26.480729   91897 execute.go:57] Database ping is quick (likely cached), took 1.047417ms
I0910 17:22:26.483469   91897 engine.go:216] [projects/emulator/locations/emulator/services/uiuc-cmind 127c] ExecuteMutation mutation UpsertCourse: succeeded. Connector: default
I0910 17:22:26.483896   91897 execute.go:57] Database ping is quick (likely cached), took 354.875µs
I0910 17:22:26.485597   91897 engine.go:216] [projects/emulator/locations/emulator/services/uiuc-cmind 127c] ExecuteMutation mutation UpsertCourse: succeeded. Connector: default
I0910 17:22:26.486241   91897 execute.go:57] Database ping is quick (likely cached), took 575.667µs
I0910 17:22:26.490420   91897 engine.go:216] [projects/emulator/locations/emulator/services/uiuc-cmind 127c] ExecuteMutation mutation UpsertCourse: succeeded. Connector: default
I0910 17:22:26.491101   91897 execute.go:57] Database ping is quick (likely cached), took 543.333µs
I0910 17:22:26.493205   91897 engine.go:216] [projects/emulator/locations/emulator/services/uiuc-cmind 127c] ExecuteMutation mutation UpsertCourse: succeeded. Connector: default
I0910 17:22:26.493773   91897 execute.go:57] Database ping is quick (likely cached), took 475.417µs
I0910 17:22:26.496097   91897 engine.go:216] [projects/emulator/locations/emulator/services/uiuc-cmind 127c] ExecuteMutation mutation UpsertCourse: succeeded. Connector: default
I0910 17:22:26.497205   91897 execute.go:57] Database ping is quick (likely cached), took 326.667µs
I0910 17:22:26.498651   91897 engine.go:216] [projects/emulator/locations/emulator/services/uiuc-cmind 127c] ExecuteMutation mutation AddEnrollment: succeeded. Connector: default
I0910 17:22:26.499779   91897 execute.go:57] Database ping is quick (likely cached), took 200.458µs
I0910 17:22:26.500660   91897 engine.go:216] [projects/emulator/locations/emulator/services/uiuc-cmind 127c] ExecuteMutation mutation AddEnrollment: succeeded. Connector: default
I0910 17:22:26.501909   91897 execute.go:57] Database ping is quick (likely cached), took 763.291µs
I0910 17:22:26.502861   91897 engine.go:216] [projects/emulator/locations/emulator/services/uiuc-cmind 127c] ExecuteMutation mutation AddEnrollment: succeeded. Connector: default
I0910 17:22:26.503314   91897 execute.go:57] Database ping is quick (likely cached), took 131.292µs
I0910 17:22:26.504032   91897 engine.go:216] [projects/emulator/locations/emulator/services/uiuc-cmind 127c] ExecuteMutation mutation AddEnrollment: succeeded. Connector: default
I0910 17:22:26.504507   91897 execute.go:57] Database ping is quick (likely cached), took 159.291µs
I0910 17:22:26.505391   91897 engine.go:216] [projects/emulator/locations/emulator/services/uiuc-cmind 127c] ExecuteMutation mutation AddEnrollment: succeeded. Connector: default
I0910 17:22:26.507865   91897 execute.go:57] Database ping is quick (likely cached), took 305.792µs
I0910 17:22:26.508799   91897 engine.go:216] [projects/emulator/locations/emulator/services/uiuc-cmind 127c] ExecuteMutation mutation UpsertAssignment: succeeded. Connector: default
I0910 17:22:26.509011   91897 execute.go:57] Database ping is quick (likely cached), took 167.625µs
I0910 17:22:26.509697   91897 engine.go:216] [projects/emulator/locations/emulator/services/uiuc-cmind 127c] ExecuteMutation mutation UpsertAssignment: succeeded. Connector: default
I0910 17:22:26.509884   91897 execute.go:57] Database ping is quick (likely cached), took 152.209µs
I0910 17:22:26.510593   91897 engine.go:216] [projects/emulator/locations/emulator/services/uiuc-cmind 127c] ExecuteMutation mutation UpsertAssignment: succeeded. Connector: default
I0910 17:22:26.510761   91897 execute.go:57] Database ping is quick (likely cached), took 129.584µs
I0910 17:22:26.511413   91897 engine.go:216] [projects/emulator/locations/emulator/services/uiuc-cmind 127c] ExecuteMutation mutation UpsertAssignment: succeeded. Connector: default
I0910 17:22:26.511680   91897 execute.go:57] Database ping is quick (likely cached), took 243.625µs
I0910 17:22:26.512273   91897 engine.go:216] [projects/emulator/locations/emulator/services/uiuc-cmind 127c] ExecuteMutation mutation UpsertAssignment: succeeded. Connector: default
I0910 17:22:26.512421   91897 execute.go:57] Database ping is quick (likely cached), took 115.75µs
I0910 17:22:26.513024   91897 engine.go:216] [projects/emulator/locations/emulator/services/uiuc-cmind 127c] ExecuteMutation mutation UpsertAssignment: succeeded. Connector: default
I0910 17:22:26.513312   91897 execute.go:57] Database ping is quick (likely cached), took 259.459µs
I0910 17:22:26.513914   91897 engine.go:216] [projects/emulator/locations/emulator/services/uiuc-cmind 127c] ExecuteMutation mutation UpsertAssignment: succeeded. Connector: default
I0910 17:22:26.514128   91897 execute.go:57] Database ping is quick (likely cached), took 187.75µs
I0910 17:22:26.514731   91897 engine.go:216] [projects/emulator/locations/emulator/services/uiuc-cmind 127c] ExecuteMutation mutation UpsertAssignment: succeeded. Connector: default
I0910 17:22:26.515103   91897 execute.go:57] Database ping is quick (likely cached), took 332µs
I0910 17:22:26.515799   91897 engine.go:216] [projects/emulator/locations/emulator/services/uiuc-cmind 127c] ExecuteMutation mutation UpsertAssignment: succeeded. Connector: default
I0910 17:22:26.516069   91897 execute.go:57] Database ping is quick (likely cached), took 232.875µs
I0910 17:22:26.516785   91897 engine.go:216] [projects/emulator/locations/emulator/services/uiuc-cmind 127c] ExecuteMutation mutation UpsertAssignment: succeeded. Connector: default
I0910 17:22:26.516974   91897 execute.go:57] Database ping is quick (likely cached), took 138.25µs
I0910 17:22:26.517593   91897 engine.go:216] [projects/emulator/locations/emulator/services/uiuc-cmind 127c] ExecuteMutation mutation UpsertAssignment: succeeded. Connector: default
I0910 17:22:26.517862   91897 execute.go:57] Database ping is quick (likely cached), took 237.5µs
I0910 17:22:26.518527   91897 engine.go:216] [projects/emulator/locations/emulator/services/uiuc-cmind 127c] ExecuteMutation mutation UpsertAssignment: succeeded. Connector: default
I0910 17:22:26.518865   91897 execute.go:57] Database ping is quick (likely cached), took 300.916µs
I0910 17:22:26.521087   91897 engine.go:216] [projects/emulator/locations/emulator/services/uiuc-cmind 127c] ExecuteMutation mutation UpsertAssignment: succeeded. Connector: default
I0910 17:22:26.521705   91897 execute.go:57] Database ping is quick (likely cached), took 523.709µs
I0910 17:22:26.523875   91897 engine.go:216] [projects/emulator/locations/emulator/services/uiuc-cmind 127c] ExecuteMutation mutation UpsertAssignment: succeeded. Connector: default
I0910 17:22:26.524508   91897 execute.go:57] Database ping is quick (likely cached), took 553.541µs
I0910 17:22:26.526266   91897 engine.go:216] [projects/emulator/locations/emulator/services/uiuc-cmind 127c] ExecuteMutation mutation UpsertAssignment: succeeded. Connector: default
I0910 17:22:26.528065   91897 execute.go:57] Database ping is quick (likely cached), took 1.713875ms
I0910 17:22:26.529810   91897 engine.go:216] [projects/emulator/locations/emulator/services/uiuc-cmind 127c] ExecuteMutation mutation UpsertAssignment: succeeded. Connector: default
I0910 17:22:26.530177   91897 execute.go:57] Database ping is quick (likely cached), took 312.5µs
I0910 17:22:26.531954   91897 engine.go:216] [projects/emulator/locations/emulator/services/uiuc-cmind 127c] ExecuteMutation mutation UpsertAssignment: succeeded. Connector: default
I0910 17:22:26.532401   91897 execute.go:57] Database ping is quick (likely cached), took 400.875µs
I0910 17:22:26.533250   91897 engine.go:216] [projects/emulator/locations/emulator/services/uiuc-cmind 127c] ExecuteMutation mutation UpsertAssignment: succeeded. Connector: default
I0910 17:22:26.533462   91897 execute.go:57] Database ping is quick (likely cached), took 149.667µs
I0910 17:22:26.534715   91897 engine.go:216] [projects/emulator/locations/emulator/services/uiuc-cmind 127c] ExecuteMutation mutation UpsertAssignment: succeeded. Connector: default
I0910 17:22:26.534901   91897 execute.go:57] Database ping is quick (likely cached), took 146.833µs
I0910 17:22:26.535974   91897 engine.go:216] [projects/emulator/locations/emulator/services/uiuc-cmind 127c] ExecuteMutation mutation UpsertAssignment: succeeded. Connector: default
I0910 17:22:26.536162   91897 execute.go:57] Database ping is quick (likely cached), took 154.25µs
I0910 17:22:26.537287   91897 engine.go:216] [projects/emulator/locations/emulator/services/uiuc-cmind 127c] ExecuteMutation mutation UpsertAssignment: succeeded. Connector: default
I0910 17:22:26.537493   91897 execute.go:57] Database ping is quick (likely cached), took 166.916µs
I0910 17:22:26.538512   91897 engine.go:216] [projects/emulator/locations/emulator/services/uiuc-cmind 127c] ExecuteMutation mutation UpsertAssignment: succeeded. Connector: default
I0910 17:22:26.538726   91897 execute.go:57] Database ping is quick (likely cached), took 180.958µs
I0910 17:22:26.539807   91897 engine.go:216] [projects/emulator/locations/emulator/services/uiuc-cmind 127c] ExecuteMutation mutation UpsertAssignment: succeeded. Connector: default
I0910 17:22:26.539997   91897 execute.go:57] Database ping is quick (likely cached), took 154µs
I0910 17:22:26.541076   91897 engine.go:216] [projects/emulator/locations/emulator/services/uiuc-cmind 127c] ExecuteMutation mutation UpsertAssignment: succeeded. Connector: default
I0910 17:22:26.541303   91897 execute.go:57] Database ping is quick (likely cached), took 193µs
I0910 17:22:26.542657   91897 engine.go:216] [projects/emulator/locations/emulator/services/uiuc-cmind 127c] ExecuteMutation mutation UpsertAssignment: succeeded. Connector: default
I0910 17:22:26.543159   91897 execute.go:57] Database ping is quick (likely cached), took 424.5µs
I0910 17:22:26.544325   91897 engine.go:216] [projects/emulator/locations/emulator/services/uiuc-cmind 127c] ExecuteMutation mutation UpsertAssignment: succeeded. Connector: default
I0910 17:22:26.545394   91897 execute.go:57] Database ping is quick (likely cached), took 1.002375ms
I0910 17:22:26.547366   91897 engine.go:216] [projects/emulator/locations/emulator/services/uiuc-cmind 127c] ExecuteMutation mutation UpsertAssignment: succeeded. Connector: default
I0910 17:22:26.547665   91897 execute.go:57] Database ping is quick (likely cached), took 240.042µs
I0910 17:22:26.548829   91897 engine.go:216] [projects/emulator/locations/emulator/services/uiuc-cmind 127c] ExecuteMutation mutation UpsertAssignment: succeeded. Connector: default
I0910 17:22:26.549053   91897 execute.go:57] Database ping is quick (likely cached), took 186.375µs
I0910 17:22:26.550702   91897 engine.go:216] [projects/emulator/locations/emulator/services/uiuc-cmind 127c] ExecuteMutation mutation UpsertAssignment: succeeded. Connector: default
I0910 17:22:26.550915   91897 execute.go:57] Database ping is quick (likely cached), took 140.917µs
I0910 17:22:26.552447   91897 engine.go:216] [projects/emulator/locations/emulator/services/uiuc-cmind 127c] ExecuteMutation mutation UpsertAssignment: succeeded. Connector: default
I0910 17:22:26.552640   91897 execute.go:57] Database ping is quick (likely cached), took 160.542µs
I0910 17:22:26.553598   91897 engine.go:216] [projects/emulator/locations/emulator/services/uiuc-cmind 127c] ExecuteMutation mutation UpsertAssignment: succeeded. Connector: default
I0910 17:22:26.553790   91897 execute.go:57] Database ping is quick (likely cached), took 153.292µs
I0910 17:22:26.554898   91897 engine.go:216] [projects/emulator/locations/emulator/services/uiuc-cmind 127c] ExecuteMutation mutation UpsertAssignment: succeeded. Connector: default
I0910 17:22:26.555070   91897 execute.go:57] Database ping is quick (likely cached), took 135.375µs
I0910 17:22:26.556228   91897 engine.go:216] [projects/emulator/locations/emulator/services/uiuc-cmind 127c] ExecuteMutation mutation UpsertAssignment: succeeded. Connector: default
I0910 17:22:26.556413   91897 execute.go:57] Database ping is quick (likely cached), took 153.833µs
I0910 17:22:26.557316   91897 engine.go:216] [projects/emulator/locations/emulator/services/uiuc-cmind 127c] ExecuteMutation mutation UpsertAssignment: succeeded. Connector: default
I0910 17:22:26.557462   91897 execute.go:57] Database ping is quick (likely cached), took 116.084µs
I0910 17:22:26.558426   91897 engine.go:216] [projects/emulator/locations/emulator/services/uiuc-cmind 127c] ExecuteMutation mutation UpsertAssignment: succeeded. Connector: default
I0910 17:22:26.558630   91897 execute.go:57] Database ping is quick (likely cached), took 175.167µs
I0910 17:22:26.559599   91897 engine.go:216] [projects/emulator/locations/emulator/services/uiuc-cmind 127c] ExecuteMutation mutation UpsertAssignment: succeeded. Connector: default
I0910 17:22:26.559768   91897 execute.go:57] Database ping is quick (likely cached), took 137.541µs
I0910 17:22:26.560623   91897 engine.go:216] [projects/emulator/locations/emulator/services/uiuc-cmind 127c] ExecuteMutation mutation UpsertAssignment: succeeded. Connector: default
I0910 17:22:26.561080   91897 execute.go:57] Database ping is quick (likely cached), took 429.125µs
I0910 17:22:26.561837   91897 engine.go:216] [projects/emulator/locations/emulator/services/uiuc-cmind 127c] ExecuteMutation mutation UpsertAssignment: succeeded. Connector: default
I0910 17:22:26.562005   91897 execute.go:57] Database ping is quick (likely cached), took 135.375µs
I0910 17:22:26.562884   91897 engine.go:216] [projects/emulator/locations/emulator/services/uiuc-cmind 127c] ExecuteMutation mutation UpsertAssignment: succeeded. Connector: default
I0910 17:22:26.563074   91897 execute.go:57] Database ping is quick (likely cached), took 157.708µs
I0910 17:22:26.563947   91897 engine.go:216] [projects/emulator/locations/emulator/services/uiuc-cmind 127c] ExecuteMutation mutation UpsertAssignment: succeeded. Connector: default
I0910 17:22:26.564111   91897 execute.go:57] Database ping is quick (likely cached), took 136.791µs
I0910 17:22:26.565027   91897 engine.go:216] [projects/emulator/locations/emulator/services/uiuc-cmind 127c] ExecuteMutation mutation UpsertAssignment: succeeded. Connector: default
I0910 17:22:26.565638   91897 execute.go:57] Database ping is quick (likely cached), took 576.25µs
I0910 17:22:26.566514   91897 engine.go:216] [projects/emulator/locations/emulator/services/uiuc-cmind 127c] ExecuteMutation mutation UpsertAssignment: succeeded. Connector: default
I0910 17:22:26.566689   91897 execute.go:57] Database ping is quick (likely cached), took 144.458µs
I0910 17:22:26.567637   91897 engine.go:216] [projects/emulator/locations/emulator/services/uiuc-cmind 127c] ExecuteMutation mutation UpsertAssignment: succeeded. Connector: default
I0910 17:22:26.567816   91897 execute.go:57] Database ping is quick (likely cached), took 143.542µs
I0910 17:22:26.568706   91897 engine.go:216] [projects/emulator/locations/emulator/services/uiuc-cmind 127c] ExecuteMutation mutation UpsertAssignment: succeeded. Connector: default
I0910 17:22:26.568879   91897 execute.go:57] Database ping is quick (likely cached), took 136.375µs
I0910 17:22:26.569752   91897 engine.go:216] [projects/emulator/locations/emulator/services/uiuc-cmind 127c] ExecuteMutation mutation UpsertAssignment: succeeded. Connector: default
I0910 17:22:26.570363   91897 execute.go:57] Database ping is quick (likely cached), took 582.167µs
I0910 17:22:26.571077   91897 engine.go:216] [projects/emulator/locations/emulator/services/uiuc-cmind 127c] ExecuteMutation mutation UpsertAssignment: succeeded. Connector: default
I0910 17:22:26.571473   91897 execute.go:57] Database ping is quick (likely cached), took 322.542µs
I0910 17:22:26.572171   91897 engine.go:216] [projects/emulator/locations/emulator/services/uiuc-cmind 127c] ExecuteMutation mutation UpsertAssignment: succeeded. Connector: default
I0910 17:22:26.572335   91897 execute.go:57] Database ping is quick (likely cached), took 124.75µs
I0910 17:22:26.573394   91897 engine.go:216] [projects/emulator/locations/emulator/services/uiuc-cmind 127c] ExecuteMutation mutation UpsertAssignment: succeeded. Connector: default
I0910 17:22:26.573840   91897 execute.go:57] Database ping is quick (likely cached), took 416.417µs
I0910 17:22:26.574584   91897 engine.go:216] [projects/emulator/locations/emulator/services/uiuc-cmind 127c] ExecuteMutation mutation UpsertAssignment: succeeded. Connector: default
I0910 17:22:26.575231   91897 execute.go:57] Database ping is quick (likely cached), took 594.833µs
I0910 17:22:26.575958   91897 engine.go:216] [projects/emulator/locations/emulator/services/uiuc-cmind 127c] ExecuteMutation mutation UpsertAssignment: succeeded. Connector: default
I0910 17:22:26.576129   91897 execute.go:57] Database ping is quick (likely cached), took 120.375µs
I0910 17:22:26.577144   91897 engine.go:216] [projects/emulator/locations/emulator/services/uiuc-cmind 127c] ExecuteMutation mutation UpsertAssignment: succeeded. Connector: default
I0910 17:22:26.577488   91897 execute.go:57] Database ping is quick (likely cached), took 314.375µs
I0910 17:22:26.578258   91897 engine.go:216] [projects/emulator/locations/emulator/services/uiuc-cmind 127c] ExecuteMutation mutation UpsertAssignment: succeeded. Connector: default
I0910 17:22:26.578432   91897 execute.go:57] Database ping is quick (likely cached), took 145.459µs
I0910 17:22:26.579438   91897 engine.go:216] [projects/emulator/locations/emulator/services/uiuc-cmind 127c] ExecuteMutation mutation UpsertAssignment: succeeded. Connector: default
I0910 17:22:26.580018   91897 execute.go:57] Database ping is quick (likely cached), took 516.875µs
I0910 17:22:26.580698   91897 engine.go:216] [projects/emulator/locations/emulator/services/uiuc-cmind 127c] ExecuteMutation mutation UpsertAssignment: succeeded. Connector: default
I0910 17:22:26.581184   91897 execute.go:57] Database ping is quick (likely cached), took 443.041µs
I0910 17:22:26.581958   91897 engine.go:216] [projects/emulator/locations/emulator/services/uiuc-cmind 127c] ExecuteMutation mutation UpsertAssignment: succeeded. Connector: default
I0910 17:22:26.582360   91897 execute.go:57] Database ping is quick (likely cached), took 364.125µs
I0910 17:22:26.583142   91897 engine.go:216] [projects/emulator/locations/emulator/services/uiuc-cmind 127c] ExecuteMutation mutation UpsertAssignment: succeeded. Connector: default
I0910 17:22:26.583425   91897 execute.go:57] Database ping is quick (likely cached), took 245.084µs
I0910 17:22:26.584311   91897 engine.go:216] [projects/emulator/locations/emulator/services/uiuc-cmind 127c] ExecuteMutation mutation UpsertAssignment: succeeded. Connector: default
I0910 17:22:26.584964   91897 execute.go:57] Database ping is quick (likely cached), took 614.542µs
I0910 17:22:26.585654   91897 engine.go:216] [projects/emulator/locations/emulator/services/uiuc-cmind 127c] ExecuteMutation mutation UpsertAssignment: succeeded. Connector: default
I0910 17:22:26.586044   91897 execute.go:57] Database ping is quick (likely cached), took 354.667µs
I0910 17:22:26.586869   91897 engine.go:216] [projects/emulator/locations/emulator/services/uiuc-cmind 127c] ExecuteMutation mutation UpsertAssignment: succeeded. Connector: default
I0910 17:22:26.587088   91897 execute.go:57] Database ping is quick (likely cached), took 163.208µs
I0910 17:22:26.588044   91897 engine.go:216] [projects/emulator/locations/emulator/services/uiuc-cmind 127c] ExecuteMutation mutation UpsertAssignment: succeeded. Connector: default
I0910 17:22:26.588278   91897 execute.go:57] Database ping is quick (likely cached), took 206.417µs
I0910 17:22:26.589213   91897 engine.go:216] [projects/emulator/locations/emulator/services/uiuc-cmind 127c] ExecuteMutation mutation UpsertAssignment: succeeded. Connector: default
I0910 17:22:26.589369   91897 execute.go:57] Database ping is quick (likely cached), took 130.334µs
I0910 17:22:26.590381   91897 engine.go:216] [projects/emulator/locations/emulator/services/uiuc-cmind 127c] ExecuteMutation mutation UpsertAssignment: succeeded. Connector: default
I0910 17:22:26.590521   91897 execute.go:57] Database ping is quick (likely cached), took 105.75µs
I0910 17:22:26.591475   91897 engine.go:216] [projects/emulator/locations/emulator/services/uiuc-cmind 127c] ExecuteMutation mutation UpsertAssignment: succeeded. Connector: default
I0910 17:22:26.591641   91897 execute.go:57] Database ping is quick (likely cached), took 132.75µs
I0910 17:22:26.592631   91897 engine.go:216] [projects/emulator/locations/emulator/services/uiuc-cmind 127c] ExecuteMutation mutation UpsertAssignment: succeeded. Connector: default
I0910 17:22:26.592910   91897 execute.go:57] Database ping is quick (likely cached), took 247.667µs
I0910 17:22:26.594347   91897 engine.go:216] [projects/emulator/locations/emulator/services/uiuc-cmind 127c] ExecuteMutation mutation UpsertAssignment: succeeded. Connector: default
I0910 17:22:26.594596   91897 execute.go:57] Database ping is quick (likely cached), took 182.916µs
I0910 17:22:26.595704   91897 engine.go:216] [projects/emulator/locations/emulator/services/uiuc-cmind 127c] ExecuteMutation mutation UpsertAssignment: succeeded. Connector: default
I0910 17:22:26.595890   91897 execute.go:57] Database ping is quick (likely cached), took 158.458µs
I0910 17:22:26.596830   91897 engine.go:216] [projects/emulator/locations/emulator/services/uiuc-cmind 127c] ExecuteMutation mutation UpsertAssignment: succeeded. Connector: default
I0910 17:22:26.596987   91897 execute.go:57] Database ping is quick (likely cached), took 128.875µs
I0910 17:22:26.597886   91897 engine.go:216] [projects/emulator/locations/emulator/services/uiuc-cmind 127c] ExecuteMutation mutation UpsertAssignment: succeeded. Connector: default
I0910 17:22:26.598117   91897 execute.go:57] Database ping is quick (likely cached), took 173.958µs
I0910 17:22:26.599094   91897 engine.go:216] [projects/emulator/locations/emulator/services/uiuc-cmind 127c] ExecuteMutation mutation UpsertAssignment: succeeded. Connector: default
I0910 17:22:26.599245   91897 execute.go:57] Database ping is quick (likely cached), took 119.417µs
I0910 17:22:26.600312   91897 engine.go:216] [projects/emulator/locations/emulator/services/uiuc-cmind 127c] ExecuteMutation mutation UpsertAssignment: succeeded. Connector: default
I0910 17:22:26.600485   91897 execute.go:57] Database ping is quick (likely cached), took 142.916µs
I0910 17:22:26.601395   91897 engine.go:216] [projects/emulator/locations/emulator/services/uiuc-cmind 127c] ExecuteMutation mutation UpsertAssignment: succeeded. Connector: default
I0910 17:22:26.601566   91897 execute.go:57] Database ping is quick (likely cached), took 134.666µs
I0910 17:22:26.602444   91897 engine.go:216] [projects/emulator/locations/emulator/services/uiuc-cmind 127c] ExecuteMutation mutation UpsertAssignment: succeeded. Connector: default
I0910 17:22:26.602606   91897 execute.go:57] Database ping is quick (likely cached), took 125.959µs
I0910 17:22:26.603453   91897 engine.go:216] [projects/emulator/locations/emulator/services/uiuc-cmind 127c] ExecuteMutation mutation UpsertAssignment: succeeded. Connector: default
I0910 17:22:26.603667   91897 execute.go:57] Database ping is quick (likely cached), took 170.542µs
I0910 17:22:26.604716   91897 engine.go:216] [projects/emulator/locations/emulator/services/uiuc-cmind 127c] ExecuteMutation mutation UpsertAssignment: succeeded. Connector: default
I0910 17:22:26.604877   91897 execute.go:57] Database ping is quick (likely cached), took 132.209µs
I0910 17:22:26.605752   91897 engine.go:216] [projects/emulator/locations/emulator/services/uiuc-cmind 127c] ExecuteMutation mutation UpsertAssignment: succeeded. Connector: default
I0910 17:22:26.605910   91897 execute.go:57] Database ping is quick (likely cached), took 114µs
I0910 17:22:26.606835   91897 engine.go:216] [projects/emulator/locations/emulator/services/uiuc-cmind 127c] ExecuteMutation mutation UpsertAssignment: succeeded. Connector: default
I0910 17:22:26.607024   91897 execute.go:57] Database ping is quick (likely cached), took 150.875µs
I0910 17:22:26.607892   91897 engine.go:216] [projects/emulator/locations/emulator/services/uiuc-cmind 127c] ExecuteMutation mutation UpsertAssignment: succeeded. Connector: default
I0910 17:22:26.608094   91897 execute.go:57] Database ping is quick (likely cached), took 168.292µs
I0910 17:22:26.609155   91897 engine.go:216] [projects/emulator/locations/emulator/services/uiuc-cmind 127c] ExecuteMutation mutation UpsertAssignment: succeeded. Connector: default
I0910 17:22:26.609311   91897 execute.go:57] Database ping is quick (likely cached), took 133.708µs
I0910 17:22:26.610349   91897 engine.go:216] [projects/emulator/locations/emulator/services/uiuc-cmind 127c] ExecuteMutation mutation UpsertAssignment: succeeded. Connector: default
I0910 17:22:26.610546   91897 execute.go:57] Database ping is quick (likely cached), took 167.458µs
I0910 17:22:26.611441   91897 engine.go:216] [projects/emulator/locations/emulator/services/uiuc-cmind 127c] ExecuteMutation mutation UpsertAssignment: succeeded. Connector: default
I0910 17:22:26.611597   91897 execute.go:57] Database ping is quick (likely cached), took 132.833µs
I0910 17:22:26.612522   91897 engine.go:216] [projects/emulator/locations/emulator/services/uiuc-cmind 127c] ExecuteMutation mutation UpsertAssignment: succeeded. Connector: default
I0910 17:22:26.612692   91897 execute.go:57] Database ping is quick (likely cached), took 145.208µs
I0910 17:22:26.613740   91897 engine.go:216] [projects/emulator/locations/emulator/services/uiuc-cmind 127c] ExecuteMutation mutation UpsertAssignment: succeeded. Connector: default
I0910 17:22:26.613894   91897 execute.go:57] Database ping is quick (likely cached), took 124.416µs
I0910 17:22:26.614794   91897 engine.go:216] [projects/emulator/locations/emulator/services/uiuc-cmind 127c] ExecuteMutation mutation UpsertAssignment: succeeded. Connector: default
I0910 17:22:26.614982   91897 execute.go:57] Database ping is quick (likely cached), took 142.875µs
I0910 17:22:26.615881   91897 engine.go:216] [projects/emulator/locations/emulator/services/uiuc-cmind 127c] ExecuteMutation mutation UpsertAssignment: succeeded. Connector: default
I0910 17:22:26.616107   91897 execute.go:57] Database ping is quick (likely cached), took 197µs
I0910 17:22:26.617171   91897 engine.go:216] [projects/emulator/locations/emulator/services/uiuc-cmind 127c] ExecuteMutation mutation UpsertAssignment: succeeded. Connector: default
I0910 17:22:26.617351   91897 execute.go:57] Database ping is quick (likely cached), took 151.666µs
I0910 17:22:26.618405   91897 engine.go:216] [projects/emulator/locations/emulator/services/uiuc-cmind 127c] ExecuteMutation mutation UpsertAssignment: succeeded. Connector: default
I0910 17:22:26.618534   91897 execute.go:57] Database ping is quick (likely cached), took 98.833µs
I0910 17:22:26.619355   91897 engine.go:216] [projects/emulator/locations/emulator/services/uiuc-cmind 127c] ExecuteMutation mutation UpsertAssignment: succeeded. Connector: default
I0910 17:22:26.619499   91897 execute.go:57] Database ping is quick (likely cached), took 114.083µs
I0910 17:22:26.620442   91897 engine.go:216] [projects/emulator/locations/emulator/services/uiuc-cmind 127c] ExecuteMutation mutation UpsertAssignment: succeeded. Connector: default
I0910 17:22:26.620865   91897 execute.go:57] Database ping is quick (likely cached), took 389µs
I0910 17:22:26.621776   91897 engine.go:216] [projects/emulator/locations/emulator/services/uiuc-cmind 127c] ExecuteMutation mutation UpsertAssignment: succeeded. Connector: default
I0910 17:22:26.622061   91897 execute.go:57] Database ping is quick (likely cached), took 214.5µs
I0910 17:22:26.623094   91897 engine.go:216] [projects/emulator/locations/emulator/services/uiuc-cmind 127c] ExecuteMutation mutation UpsertAssignment: succeeded. Connector: default
I0910 17:22:26.623591   91897 execute.go:57] Database ping is quick (likely cached), took 457.375µs
I0910 17:22:26.624431   91897 engine.go:216] [projects/emulator/locations/emulator/services/uiuc-cmind 127c] ExecuteMutation mutation UpsertAssignment: succeeded. Connector: default
I0910 17:22:26.624641   91897 execute.go:57] Database ping is quick (likely cached), took 165.917µs
I0910 17:22:26.625679   91897 engine.go:216] [projects/emulator/locations/emulator/services/uiuc-cmind 127c] ExecuteMutation mutation UpsertAssignment: succeeded. Connector: default
I0910 17:22:26.626634   91897 execute.go:57] Database ping is quick (likely cached), took 217.75µs
I0910 17:22:26.627330   91897 engine.go:216] [projects/emulator/locations/emulator/services/uiuc-cmind 127c] ExecuteMutation mutation UpsertUserAssignment: succeeded. Connector: default
I0910 17:22:26.627934   91897 execute.go:57] Database ping is quick (likely cached), took 313.667µs
I0910 17:22:26.629042   91897 engine.go:216] [projects/emulator/locations/emulator/services/uiuc-cmind 127c] ExecuteMutation mutation UpsertUserAssignment: succeeded. Connector: default
I0910 17:22:26.629880   91897 execute.go:57] Database ping is quick (likely cached), took 356.125µs
I0910 17:22:26.630557   91897 engine.go:216] [projects/emulator/locations/emulator/services/uiuc-cmind 127c] ExecuteMutation mutation UpsertUserAssignment: succeeded. Connector: default
I0910 17:22:26.631128   91897 execute.go:57] Database ping is quick (likely cached), took 169.25µs
I0910 17:22:26.631756   91897 engine.go:216] [projects/emulator/locations/emulator/services/uiuc-cmind 127c] ExecuteMutation mutation UpsertUserAssignment: succeeded. Connector: default
I0910 17:22:26.632263   91897 execute.go:57] Database ping is quick (likely cached), took 275.25µs
I0910 17:22:26.632924   91897 engine.go:216] [projects/emulator/locations/emulator/services/uiuc-cmind 127c] ExecuteMutation mutation UpsertUserAssignment: succeeded. Connector: default
I0910 17:22:26.633529   91897 execute.go:57] Database ping is quick (likely cached), took 233.875µs
I0910 17:22:26.634127   91897 engine.go:216] [projects/emulator/locations/emulator/services/uiuc-cmind 127c] ExecuteMutation mutation UpsertUserAssignment: succeeded. Connector: default
I0910 17:22:26.634635   91897 execute.go:57] Database ping is quick (likely cached), took 196.459µs
I0910 17:22:26.635279   91897 engine.go:216] [projects/emulator/locations/emulator/services/uiuc-cmind 127c] ExecuteMutation mutation UpsertUserAssignment: succeeded. Connector: default
I0910 17:22:26.635917   91897 execute.go:57] Database ping is quick (likely cached), took 162.583µs
I0910 17:22:26.636570   91897 engine.go:216] [projects/emulator/locations/emulator/services/uiuc-cmind 127c] ExecuteMutation mutation UpsertUserAssignment: succeeded. Connector: default
I0910 17:22:26.637163   91897 execute.go:57] Database ping is quick (likely cached), took 120.125µs
I0910 17:22:26.637710   91897 engine.go:216] [projects/emulator/locations/emulator/services/uiuc-cmind 127c] ExecuteMutation mutation UpsertUserAssignment: succeeded. Connector: default
I0910 17:22:26.638265   91897 execute.go:57] Database ping is quick (likely cached), took 229.5µs
I0910 17:22:26.638875   91897 engine.go:216] [projects/emulator/locations/emulator/services/uiuc-cmind 127c] ExecuteMutation mutation UpsertUserAssignment: succeeded. Connector: default
I0910 17:22:26.639525   91897 execute.go:57] Database ping is quick (likely cached), took 299.583µs
I0910 17:22:26.640341   91897 engine.go:216] [projects/emulator/locations/emulator/services/uiuc-cmind 127c] ExecuteMutation mutation UpsertUserAssignment: succeeded. Connector: default
I0910 17:22:26.640862   91897 execute.go:57] Database ping is quick (likely cached), took 257.375µs
I0910 17:22:26.641525   91897 engine.go:216] [projects/emulator/locations/emulator/services/uiuc-cmind 127c] ExecuteMutation mutation UpsertUserAssignment: succeeded. Connector: default
I0910 17:22:26.642125   91897 execute.go:57] Database ping is quick (likely cached), took 321.041µs
I0910 17:22:26.642903   91897 engine.go:216] [projects/emulator/locations/emulator/services/uiuc-cmind 127c] ExecuteMutation mutation UpsertUserAssignment: succeeded. Connector: default
I0910 17:22:26.643625   91897 execute.go:57] Database ping is quick (likely cached), took 114.792µs
I0910 17:22:26.644196   91897 engine.go:216] [projects/emulator/locations/emulator/services/uiuc-cmind 127c] ExecuteMutation mutation UpsertUserAssignment: succeeded. Connector: default
I0910 17:22:26.644537   91897 execute.go:57] Database ping is quick (likely cached), took 86.625µs
I0910 17:22:26.645197   91897 engine.go:216] [projects/emulator/locations/emulator/services/uiuc-cmind 127c] ExecuteMutation mutation UpsertUserAssignment: succeeded. Connector: default
I0910 17:22:26.645538   91897 execute.go:57] Database ping is quick (likely cached), took 73.083µs
I0910 17:22:26.646184   91897 engine.go:216] [projects/emulator/locations/emulator/services/uiuc-cmind 127c] ExecuteMutation mutation UpsertUserAssignment: succeeded. Connector: default
I0910 17:22:26.646497   91897 execute.go:57] Database ping is quick (likely cached), took 83.125µs
I0910 17:22:26.647149   91897 engine.go:216] [projects/emulator/locations/emulator/services/uiuc-cmind 127c] ExecuteMutation mutation UpsertUserAssignment: succeeded. Connector: default
I0910 17:22:26.647535   91897 execute.go:57] Database ping is quick (likely cached), took 91.542µs
I0910 17:22:26.648024   91897 engine.go:216] [projects/emulator/locations/emulator/services/uiuc-cmind 127c] ExecuteMutation mutation UpsertUserAssignment: succeeded. Connector: default
I0910 17:22:26.648403   91897 execute.go:57] Database ping is quick (likely cached), took 99.5µs
I0910 17:22:26.648956   91897 engine.go:216] [projects/emulator/locations/emulator/services/uiuc-cmind 127c] ExecuteMutation mutation UpsertUserAssignment: succeeded. Connector: default
I0910 17:22:26.649492   91897 execute.go:57] Database ping is quick (likely cached), took 305.25µs
I0910 17:22:26.649987   91897 engine.go:216] [projects/emulator/locations/emulator/services/uiuc-cmind 127c] ExecuteMutation mutation UpsertUserAssignment: succeeded. Connector: default
I0910 17:22:26.650339   91897 execute.go:57] Database ping is quick (likely cached), took 101.959µs
I0910 17:22:26.650948   91897 engine.go:216] [projects/emulator/locations/emulator/services/uiuc-cmind 127c] ExecuteMutation mutation UpsertUserAssignment: succeeded. Connector: default
I0910 17:22:26.651280   91897 execute.go:57] Database ping is quick (likely cached), took 91.375µs
I0910 17:22:26.652196   91897 engine.go:216] [projects/emulator/locations/emulator/services/uiuc-cmind 127c] ExecuteMutation mutation UpsertUserAssignment: succeeded. Connector: default
I0910 17:22:26.652538   91897 execute.go:57] Database ping is quick (likely cached), took 91.25µs
I0910 17:22:26.653078   91897 engine.go:216] [projects/emulator/locations/emulator/services/uiuc-cmind 127c] ExecuteMutation mutation UpsertUserAssignment: succeeded. Connector: default
I0910 17:22:26.653413   91897 execute.go:57] Database ping is quick (likely cached), took 96.459µs
I0910 17:22:26.653926   91897 engine.go:216] [projects/emulator/locations/emulator/services/uiuc-cmind 127c] ExecuteMutation mutation UpsertUserAssignment: succeeded. Connector: default
I0910 17:22:26.654284   91897 execute.go:57] Database ping is quick (likely cached), took 93.25µs
I0910 17:22:26.654903   91897 engine.go:216] [projects/emulator/locations/emulator/services/uiuc-cmind 127c] ExecuteMutation mutation UpsertUserAssignment: succeeded. Connector: default
I0910 17:22:26.656075   91897 execute.go:57] Database ping is quick (likely cached), took 555.542µs
I0910 17:22:26.656641   91897 engine.go:216] [projects/emulator/locations/emulator/services/uiuc-cmind 127c] ExecuteMutation mutation UpsertUserAssignment: succeeded. Connector: default
I0910 17:22:26.656964   91897 execute.go:57] Database ping is quick (likely cached), took 90.375µs
I0910 17:22:26.657476   91897 engine.go:216] [projects/emulator/locations/emulator/services/uiuc-cmind 127c] ExecuteMutation mutation UpsertUserAssignment: succeeded. Connector: default
I0910 17:22:26.657802   91897 execute.go:57] Database ping is quick (likely cached), took 91.875µs
I0910 17:22:26.658474   91897 engine.go:216] [projects/emulator/locations/emulator/services/uiuc-cmind 127c] ExecuteMutation mutation UpsertUserAssignment: succeeded. Connector: default
I0910 17:22:26.658776   91897 execute.go:57] Database ping is quick (likely cached), took 85.375µs
I0910 17:22:26.659319   91897 engine.go:216] [projects/emulator/locations/emulator/services/uiuc-cmind 127c] ExecuteMutation mutation UpsertUserAssignment: succeeded. Connector: default
I0910 17:22:26.659649   91897 execute.go:57] Database ping is quick (likely cached), took 100.458µs
I0910 17:22:26.660178   91897 engine.go:216] [projects/emulator/locations/emulator/services/uiuc-cmind 127c] ExecuteMutation mutation UpsertUserAssignment: succeeded. Connector: default
I0910 17:22:26.660602   91897 execute.go:57] Database ping is quick (likely cached), took 97.833µs
I0910 17:22:26.661080   91897 engine.go:216] [projects/emulator/locations/emulator/services/uiuc-cmind 127c] ExecuteMutation mutation UpsertUserAssignment: succeeded. Connector: default
I0910 17:22:26.661395   91897 execute.go:57] Database ping is quick (likely cached), took 90.333µs
I0910 17:22:26.661915   91897 engine.go:216] [projects/emulator/locations/emulator/services/uiuc-cmind 127c] ExecuteMutation mutation UpsertUserAssignment: succeeded. Connector: default
I0910 17:22:26.662471   91897 execute.go:57] Database ping is quick (likely cached), took 105.208µs
I0910 17:22:26.662942   91897 engine.go:216] [projects/emulator/locations/emulator/services/uiuc-cmind 127c] ExecuteMutation mutation UpsertUserAssignment: succeeded. Connector: default
I0910 17:22:26.663348   91897 execute.go:57] Database ping is quick (likely cached), took 120.5µs
I0910 17:22:26.663844   91897 engine.go:216] [projects/emulator/locations/emulator/services/uiuc-cmind 127c] ExecuteMutation mutation UpsertUserAssignment: succeeded. Connector: default
I0910 17:22:26.664165   91897 execute.go:57] Database ping is quick (likely cached), took 93.208µs
I0910 17:22:26.664663   91897 engine.go:216] [projects/emulator/locations/emulator/services/uiuc-cmind 127c] ExecuteMutation mutation UpsertUserAssignment: succeeded. Connector: default
I0910 17:22:26.664970   91897 execute.go:57] Database ping is quick (likely cached), took 80.666µs
I0910 17:22:26.665464   91897 engine.go:216] [projects/emulator/locations/emulator/services/uiuc-cmind 127c] ExecuteMutation mutation UpsertUserAssignment: succeeded. Connector: default
I0910 17:22:26.666616   91897 execute.go:57] Database ping is quick (likely cached), took 284.5µs
I0910 17:22:26.667073   91897 engine.go:216] [projects/emulator/locations/emulator/services/uiuc-cmind 127c] ExecuteMutation mutation UpsertUserAssignment: succeeded. Connector: default
I0910 17:22:26.667408   91897 execute.go:57] Database ping is quick (likely cached), took 90.25µs
I0910 17:22:26.667920   91897 engine.go:216] [projects/emulator/locations/emulator/services/uiuc-cmind 127c] ExecuteMutation mutation UpsertUserAssignment: succeeded. Connector: default
I0910 17:22:26.668230   91897 execute.go:57] Database ping is quick (likely cached), took 84.708µs
I0910 17:22:26.668681   91897 engine.go:216] [projects/emulator/locations/emulator/services/uiuc-cmind 127c] ExecuteMutation mutation UpsertUserAssignment: succeeded. Connector: default
I0910 17:22:26.669000   91897 execute.go:57] Database ping is quick (likely cached), took 79.833µs
I0910 17:22:26.669439   91897 engine.go:216] [projects/emulator/locations/emulator/services/uiuc-cmind 127c] ExecuteMutation mutation UpsertUserAssignment: succeeded. Connector: default
I0910 17:22:26.669731   91897 execute.go:57] Database ping is quick (likely cached), took 82.5µs
I0910 17:22:26.670158   91897 engine.go:216] [projects/emulator/locations/emulator/services/uiuc-cmind 127c] ExecuteMutation mutation UpsertUserAssignment: succeeded. Connector: default
I0910 17:22:26.670484   91897 execute.go:57] Database ping is quick (likely cached), took 98.458µs
I0910 17:22:26.671025   91897 engine.go:216] [projects/emulator/locations/emulator/services/uiuc-cmind 127c] ExecuteMutation mutation UpsertUserAssignment: succeeded. Connector: default
I0910 17:22:26.671356   91897 execute.go:57] Database ping is quick (likely cached), took 113.75µs
I0910 17:22:26.671856   91897 engine.go:216] [projects/emulator/locations/emulator/services/uiuc-cmind 127c] ExecuteMutation mutation UpsertUserAssignment: succeeded. Connector: default
I0910 17:22:26.672216   91897 execute.go:57] Database ping is quick (likely cached), took 88.75µs
I0910 17:22:26.672708   91897 engine.go:216] [projects/emulator/locations/emulator/services/uiuc-cmind 127c] ExecuteMutation mutation UpsertUserAssignment: succeeded. Connector: default
I0910 17:22:26.673031   91897 execute.go:57] Database ping is quick (likely cached), took 102.958µs
I0910 17:22:26.673647   91897 engine.go:216] [projects/emulator/locations/emulator/services/uiuc-cmind 127c] ExecuteMutation mutation UpsertUserAssignment: succeeded. Connector: default
I0910 17:22:26.673960   91897 execute.go:57] Database ping is quick (likely cached), took 97.375µs
I0910 17:22:26.674464   91897 engine.go:216] [projects/emulator/locations/emulator/services/uiuc-cmind 127c] ExecuteMutation mutation UpsertUserAssignment: succeeded. Connector: default
I0910 17:22:26.674826   91897 execute.go:57] Database ping is quick (likely cached), took 103.709µs
I0910 17:22:26.675333   91897 engine.go:216] [projects/emulator/locations/emulator/services/uiuc-cmind 127c] ExecuteMutation mutation UpsertUserAssignment: succeeded. Connector: default
I0910 17:22:26.675650   91897 execute.go:57] Database ping is quick (likely cached), took 85.833µs
I0910 17:22:26.676160   91897 engine.go:216] [projects/emulator/locations/emulator/services/uiuc-cmind 127c] ExecuteMutation mutation UpsertUserAssignment: succeeded. Connector: default
I0910 17:22:26.677531   91897 execute.go:57] Database ping is quick (likely cached), took 305.5µs
I0910 17:22:26.678113   91897 engine.go:216] [projects/emulator/locations/emulator/services/uiuc-cmind 127c] ExecuteMutation mutation UpsertUserAssignment: succeeded. Connector: default
I0910 17:22:26.678440   91897 execute.go:57] Database ping is quick (likely cached), took 90.541µs
I0910 17:22:26.678981   91897 engine.go:216] [projects/emulator/locations/emulator/services/uiuc-cmind 127c] ExecuteMutation mutation UpsertUserAssignment: succeeded. Connector: default
I0910 17:22:26.679300   91897 execute.go:57] Database ping is quick (likely cached), took 85.542µs
I0910 17:22:26.679838   91897 engine.go:216] [projects/emulator/locations/emulator/services/uiuc-cmind 127c] ExecuteMutation mutation UpsertUserAssignment: succeeded. Connector: default
I0910 17:22:26.680149   91897 execute.go:57] Database ping is quick (likely cached), took 92.167µs
I0910 17:22:26.680652   91897 engine.go:216] [projects/emulator/locations/emulator/services/uiuc-cmind 127c] ExecuteMutation mutation UpsertUserAssignment: succeeded. Connector: default
I0910 17:22:26.680957   91897 execute.go:57] Database ping is quick (likely cached), took 96.667µs
I0910 17:22:26.681487   91897 engine.go:216] [projects/emulator/locations/emulator/services/uiuc-cmind 127c] ExecuteMutation mutation UpsertUserAssignment: succeeded. Connector: default
I0910 17:22:26.681808   91897 execute.go:57] Database ping is quick (likely cached), took 102.917µs
I0910 17:22:26.682306   91897 engine.go:216] [projects/emulator/locations/emulator/services/uiuc-cmind 127c] ExecuteMutation mutation UpsertUserAssignment: succeeded. Connector: default
I0910 17:22:26.682615   91897 execute.go:57] Database ping is quick (likely cached), took 88.25µs
I0910 17:22:26.683117   91897 engine.go:216] [projects/emulator/locations/emulator/services/uiuc-cmind 127c] ExecuteMutation mutation UpsertUserAssignment: succeeded. Connector: default
I0910 17:22:26.683480   91897 execute.go:57] Database ping is quick (likely cached), took 95.167µs
I0910 17:22:26.683935   91897 engine.go:216] [projects/emulator/locations/emulator/services/uiuc-cmind 127c] ExecuteMutation mutation UpsertUserAssignment: succeeded. Connector: default
I0910 17:22:26.684264   91897 execute.go:57] Database ping is quick (likely cached), took 108.75µs
I0910 17:22:26.684739   91897 engine.go:216] [projects/emulator/locations/emulator/services/uiuc-cmind 127c] ExecuteMutation mutation UpsertUserAssignment: succeeded. Connector: default
I0910 17:22:26.685044   91897 execute.go:57] Database ping is quick (likely cached), took 88.458µs
I0910 17:22:26.685578   91897 engine.go:216] [projects/emulator/locations/emulator/services/uiuc-cmind 127c] ExecuteMutation mutation UpsertUserAssignment: succeeded. Connector: default
I0910 17:22:26.685888   91897 execute.go:57] Database ping is quick (likely cached), took 80.833µs
I0910 17:22:26.686346   91897 engine.go:216] [projects/emulator/locations/emulator/services/uiuc-cmind 127c] ExecuteMutation mutation UpsertUserAssignment: succeeded. Connector: default
I0910 17:22:26.687606   91897 execute.go:57] Database ping is quick (likely cached), took 250.458µs
I0910 17:22:26.688124   91897 engine.go:216] [projects/emulator/locations/emulator/services/uiuc-cmind 127c] ExecuteMutation mutation UpsertUserAssignment: succeeded. Connector: default
I0910 17:22:26.688455   91897 execute.go:57] Database ping is quick (likely cached), took 104.25µs
I0910 17:22:26.688975   91897 engine.go:216] [projects/emulator/locations/emulator/services/uiuc-cmind 127c] ExecuteMutation mutation UpsertUserAssignment: succeeded. Connector: default
I0910 17:22:26.689368   91897 execute.go:57] Database ping is quick (likely cached), took 103µs
I0910 17:22:26.689964   91897 engine.go:216] [projects/emulator/locations/emulator/services/uiuc-cmind 127c] ExecuteMutation mutation UpsertUserAssignment: succeeded. Connector: default
I0910 17:22:26.690367   91897 execute.go:57] Database ping is quick (likely cached), took 92.125µs
I0910 17:22:26.690827   91897 engine.go:216] [projects/emulator/locations/emulator/services/uiuc-cmind 127c] ExecuteMutation mutation UpsertUserAssignment: succeeded. Connector: default
I0910 17:22:26.691162   91897 execute.go:57] Database ping is quick (likely cached), took 97.625µs
I0910 17:22:26.691697   91897 engine.go:216] [projects/emulator/locations/emulator/services/uiuc-cmind 127c] ExecuteMutation mutation UpsertUserAssignment: succeeded. Connector: default
I0910 17:22:26.692010   91897 execute.go:57] Database ping is quick (likely cached), took 91.541µs
I0910 17:22:26.692589   91897 engine.go:216] [projects/emulator/locations/emulator/services/uiuc-cmind 127c] ExecuteMutation mutation UpsertUserAssignment: succeeded. Connector: default
I0910 17:22:26.692904   91897 execute.go:57] Database ping is quick (likely cached), took 91.75µs
I0910 17:22:26.693418   91897 engine.go:216] [projects/emulator/locations/emulator/services/uiuc-cmind 127c] ExecuteMutation mutation UpsertUserAssignment: succeeded. Connector: default
I0910 17:22:26.693732   91897 execute.go:57] Database ping is quick (likely cached), took 84.416µs
I0910 17:22:26.694231   91897 engine.go:216] [projects/emulator/locations/emulator/services/uiuc-cmind 127c] ExecuteMutation mutation UpsertUserAssignment: succeeded. Connector: default
I0910 17:22:26.694544   91897 execute.go:57] Database ping is quick (likely cached), took 102µs
I0910 17:22:26.695026   91897 engine.go:216] [projects/emulator/locations/emulator/services/uiuc-cmind 127c] ExecuteMutation mutation UpsertUserAssignment: succeeded. Connector: default
I0910 17:22:26.695333   91897 execute.go:57] Database ping is quick (likely cached), took 91.833µs
I0910 17:22:26.695824   91897 engine.go:216] [projects/emulator/locations/emulator/services/uiuc-cmind 127c] ExecuteMutation mutation UpsertUserAssignment: succeeded. Connector: default
I0910 17:22:26.696133   91897 execute.go:57] Database ping is quick (likely cached), took 98.167µs
I0910 17:22:26.696655   91897 engine.go:216] [projects/emulator/locations/emulator/services/uiuc-cmind 127c] ExecuteMutation mutation UpsertUserAssignment: succeeded. Connector: default
I0910 17:22:26.697480   91897 execute.go:57] Database ping is quick (likely cached), took 192.5µs
I0910 17:22:26.698153   91897 engine.go:216] [projects/emulator/locations/emulator/services/uiuc-cmind 127c] ExecuteMutation mutation UpsertUserAssignment: succeeded. Connector: default
I0910 17:22:26.698485   91897 execute.go:57] Database ping is quick (likely cached), took 88.208µs
I0910 17:22:26.698970   91897 engine.go:216] [projects/emulator/locations/emulator/services/uiuc-cmind 127c] ExecuteMutation mutation UpsertUserAssignment: succeeded. Connector: default
I0910 17:22:26.699348   91897 execute.go:57] Database ping is quick (likely cached), took 129.792µs
I0910 17:22:26.699877   91897 engine.go:216] [projects/emulator/locations/emulator/services/uiuc-cmind 127c] ExecuteMutation mutation UpsertUserAssignment: succeeded. Connector: default
I0910 17:22:26.700195   91897 execute.go:57] Database ping is quick (likely cached), took 90.917µs
I0910 17:22:26.700711   91897 engine.go:216] [projects/emulator/locations/emulator/services/uiuc-cmind 127c] ExecuteMutation mutation UpsertUserAssignment: succeeded. Connector: default
I0910 17:22:26.701047   91897 execute.go:57] Database ping is quick (likely cached), took 89.209µs
I0910 17:22:26.701622   91897 engine.go:216] [projects/emulator/locations/emulator/services/uiuc-cmind 127c] ExecuteMutation mutation UpsertUserAssignment: succeeded. Connector: default
I0910 17:22:26.701919   91897 execute.go:57] Database ping is quick (likely cached), took 84.041µs
I0910 17:22:26.702521   91897 engine.go:216] [projects/emulator/locations/emulator/services/uiuc-cmind 127c] ExecuteMutation mutation UpsertUserAssignment: succeeded. Connector: default
I0910 17:22:26.702862   91897 execute.go:57] Database ping is quick (likely cached), took 121.417µs
I0910 17:22:26.703401   91897 engine.go:216] [projects/emulator/locations/emulator/services/uiuc-cmind 127c] ExecuteMutation mutation UpsertUserAssignment: succeeded. Connector: default
I0910 17:22:26.703762   91897 execute.go:57] Database ping is quick (likely cached), took 93.042µs
I0910 17:22:26.704571   91897 engine.go:216] [projects/emulator/locations/emulator/services/uiuc-cmind 127c] ExecuteMutation mutation UpsertUserAssignment: succeeded. Connector: default
I0910 17:22:26.704880   91897 execute.go:57] Database ping is quick (likely cached), took 88.709µs
I0910 17:22:26.705432   91897 engine.go:216] [projects/emulator/locations/emulator/services/uiuc-cmind 127c] ExecuteMutation mutation UpsertUserAssignment: succeeded. Connector: default
I0910 17:22:26.705798   91897 execute.go:57] Database ping is quick (likely cached), took 91.166µs
I0910 17:22:26.706278   91897 engine.go:216] [projects/emulator/locations/emulator/services/uiuc-cmind 127c] ExecuteMutation mutation UpsertUserAssignment: succeeded. Connector: default
I0910 17:22:26.707000   91897 execute.go:57] Database ping is quick (likely cached), took 427.541µs
I0910 17:22:26.707788   91897 engine.go:216] [projects/emulator/locations/emulator/services/uiuc-cmind 127c] ExecuteMutation mutation UpsertUserAssignment: succeeded. Connector: default
I0910 17:22:26.708095   91897 execute.go:57] Database ping is quick (likely cached), took 91.166µs
I0910 17:22:26.708573   91897 engine.go:216] [projects/emulator/locations/emulator/services/uiuc-cmind 127c] ExecuteMutation mutation UpsertUserAssignment: succeeded. Connector: default
I0910 17:22:26.708897   91897 execute.go:57] Database ping is quick (likely cached), took 115.375µs
I0910 17:22:26.709387   91897 engine.go:216] [projects/emulator/locations/emulator/services/uiuc-cmind 127c] ExecuteMutation mutation UpsertUserAssignment: succeeded. Connector: default
I0910 17:22:26.709685   91897 execute.go:57] Database ping is quick (likely cached), took 95.25µs
I0910 17:22:26.710203   91897 engine.go:216] [projects/emulator/locations/emulator/services/uiuc-cmind 127c] ExecuteMutation mutation UpsertUserAssignment: succeeded. Connector: default
I0910 17:22:26.710505   91897 execute.go:57] Database ping is quick (likely cached), took 91.333µs
I0910 17:22:26.711023   91897 engine.go:216] [projects/emulator/locations/emulator/services/uiuc-cmind 127c] ExecuteMutation mutation UpsertUserAssignment: succeeded. Connector: default
I0910 17:22:26.711330   91897 execute.go:57] Database ping is quick (likely cached), took 80.709µs
I0910 17:22:26.711856   91897 engine.go:216] [projects/emulator/locations/emulator/services/uiuc-cmind 127c] ExecuteMutation mutation UpsertUserAssignment: succeeded. Connector: default
I0910 17:22:26.712194   91897 execute.go:57] Database ping is quick (likely cached), took 105.542µs
I0910 17:22:26.712662   91897 engine.go:216] [projects/emulator/locations/emulator/services/uiuc-cmind 127c] ExecuteMutation mutation UpsertUserAssignment: succeeded. Connector: default
I0910 17:22:26.713017   91897 execute.go:57] Database ping is quick (likely cached), took 108.875µs
I0910 17:22:26.713464   91897 engine.go:216] [projects/emulator/locations/emulator/services/uiuc-cmind 127c] ExecuteMutation mutation UpsertUserAssignment: succeeded. Connector: default
I0910 17:22:26.713757   91897 execute.go:57] Database ping is quick (likely cached), took 79µs
I0910 17:22:26.714234   91897 engine.go:216] [projects/emulator/locations/emulator/services/uiuc-cmind 127c] ExecuteMutation mutation UpsertUserAssignment: succeeded. Connector: default
I0910 17:22:26.714552   91897 execute.go:57] Database ping is quick (likely cached), took 95.833µs
I0910 17:22:26.715046   91897 engine.go:216] [projects/emulator/locations/emulator/services/uiuc-cmind 127c] ExecuteMutation mutation UpsertUserAssignment: succeeded. Connector: default
I0910 17:22:26.715455   91897 execute.go:57] Database ping is quick (likely cached), took 102µs
I0910 17:22:26.716193   91897 engine.go:216] [projects/emulator/locations/emulator/services/uiuc-cmind 127c] ExecuteMutation mutation UpsertUserAssignment: succeeded. Connector: default
I0910 17:22:26.716654   91897 execute.go:57] Database ping is quick (likely cached), took 95.667µs
I0910 17:22:26.717188   91897 engine.go:216] [projects/emulator/locations/emulator/services/uiuc-cmind 127c] ExecuteMutation mutation UpsertUserAssignment: succeeded. Connector: default
I0910 17:22:30.052554   91897 execute.go:57] Database ping is quick (likely cached), took 616.875µs
I0910 17:22:30.053746   91897 engine.go:216] [projects/emulator/locations/emulator/services/uiuc-cmind 127c] ExecuteMutation mutation UpsertCourse: succeeded. Connector: default
I0910 17:22:30.054003   91897 execute.go:57] Database ping is quick (likely cached), took 221µs
I0910 17:22:30.054684   91897 engine.go:216] [projects/emulator/locations/emulator/services/uiuc-cmind 127c] ExecuteMutation mutation UpsertCourse: succeeded. Connector: default
I0910 17:22:30.054956   91897 execute.go:57] Database ping is quick (likely cached), took 232.875µs
I0910 17:22:30.055893   91897 engine.go:216] [projects/emulator/locations/emulator/services/uiuc-cmind 127c] ExecuteMutation mutation UpsertCourse: succeeded. Connector: default
I0910 17:22:30.056081   91897 execute.go:57] Database ping is quick (likely cached), took 157.833µs
I0910 17:22:30.056609   91897 engine.go:216] [projects/emulator/locations/emulator/services/uiuc-cmind 127c] ExecuteMutation mutation UpsertCourse: succeeded. Connector: default
I0910 17:22:30.056784   91897 execute.go:57] Database ping is quick (likely cached), took 152.125µs
I0910 17:22:30.057291   91897 engine.go:216] [projects/emulator/locations/emulator/services/uiuc-cmind 127c] ExecuteMutation mutation UpsertCourse: succeeded. Connector: default
I0910 17:22:30.057683   91897 execute.go:57] Database ping is quick (likely cached), took 105.458µs
I0910 17:22:30.058391   91897 engine.go:216] [projects/emulator/locations/emulator/services/uiuc-cmind 127c] ExecuteMutation mutation AddEnrollment: succeeded. Connector: default
I0910 17:22:30.058744   91897 execute.go:57] Database ping is quick (likely cached), took 109.334µs
I0910 17:22:30.059297   91897 engine.go:216] [projects/emulator/locations/emulator/services/uiuc-cmind 127c] ExecuteMutation mutation AddEnrollment: succeeded. Connector: default
I0910 17:22:30.059652   91897 execute.go:57] Database ping is quick (likely cached), took 118.875µs
I0910 17:22:30.060220   91897 engine.go:216] [projects/emulator/locations/emulator/services/uiuc-cmind 127c] ExecuteMutation mutation AddEnrollment: succeeded. Connector: default
I0910 17:22:30.060589   91897 execute.go:57] Database ping is quick (likely cached), took 104.042µs
I0910 17:22:30.061072   91897 engine.go:216] [projects/emulator/locations/emulator/services/uiuc-cmind 127c] ExecuteMutation mutation AddEnrollment: succeeded. Connector: default
I0910 17:22:30.061386   91897 execute.go:57] Database ping is quick (likely cached), took 106.75µs
I0910 17:22:30.061875   91897 engine.go:216] [projects/emulator/locations/emulator/services/uiuc-cmind 127c] ExecuteMutation mutation AddEnrollment: succeeded. Connector: default
I0910 17:22:30.063573   91897 execute.go:57] Database ping is quick (likely cached), took 117.125µs
I0910 17:22:30.064434   91897 engine.go:216] [projects/emulator/locations/emulator/services/uiuc-cmind 127c] ExecuteMutation mutation UpsertAssignment: succeeded. Connector: default
I0910 17:22:30.064638   91897 execute.go:57] Database ping is quick (likely cached), took 140.209µs
I0910 17:22:30.065269   91897 engine.go:216] [projects/emulator/locations/emulator/services/uiuc-cmind 127c] ExecuteMutation mutation UpsertAssignment: succeeded. Connector: default
I0910 17:22:30.065420   91897 execute.go:57] Database ping is quick (likely cached), took 108.75µs
I0910 17:22:30.066014   91897 engine.go:216] [projects/emulator/locations/emulator/services/uiuc-cmind 127c] ExecuteMutation mutation UpsertAssignment: succeeded. Connector: default
I0910 17:22:30.066206   91897 execute.go:57] Database ping is quick (likely cached), took 161.292µs
I0910 17:22:30.067227   91897 engine.go:216] [projects/emulator/locations/emulator/services/uiuc-cmind 127c] ExecuteMutation mutation UpsertAssignment: succeeded. Connector: default
I0910 17:22:30.067420   91897 execute.go:57] Database ping is quick (likely cached), took 149.917µs
I0910 17:22:30.068130   91897 engine.go:216] [projects/emulator/locations/emulator/services/uiuc-cmind 127c] ExecuteMutation mutation UpsertAssignment: succeeded. Connector: default
I0910 17:22:30.068272   91897 execute.go:57] Database ping is quick (likely cached), took 115µs
I0910 17:22:30.068879   91897 engine.go:216] [projects/emulator/locations/emulator/services/uiuc-cmind 127c] ExecuteMutation mutation UpsertAssignment: succeeded. Connector: default
I0910 17:22:30.069101   91897 execute.go:57] Database ping is quick (likely cached), took 158.375µs
I0910 17:22:30.069793   91897 engine.go:216] [projects/emulator/locations/emulator/services/uiuc-cmind 127c] ExecuteMutation mutation UpsertAssignment: succeeded. Connector: default
I0910 17:22:30.069943   91897 execute.go:57] Database ping is quick (likely cached), took 122.542µs
I0910 17:22:30.070614   91897 engine.go:216] [projects/emulator/locations/emulator/services/uiuc-cmind 127c] ExecuteMutation mutation UpsertAssignment: succeeded. Connector: default
I0910 17:22:30.070803   91897 execute.go:57] Database ping is quick (likely cached), took 161.167µs
I0910 17:22:30.071337   91897 engine.go:216] [projects/emulator/locations/emulator/services/uiuc-cmind 127c] ExecuteMutation mutation UpsertAssignment: succeeded. Connector: default
I0910 17:22:30.071706   91897 execute.go:57] Database ping is quick (likely cached), took 342.125µs
I0910 17:22:30.072308   91897 engine.go:216] [projects/emulator/locations/emulator/services/uiuc-cmind 127c] ExecuteMutation mutation UpsertAssignment: succeeded. Connector: default
I0910 17:22:30.072463   91897 execute.go:57] Database ping is quick (likely cached), took 128.333µs
I0910 17:22:30.072998   91897 engine.go:216] [projects/emulator/locations/emulator/services/uiuc-cmind 127c] ExecuteMutation mutation UpsertAssignment: succeeded. Connector: default
I0910 17:22:30.073132   91897 execute.go:57] Database ping is quick (likely cached), took 105.417µs
I0910 17:22:30.073780   91897 engine.go:216] [projects/emulator/locations/emulator/services/uiuc-cmind 127c] ExecuteMutation mutation UpsertAssignment: succeeded. Connector: default
I0910 17:22:30.074050   91897 execute.go:57] Database ping is quick (likely cached), took 198.5µs
I0910 17:22:30.076304   91897 engine.go:216] [projects/emulator/locations/emulator/services/uiuc-cmind 127c] ExecuteMutation mutation UpsertAssignment: succeeded. Connector: default
I0910 17:22:30.076712   91897 execute.go:57] Database ping is quick (likely cached), took 367.042µs
I0910 17:22:30.077987   91897 engine.go:216] [projects/emulator/locations/emulator/services/uiuc-cmind 127c] ExecuteMutation mutation UpsertAssignment: succeeded. Connector: default
I0910 17:22:30.078476   91897 execute.go:57] Database ping is quick (likely cached), took 403.709µs
I0910 17:22:30.080323   91897 engine.go:216] [projects/emulator/locations/emulator/services/uiuc-cmind 127c] ExecuteMutation mutation UpsertAssignment: succeeded. Connector: default
I0910 17:22:30.081150   91897 execute.go:57] Database ping is quick (likely cached), took 344.417µs
I0910 17:22:30.082302   91897 engine.go:216] [projects/emulator/locations/emulator/services/uiuc-cmind 127c] ExecuteMutation mutation UpsertAssignment: succeeded. Connector: default
I0910 17:22:30.082632   91897 execute.go:57] Database ping is quick (likely cached), took 284.166µs
I0910 17:22:30.083615   91897 engine.go:216] [projects/emulator/locations/emulator/services/uiuc-cmind 127c] ExecuteMutation mutation UpsertAssignment: succeeded. Connector: default
I0910 17:22:30.083828   91897 execute.go:57] Database ping is quick (likely cached), took 185.458µs
I0910 17:22:30.085169   91897 engine.go:216] [projects/emulator/locations/emulator/services/uiuc-cmind 127c] ExecuteMutation mutation UpsertAssignment: succeeded. Connector: default
I0910 17:22:30.085408   91897 execute.go:57] Database ping is quick (likely cached), took 189µs
I0910 17:22:30.086322   91897 engine.go:216] [projects/emulator/locations/emulator/services/uiuc-cmind 127c] ExecuteMutation mutation UpsertAssignment: succeeded. Connector: default
I0910 17:22:30.086522   91897 execute.go:57] Database ping is quick (likely cached), took 159.375µs
I0910 17:22:30.087604   91897 engine.go:216] [projects/emulator/locations/emulator/services/uiuc-cmind 127c] ExecuteMutation mutation UpsertAssignment: succeeded. Connector: default
I0910 17:22:30.087921   91897 execute.go:57] Database ping is quick (likely cached), took 152.917µs
I0910 17:22:30.088978   91897 engine.go:216] [projects/emulator/locations/emulator/services/uiuc-cmind 127c] ExecuteMutation mutation UpsertAssignment: succeeded. Connector: default
I0910 17:22:30.089138   91897 execute.go:57] Database ping is quick (likely cached), took 123.083µs
I0910 17:22:30.090428   91897 engine.go:216] [projects/emulator/locations/emulator/services/uiuc-cmind 127c] ExecuteMutation mutation UpsertAssignment: succeeded. Connector: default
I0910 17:22:30.090622   91897 execute.go:57] Database ping is quick (likely cached), took 154.708µs
I0910 17:22:30.091766   91897 engine.go:216] [projects/emulator/locations/emulator/services/uiuc-cmind 127c] ExecuteMutation mutation UpsertAssignment: succeeded. Connector: default
I0910 17:22:30.091986   91897 execute.go:57] Database ping is quick (likely cached), took 173.209µs
I0910 17:22:30.093227   91897 engine.go:216] [projects/emulator/locations/emulator/services/uiuc-cmind 127c] ExecuteMutation mutation UpsertAssignment: succeeded. Connector: default
I0910 17:22:30.093446   91897 execute.go:57] Database ping is quick (likely cached), took 165.292µs
I0910 17:22:30.094938   91897 engine.go:216] [projects/emulator/locations/emulator/services/uiuc-cmind 127c] ExecuteMutation mutation UpsertAssignment: succeeded. Connector: default
I0910 17:22:30.095271   91897 execute.go:57] Database ping is quick (likely cached), took 263.292µs
I0910 17:22:30.096613   91897 engine.go:216] [projects/emulator/locations/emulator/services/uiuc-cmind 127c] ExecuteMutation mutation UpsertAssignment: succeeded. Connector: default
I0910 17:22:30.097292   91897 execute.go:57] Database ping is quick (likely cached), took 636.416µs
I0910 17:22:30.098066   91897 engine.go:216] [projects/emulator/locations/emulator/services/uiuc-cmind 127c] ExecuteMutation mutation UpsertAssignment: succeeded. Connector: default
I0910 17:22:30.098229   91897 execute.go:57] Database ping is quick (likely cached), took 128.041µs
I0910 17:22:30.099162   91897 engine.go:216] [projects/emulator/locations/emulator/services/uiuc-cmind 127c] ExecuteMutation mutation UpsertAssignment: succeeded. Connector: default
I0910 17:22:30.099325   91897 execute.go:57] Database ping is quick (likely cached), took 113.417µs
I0910 17:22:30.100245   91897 engine.go:216] [projects/emulator/locations/emulator/services/uiuc-cmind 127c] ExecuteMutation mutation UpsertAssignment: succeeded. Connector: default
I0910 17:22:30.100431   91897 execute.go:57] Database ping is quick (likely cached), took 148.834µs
I0910 17:22:30.101323   91897 engine.go:216] [projects/emulator/locations/emulator/services/uiuc-cmind 127c] ExecuteMutation mutation UpsertAssignment: succeeded. Connector: default
I0910 17:22:30.101512   91897 execute.go:57] Database ping is quick (likely cached), took 155.458µs
I0910 17:22:30.102428   91897 engine.go:216] [projects/emulator/locations/emulator/services/uiuc-cmind 127c] ExecuteMutation mutation UpsertAssignment: succeeded. Connector: default
I0910 17:22:30.102564   91897 execute.go:57] Database ping is quick (likely cached), took 104.042µs
I0910 17:22:30.103501   91897 engine.go:216] [projects/emulator/locations/emulator/services/uiuc-cmind 127c] ExecuteMutation mutation UpsertAssignment: succeeded. Connector: default
I0910 17:22:30.103663   91897 execute.go:57] Database ping is quick (likely cached), took 121.75µs
I0910 17:22:30.104646   91897 engine.go:216] [projects/emulator/locations/emulator/services/uiuc-cmind 127c] ExecuteMutation mutation UpsertAssignment: succeeded. Connector: default
I0910 17:22:30.104865   91897 execute.go:57] Database ping is quick (likely cached), took 170.209µs
I0910 17:22:30.105823   91897 engine.go:216] [projects/emulator/locations/emulator/services/uiuc-cmind 127c] ExecuteMutation mutation UpsertAssignment: succeeded. Connector: default
I0910 17:22:30.106050   91897 execute.go:57] Database ping is quick (likely cached), took 189.667µs
I0910 17:22:30.107095   91897 engine.go:216] [projects/emulator/locations/emulator/services/uiuc-cmind 127c] ExecuteMutation mutation UpsertAssignment: succeeded. Connector: default
I0910 17:22:30.107340   91897 execute.go:57] Database ping is quick (likely cached), took 214.208µs
I0910 17:22:30.108274   91897 engine.go:216] [projects/emulator/locations/emulator/services/uiuc-cmind 127c] ExecuteMutation mutation UpsertAssignment: succeeded. Connector: default
I0910 17:22:30.108431   91897 execute.go:57] Database ping is quick (likely cached), took 130.041µs
I0910 17:22:30.109393   91897 engine.go:216] [projects/emulator/locations/emulator/services/uiuc-cmind 127c] ExecuteMutation mutation UpsertAssignment: succeeded. Connector: default
I0910 17:22:30.109565   91897 execute.go:57] Database ping is quick (likely cached), took 142.125µs
I0910 17:22:30.110435   91897 engine.go:216] [projects/emulator/locations/emulator/services/uiuc-cmind 127c] ExecuteMutation mutation UpsertAssignment: succeeded. Connector: default
I0910 17:22:30.110596   91897 execute.go:57] Database ping is quick (likely cached), took 132.167µs
I0910 17:22:30.111418   91897 engine.go:216] [projects/emulator/locations/emulator/services/uiuc-cmind 127c] ExecuteMutation mutation UpsertAssignment: succeeded. Connector: default
I0910 17:22:30.111572   91897 execute.go:57] Database ping is quick (likely cached), took 125.542µs
I0910 17:22:30.112665   91897 engine.go:216] [projects/emulator/locations/emulator/services/uiuc-cmind 127c] ExecuteMutation mutation UpsertAssignment: succeeded. Connector: default
I0910 17:22:30.112853   91897 execute.go:57] Database ping is quick (likely cached), took 157.292µs
I0910 17:22:30.113852   91897 engine.go:216] [projects/emulator/locations/emulator/services/uiuc-cmind 127c] ExecuteMutation mutation UpsertAssignment: succeeded. Connector: default
I0910 17:22:30.114007   91897 execute.go:57] Database ping is quick (likely cached), took 124.708µs
I0910 17:22:30.114775   91897 engine.go:216] [projects/emulator/locations/emulator/services/uiuc-cmind 127c] ExecuteMutation mutation UpsertAssignment: succeeded. Connector: default
I0910 17:22:30.114935   91897 execute.go:57] Database ping is quick (likely cached), took 130.209µs
I0910 17:22:30.115821   91897 engine.go:216] [projects/emulator/locations/emulator/services/uiuc-cmind 127c] ExecuteMutation mutation UpsertAssignment: succeeded. Connector: default
I0910 17:22:30.116456   91897 execute.go:57] Database ping is quick (likely cached), took 603µs
I0910 17:22:30.117128   91897 engine.go:216] [projects/emulator/locations/emulator/services/uiuc-cmind 127c] ExecuteMutation mutation UpsertAssignment: succeeded. Connector: default
I0910 17:22:30.117307   91897 execute.go:57] Database ping is quick (likely cached), took 151.25µs
I0910 17:22:30.118230   91897 engine.go:216] [projects/emulator/locations/emulator/services/uiuc-cmind 127c] ExecuteMutation mutation UpsertAssignment: succeeded. Connector: default
I0910 17:22:30.118403   91897 execute.go:57] Database ping is quick (likely cached), took 130.208µs
I0910 17:22:30.119319   91897 engine.go:216] [projects/emulator/locations/emulator/services/uiuc-cmind 127c] ExecuteMutation mutation UpsertAssignment: succeeded. Connector: default
I0910 17:22:30.119457   91897 execute.go:57] Database ping is quick (likely cached), took 106.792µs
I0910 17:22:30.120382   91897 engine.go:216] [projects/emulator/locations/emulator/services/uiuc-cmind 127c] ExecuteMutation mutation UpsertAssignment: succeeded. Connector: default
I0910 17:22:30.120590   91897 execute.go:57] Database ping is quick (likely cached), took 168.042µs
I0910 17:22:30.121394   91897 engine.go:216] [projects/emulator/locations/emulator/services/uiuc-cmind 127c] ExecuteMutation mutation UpsertAssignment: succeeded. Connector: default
I0910 17:22:30.121545   91897 execute.go:57] Database ping is quick (likely cached), took 108.25µs
I0910 17:22:30.122470   91897 engine.go:216] [projects/emulator/locations/emulator/services/uiuc-cmind 127c] ExecuteMutation mutation UpsertAssignment: succeeded. Connector: default
I0910 17:22:30.122613   91897 execute.go:57] Database ping is quick (likely cached), took 117.625µs
I0910 17:22:30.123504   91897 engine.go:216] [projects/emulator/locations/emulator/services/uiuc-cmind 127c] ExecuteMutation mutation UpsertAssignment: succeeded. Connector: default
I0910 17:22:30.123642   91897 execute.go:57] Database ping is quick (likely cached), took 103.875µs
I0910 17:22:30.124680   91897 engine.go:216] [projects/emulator/locations/emulator/services/uiuc-cmind 127c] ExecuteMutation mutation UpsertAssignment: succeeded. Connector: default
I0910 17:22:30.125161   91897 execute.go:57] Database ping is quick (likely cached), took 414.458µs
I0910 17:22:30.126640   91897 engine.go:216] [projects/emulator/locations/emulator/services/uiuc-cmind 127c] ExecuteMutation mutation UpsertAssignment: succeeded. Connector: default
I0910 17:22:30.127007   91897 execute.go:57] Database ping is quick (likely cached), took 291.084µs
I0910 17:22:30.128000   91897 engine.go:216] [projects/emulator/locations/emulator/services/uiuc-cmind 127c] ExecuteMutation mutation UpsertAssignment: succeeded. Connector: default
I0910 17:22:30.128212   91897 execute.go:57] Database ping is quick (likely cached), took 181.833µs
I0910 17:22:30.129102   91897 engine.go:216] [projects/emulator/locations/emulator/services/uiuc-cmind 127c] ExecuteMutation mutation UpsertAssignment: succeeded. Connector: default
I0910 17:22:30.129292   91897 execute.go:57] Database ping is quick (likely cached), took 162.25µs
I0910 17:22:30.130161   91897 engine.go:216] [projects/emulator/locations/emulator/services/uiuc-cmind 127c] ExecuteMutation mutation UpsertAssignment: succeeded. Connector: default
I0910 17:22:30.130288   91897 execute.go:57] Database ping is quick (likely cached), took 92.5µs
I0910 17:22:30.131241   91897 engine.go:216] [projects/emulator/locations/emulator/services/uiuc-cmind 127c] ExecuteMutation mutation UpsertAssignment: succeeded. Connector: default
I0910 17:22:30.131382   91897 execute.go:57] Database ping is quick (likely cached), took 114µs
I0910 17:22:30.132177   91897 engine.go:216] [projects/emulator/locations/emulator/services/uiuc-cmind 127c] ExecuteMutation mutation UpsertAssignment: succeeded. Connector: default
I0910 17:22:30.132374   91897 execute.go:57] Database ping is quick (likely cached), took 159.875µs
I0910 17:22:30.133317   91897 engine.go:216] [projects/emulator/locations/emulator/services/uiuc-cmind 127c] ExecuteMutation mutation UpsertAssignment: succeeded. Connector: default
I0910 17:22:30.133502   91897 execute.go:57] Database ping is quick (likely cached), took 151.625µs
I0910 17:22:30.134524   91897 engine.go:216] [projects/emulator/locations/emulator/services/uiuc-cmind 127c] ExecuteMutation mutation UpsertAssignment: succeeded. Connector: default
I0910 17:22:30.134953   91897 execute.go:57] Database ping is quick (likely cached), took 390.708µs
I0910 17:22:30.135663   91897 engine.go:216] [projects/emulator/locations/emulator/services/uiuc-cmind 127c] ExecuteMutation mutation UpsertAssignment: succeeded. Connector: default
I0910 17:22:30.136254   91897 execute.go:57] Database ping is quick (likely cached), took 532.417µs
I0910 17:22:30.136940   91897 engine.go:216] [projects/emulator/locations/emulator/services/uiuc-cmind 127c] ExecuteMutation mutation UpsertAssignment: succeeded. Connector: default
I0910 17:22:30.137130   91897 execute.go:57] Database ping is quick (likely cached), took 139.666µs
I0910 17:22:30.138381   91897 engine.go:216] [projects/emulator/locations/emulator/services/uiuc-cmind 127c] ExecuteMutation mutation UpsertAssignment: succeeded. Connector: default
I0910 17:22:30.138568   91897 execute.go:57] Database ping is quick (likely cached), took 151.5µs
I0910 17:22:30.139492   91897 engine.go:216] [projects/emulator/locations/emulator/services/uiuc-cmind 127c] ExecuteMutation mutation UpsertAssignment: succeeded. Connector: default
I0910 17:22:30.139691   91897 execute.go:57] Database ping is quick (likely cached), took 163.917µs
I0910 17:22:30.140737   91897 engine.go:216] [projects/emulator/locations/emulator/services/uiuc-cmind 127c] ExecuteMutation mutation UpsertAssignment: succeeded. Connector: default
I0910 17:22:30.140961   91897 execute.go:57] Database ping is quick (likely cached), took 184.209µs
I0910 17:22:30.141775   91897 engine.go:216] [projects/emulator/locations/emulator/services/uiuc-cmind 127c] ExecuteMutation mutation UpsertAssignment: succeeded. Connector: default
I0910 17:22:30.141907   91897 execute.go:57] Database ping is quick (likely cached), took 103.333µs
I0910 17:22:30.142910   91897 engine.go:216] [projects/emulator/locations/emulator/services/uiuc-cmind 127c] ExecuteMutation mutation UpsertAssignment: succeeded. Connector: default
I0910 17:22:30.143088   91897 execute.go:57] Database ping is quick (likely cached), took 142.541µs
I0910 17:22:30.144021   91897 engine.go:216] [projects/emulator/locations/emulator/services/uiuc-cmind 127c] ExecuteMutation mutation UpsertAssignment: succeeded. Connector: default
I0910 17:22:30.144167   91897 execute.go:57] Database ping is quick (likely cached), took 101.25µs
I0910 17:22:30.145115   91897 engine.go:216] [projects/emulator/locations/emulator/services/uiuc-cmind 127c] ExecuteMutation mutation UpsertAssignment: succeeded. Connector: default
I0910 17:22:30.145245   91897 execute.go:57] Database ping is quick (likely cached), took 104.583µs
I0910 17:22:30.146367   91897 engine.go:216] [projects/emulator/locations/emulator/services/uiuc-cmind 127c] ExecuteMutation mutation UpsertAssignment: succeeded. Connector: default
I0910 17:22:30.146611   91897 execute.go:57] Database ping is quick (likely cached), took 192.458µs
I0910 17:22:30.147495   91897 engine.go:216] [projects/emulator/locations/emulator/services/uiuc-cmind 127c] ExecuteMutation mutation UpsertAssignment: succeeded. Connector: default
I0910 17:22:30.147666   91897 execute.go:57] Database ping is quick (likely cached), took 138.917µs
I0910 17:22:30.148409   91897 engine.go:216] [projects/emulator/locations/emulator/services/uiuc-cmind 127c] ExecuteMutation mutation UpsertAssignment: succeeded. Connector: default
I0910 17:22:30.148656   91897 execute.go:57] Database ping is quick (likely cached), took 199.209µs
I0910 17:22:30.149293   91897 engine.go:216] [projects/emulator/locations/emulator/services/uiuc-cmind 127c] ExecuteMutation mutation UpsertAssignment: succeeded. Connector: default
I0910 17:22:30.149406   91897 execute.go:57] Database ping is quick (likely cached), took 75.084µs
I0910 17:22:30.150041   91897 engine.go:216] [projects/emulator/locations/emulator/services/uiuc-cmind 127c] ExecuteMutation mutation UpsertAssignment: succeeded. Connector: default
I0910 17:22:30.150273   91897 execute.go:57] Database ping is quick (likely cached), took 195.334µs
I0910 17:22:30.150809   91897 engine.go:216] [projects/emulator/locations/emulator/services/uiuc-cmind 127c] ExecuteMutation mutation UpsertAssignment: succeeded. Connector: default
I0910 17:22:30.151361   91897 execute.go:57] Database ping is quick (likely cached), took 515.541µs
I0910 17:22:30.152106   91897 engine.go:216] [projects/emulator/locations/emulator/services/uiuc-cmind 127c] ExecuteMutation mutation UpsertAssignment: succeeded. Connector: default
I0910 17:22:30.152672   91897 execute.go:57] Database ping is quick (likely cached), took 510.875µs
I0910 17:22:30.153322   91897 engine.go:216] [projects/emulator/locations/emulator/services/uiuc-cmind 127c] ExecuteMutation mutation UpsertAssignment: succeeded. Connector: default
I0910 17:22:30.153455   91897 execute.go:57] Database ping is quick (likely cached), took 99.041µs
I0910 17:22:30.154534   91897 engine.go:216] [projects/emulator/locations/emulator/services/uiuc-cmind 127c] ExecuteMutation mutation UpsertAssignment: succeeded. Connector: default
I0910 17:22:30.155283   91897 execute.go:57] Database ping is quick (likely cached), took 691µs
I0910 17:22:30.155911   91897 engine.go:216] [projects/emulator/locations/emulator/services/uiuc-cmind 127c] ExecuteMutation mutation UpsertAssignment: succeeded. Connector: default
I0910 17:22:30.156056   91897 execute.go:57] Database ping is quick (likely cached), took 108.125µs
I0910 17:22:30.157042   91897 engine.go:216] [projects/emulator/locations/emulator/services/uiuc-cmind 127c] ExecuteMutation mutation UpsertAssignment: succeeded. Connector: default
I0910 17:22:30.157208   91897 execute.go:57] Database ping is quick (likely cached), took 131.583µs
I0910 17:22:30.158122   91897 engine.go:216] [projects/emulator/locations/emulator/services/uiuc-cmind 127c] ExecuteMutation mutation UpsertAssignment: succeeded. Connector: default
I0910 17:22:30.158321   91897 execute.go:57] Database ping is quick (likely cached), took 178.375µs
I0910 17:22:30.159213   91897 engine.go:216] [projects/emulator/locations/emulator/services/uiuc-cmind 127c] ExecuteMutation mutation UpsertAssignment: succeeded. Connector: default
I0910 17:22:30.159371   91897 execute.go:57] Database ping is quick (likely cached), took 79.75µs
I0910 17:22:30.160236   91897 engine.go:216] [projects/emulator/locations/emulator/services/uiuc-cmind 127c] ExecuteMutation mutation UpsertAssignment: succeeded. Connector: default
I0910 17:22:30.160392   91897 execute.go:57] Database ping is quick (likely cached), took 124.625µs
I0910 17:22:30.161159   91897 engine.go:216] [projects/emulator/locations/emulator/services/uiuc-cmind 127c] ExecuteMutation mutation UpsertAssignment: succeeded. Connector: default
I0910 17:22:30.161328   91897 execute.go:57] Database ping is quick (likely cached), took 133.875µs
I0910 17:22:30.162243   91897 engine.go:216] [projects/emulator/locations/emulator/services/uiuc-cmind 127c] ExecuteMutation mutation UpsertAssignment: succeeded. Connector: default
I0910 17:22:30.162429   91897 execute.go:57] Database ping is quick (likely cached), took 148.666µs
I0910 17:22:30.163397   91897 engine.go:216] [projects/emulator/locations/emulator/services/uiuc-cmind 127c] ExecuteMutation mutation UpsertAssignment: succeeded. Connector: default
I0910 17:22:30.163584   91897 execute.go:57] Database ping is quick (likely cached), took 157.125µs
I0910 17:22:30.164979   91897 engine.go:216] [projects/emulator/locations/emulator/services/uiuc-cmind 127c] ExecuteMutation mutation UpsertAssignment: succeeded. Connector: default
I0910 17:22:30.165144   91897 execute.go:57] Database ping is quick (likely cached), took 127.584µs
I0910 17:22:30.166638   91897 engine.go:216] [projects/emulator/locations/emulator/services/uiuc-cmind 127c] ExecuteMutation mutation UpsertAssignment: succeeded. Connector: default
I0910 17:22:30.167052   91897 execute.go:57] Database ping is quick (likely cached), took 289.834µs
I0910 17:22:30.167743   91897 engine.go:216] [projects/emulator/locations/emulator/services/uiuc-cmind 127c] ExecuteMutation mutation UpsertAssignment: succeeded. Connector: default
I0910 17:22:30.167883   91897 execute.go:57] Database ping is quick (likely cached), took 107.291µs
I0910 17:22:30.168470   91897 engine.go:216] [projects/emulator/locations/emulator/services/uiuc-cmind 127c] ExecuteMutation mutation UpsertAssignment: succeeded. Connector: default
I0910 17:22:30.168736   91897 execute.go:57] Database ping is quick (likely cached), took 239.25µs
I0910 17:22:30.169301   91897 engine.go:216] [projects/emulator/locations/emulator/services/uiuc-cmind 127c] ExecuteMutation mutation UpsertAssignment: succeeded. Connector: default
I0910 17:22:30.169464   91897 execute.go:57] Database ping is quick (likely cached), took 132.791µs
I0910 17:22:30.170060   91897 engine.go:216] [projects/emulator/locations/emulator/services/uiuc-cmind 127c] ExecuteMutation mutation UpsertAssignment: succeeded. Connector: default
I0910 17:22:30.170323   91897 execute.go:57] Database ping is quick (likely cached), took 191.583µs
I0910 17:22:30.171214   91897 engine.go:216] [projects/emulator/locations/emulator/services/uiuc-cmind 127c] ExecuteMutation mutation UpsertAssignment: succeeded. Connector: default
I0910 17:22:30.172041   91897 execute.go:57] Database ping is quick (likely cached), took 286.542µs
I0910 17:22:30.172675   91897 engine.go:216] [projects/emulator/locations/emulator/services/uiuc-cmind 127c] ExecuteMutation mutation UpsertUserAssignment: succeeded. Connector: default
I0910 17:22:30.173337   91897 execute.go:57] Database ping is quick (likely cached), took 120.625µs
I0910 17:22:30.173915   91897 engine.go:216] [projects/emulator/locations/emulator/services/uiuc-cmind 127c] ExecuteMutation mutation UpsertUserAssignment: succeeded. Connector: default
I0910 17:22:30.174503   91897 execute.go:57] Database ping is quick (likely cached), took 153.291µs
I0910 17:22:30.175303   91897 engine.go:216] [projects/emulator/locations/emulator/services/uiuc-cmind 127c] ExecuteMutation mutation UpsertUserAssignment: succeeded. Connector: default
I0910 17:22:30.176023   91897 execute.go:57] Database ping is quick (likely cached), took 143.042µs
I0910 17:22:30.176551   91897 engine.go:216] [projects/emulator/locations/emulator/services/uiuc-cmind 127c] ExecuteMutation mutation UpsertUserAssignment: succeeded. Connector: default
I0910 17:22:30.177099   91897 execute.go:57] Database ping is quick (likely cached), took 112.25µs
I0910 17:22:30.177637   91897 engine.go:216] [projects/emulator/locations/emulator/services/uiuc-cmind 127c] ExecuteMutation mutation UpsertUserAssignment: succeeded. Connector: default
I0910 17:22:30.178217   91897 execute.go:57] Database ping is quick (likely cached), took 106.916µs
I0910 17:22:30.178753   91897 engine.go:216] [projects/emulator/locations/emulator/services/uiuc-cmind 127c] ExecuteMutation mutation UpsertUserAssignment: succeeded. Connector: default
I0910 17:22:30.179357   91897 execute.go:57] Database ping is quick (likely cached), took 125.333µs
I0910 17:22:30.179909   91897 engine.go:216] [projects/emulator/locations/emulator/services/uiuc-cmind 127c] ExecuteMutation mutation UpsertUserAssignment: succeeded. Connector: default
I0910 17:22:30.180546   91897 execute.go:57] Database ping is quick (likely cached), took 321.5µs
I0910 17:22:30.181152   91897 engine.go:216] [projects/emulator/locations/emulator/services/uiuc-cmind 127c] ExecuteMutation mutation UpsertUserAssignment: succeeded. Connector: default
I0910 17:22:30.181667   91897 execute.go:57] Database ping is quick (likely cached), took 136.208µs
I0910 17:22:30.182172   91897 engine.go:216] [projects/emulator/locations/emulator/services/uiuc-cmind 127c] ExecuteMutation mutation UpsertUserAssignment: succeeded. Connector: default
I0910 17:22:30.182544   91897 execute.go:57] Database ping is quick (likely cached), took 95.333µs
I0910 17:22:30.183079   91897 engine.go:216] [projects/emulator/locations/emulator/services/uiuc-cmind 127c] ExecuteMutation mutation UpsertUserAssignment: succeeded. Connector: default
I0910 17:22:30.183417   91897 execute.go:57] Database ping is quick (likely cached), took 87µs
I0910 17:22:30.184132   91897 engine.go:216] [projects/emulator/locations/emulator/services/uiuc-cmind 127c] ExecuteMutation mutation UpsertUserAssignment: succeeded. Connector: default
I0910 17:22:30.184483   91897 execute.go:57] Database ping is quick (likely cached), took 99µs
I0910 17:22:30.185009   91897 engine.go:216] [projects/emulator/locations/emulator/services/uiuc-cmind 127c] ExecuteMutation mutation UpsertUserAssignment: succeeded. Connector: default
I0910 17:22:30.186160   91897 execute.go:57] Database ping is quick (likely cached), took 404.666µs
I0910 17:22:30.186765   91897 engine.go:216] [projects/emulator/locations/emulator/services/uiuc-cmind 127c] ExecuteMutation mutation UpsertUserAssignment: succeeded. Connector: default
I0910 17:22:30.187216   91897 execute.go:57] Database ping is quick (likely cached), took 91.792µs
I0910 17:22:30.187727   91897 engine.go:216] [projects/emulator/locations/emulator/services/uiuc-cmind 127c] ExecuteMutation mutation UpsertUserAssignment: succeeded. Connector: default
I0910 17:22:30.188076   91897 execute.go:57] Database ping is quick (likely cached), took 110.667µs
I0910 17:22:30.188585   91897 engine.go:216] [projects/emulator/locations/emulator/services/uiuc-cmind 127c] ExecuteMutation mutation UpsertUserAssignment: succeeded. Connector: default
I0910 17:22:30.188902   91897 execute.go:57] Database ping is quick (likely cached), took 86.75µs
I0910 17:22:30.189454   91897 engine.go:216] [projects/emulator/locations/emulator/services/uiuc-cmind 127c] ExecuteMutation mutation UpsertUserAssignment: succeeded. Connector: default
I0910 17:22:30.189760   91897 execute.go:57] Database ping is quick (likely cached), took 90.583µs
I0910 17:22:30.190269   91897 engine.go:216] [projects/emulator/locations/emulator/services/uiuc-cmind 127c] ExecuteMutation mutation UpsertUserAssignment: succeeded. Connector: default
I0910 17:22:30.190632   91897 execute.go:57] Database ping is quick (likely cached), took 110.458µs
I0910 17:22:30.191109   91897 engine.go:216] [projects/emulator/locations/emulator/services/uiuc-cmind 127c] ExecuteMutation mutation UpsertUserAssignment: succeeded. Connector: default
I0910 17:22:30.191425   91897 execute.go:57] Database ping is quick (likely cached), took 93.875µs
I0910 17:22:30.191950   91897 engine.go:216] [projects/emulator/locations/emulator/services/uiuc-cmind 127c] ExecuteMutation mutation UpsertUserAssignment: succeeded. Connector: default
I0910 17:22:30.194009   91897 execute.go:57] Database ping is quick (likely cached), took 1.829791ms
I0910 17:22:30.195115   91897 engine.go:216] [projects/emulator/locations/emulator/services/uiuc-cmind 127c] ExecuteMutation mutation UpsertUserAssignment: succeeded. Connector: default
I0910 17:22:30.195531   91897 execute.go:57] Database ping is quick (likely cached), took 128.042µs
I0910 17:22:30.196805   91897 engine.go:216] [projects/emulator/locations/emulator/services/uiuc-cmind 127c] ExecuteMutation mutation UpsertUserAssignment: succeeded. Connector: default
I0910 17:22:30.197746   91897 execute.go:57] Database ping is quick (likely cached), took 597.333µs
I0910 17:22:30.198966   91897 engine.go:216] [projects/emulator/locations/emulator/services/uiuc-cmind 127c] ExecuteMutation mutation UpsertUserAssignment: succeeded. Connector: default
I0910 17:22:30.199368   91897 execute.go:57] Database ping is quick (likely cached), took 136.083µs
I0910 17:22:30.200151   91897 engine.go:216] [projects/emulator/locations/emulator/services/uiuc-cmind 127c] ExecuteMutation mutation UpsertUserAssignment: succeeded. Connector: default
I0910 17:22:30.200556   91897 execute.go:57] Database ping is quick (likely cached), took 150.333µs
I0910 17:22:30.201318   91897 engine.go:216] [projects/emulator/locations/emulator/services/uiuc-cmind 127c] ExecuteMutation mutation UpsertUserAssignment: succeeded. Connector: default
I0910 17:22:30.201827   91897 execute.go:57] Database ping is quick (likely cached), took 242.708µs
I0910 17:22:30.202703   91897 engine.go:216] [projects/emulator/locations/emulator/services/uiuc-cmind 127c] ExecuteMutation mutation UpsertUserAssignment: succeeded. Connector: default
I0910 17:22:30.204202   91897 execute.go:57] Database ping is quick (likely cached), took 524.584µs
I0910 17:22:30.205100   91897 engine.go:216] [projects/emulator/locations/emulator/services/uiuc-cmind 127c] ExecuteMutation mutation UpsertUserAssignment: succeeded. Connector: default
I0910 17:22:30.205583   91897 execute.go:57] Database ping is quick (likely cached), took 166.208µs
I0910 17:22:30.206363   91897 engine.go:216] [projects/emulator/locations/emulator/services/uiuc-cmind 127c] ExecuteMutation mutation UpsertUserAssignment: succeeded. Connector: default
I0910 17:22:30.206817   91897 execute.go:57] Database ping is quick (likely cached), took 122.625µs
I0910 17:22:30.207583   91897 engine.go:216] [projects/emulator/locations/emulator/services/uiuc-cmind 127c] ExecuteMutation mutation UpsertUserAssignment: succeeded. Connector: default
I0910 17:22:30.208553   91897 execute.go:57] Database ping is quick (likely cached), took 216.667µs
I0910 17:22:30.209427   91897 engine.go:216] [projects/emulator/locations/emulator/services/uiuc-cmind 127c] ExecuteMutation mutation UpsertUserAssignment: succeeded. Connector: default
I0910 17:22:30.210388   91897 execute.go:57] Database ping is quick (likely cached), took 628.167µs
I0910 17:22:30.211309   91897 engine.go:216] [projects/emulator/locations/emulator/services/uiuc-cmind 127c] ExecuteMutation mutation UpsertUserAssignment: succeeded. Connector: default
I0910 17:22:30.214823   91897 execute.go:57] Database ping is quick (likely cached), took 3.126958ms
I0910 17:22:30.215860   91897 engine.go:216] [projects/emulator/locations/emulator/services/uiuc-cmind 127c] ExecuteMutation mutation UpsertUserAssignment: succeeded. Connector: default
I0910 17:22:30.216445   91897 execute.go:57] Database ping is quick (likely cached), took 146µs
I0910 17:22:30.217127   91897 engine.go:216] [projects/emulator/locations/emulator/services/uiuc-cmind 127c] ExecuteMutation mutation UpsertUserAssignment: succeeded. Connector: default
I0910 17:22:30.217615   91897 execute.go:57] Database ping is quick (likely cached), took 139.75µs
I0910 17:22:30.218258   91897 engine.go:216] [projects/emulator/locations/emulator/services/uiuc-cmind 127c] ExecuteMutation mutation UpsertUserAssignment: succeeded. Connector: default
I0910 17:22:30.218622   91897 execute.go:57] Database ping is quick (likely cached), took 95.166µs
I0910 17:22:30.219156   91897 engine.go:216] [projects/emulator/locations/emulator/services/uiuc-cmind 127c] ExecuteMutation mutation UpsertUserAssignment: succeeded. Connector: default
I0910 17:22:30.219511   91897 execute.go:57] Database ping is quick (likely cached), took 102.666µs
I0910 17:22:30.220121   91897 engine.go:216] [projects/emulator/locations/emulator/services/uiuc-cmind 127c] ExecuteMutation mutation UpsertUserAssignment: succeeded. Connector: default
I0910 17:22:30.220494   91897 execute.go:57] Database ping is quick (likely cached), took 134.167µs
I0910 17:22:30.221191   91897 engine.go:216] [projects/emulator/locations/emulator/services/uiuc-cmind 127c] ExecuteMutation mutation UpsertUserAssignment: succeeded. Connector: default
I0910 17:22:30.221740   91897 execute.go:57] Database ping is quick (likely cached), took 159.958µs
I0910 17:22:30.222585   91897 engine.go:216] [projects/emulator/locations/emulator/services/uiuc-cmind 127c] ExecuteMutation mutation UpsertUserAssignment: succeeded. Connector: default
I0910 17:22:30.223113   91897 execute.go:57] Database ping is quick (likely cached), took 254.5µs
I0910 17:22:30.224678   91897 engine.go:216] [projects/emulator/locations/emulator/services/uiuc-cmind 127c] ExecuteMutation mutation UpsertUserAssignment: succeeded. Connector: default
I0910 17:22:30.225128   91897 execute.go:57] Database ping is quick (likely cached), took 132µs
I0910 17:22:30.225920   91897 engine.go:216] [projects/emulator/locations/emulator/services/uiuc-cmind 127c] ExecuteMutation mutation UpsertUserAssignment: succeeded. Connector: default
I0910 17:22:30.226500   91897 execute.go:57] Database ping is quick (likely cached), took 220.667µs
I0910 17:22:30.227103   91897 engine.go:216] [projects/emulator/locations/emulator/services/uiuc-cmind 127c] ExecuteMutation mutation UpsertUserAssignment: succeeded. Connector: default
I0910 17:22:30.227443   91897 execute.go:57] Database ping is quick (likely cached), took 99.708µs
I0910 17:22:30.228028   91897 engine.go:216] [projects/emulator/locations/emulator/services/uiuc-cmind 127c] ExecuteMutation mutation UpsertUserAssignment: succeeded. Connector: default
I0910 17:22:30.228346   91897 execute.go:57] Database ping is quick (likely cached), took 94.042µs
I0910 17:22:30.228959   91897 engine.go:216] [projects/emulator/locations/emulator/services/uiuc-cmind 127c] ExecuteMutation mutation UpsertUserAssignment: succeeded. Connector: default
I0910 17:22:30.229281   91897 execute.go:57] Database ping is quick (likely cached), took 93.75µs
I0910 17:22:30.229859   91897 engine.go:216] [projects/emulator/locations/emulator/services/uiuc-cmind 127c] ExecuteMutation mutation UpsertUserAssignment: succeeded. Connector: default
I0910 17:22:30.230205   91897 execute.go:57] Database ping is quick (likely cached), took 88.625µs
I0910 17:22:30.230717   91897 engine.go:216] [projects/emulator/locations/emulator/services/uiuc-cmind 127c] ExecuteMutation mutation UpsertUserAssignment: succeeded. Connector: default
I0910 17:22:30.231045   91897 execute.go:57] Database ping is quick (likely cached), took 86.5µs
I0910 17:22:30.231559   91897 engine.go:216] [projects/emulator/locations/emulator/services/uiuc-cmind 127c] ExecuteMutation mutation UpsertUserAssignment: succeeded. Connector: default
I0910 17:22:30.231940   91897 execute.go:57] Database ping is quick (likely cached), took 96.625µs
I0910 17:22:30.232499   91897 engine.go:216] [projects/emulator/locations/emulator/services/uiuc-cmind 127c] ExecuteMutation mutation UpsertUserAssignment: succeeded. Connector: default
I0910 17:22:30.232840   91897 execute.go:57] Database ping is quick (likely cached), took 118.291µs
I0910 17:22:30.233342   91897 engine.go:216] [projects/emulator/locations/emulator/services/uiuc-cmind 127c] ExecuteMutation mutation UpsertUserAssignment: succeeded. Connector: default
I0910 17:22:30.233723   91897 execute.go:57] Database ping is quick (likely cached), took 122.75µs
I0910 17:22:30.234265   91897 engine.go:216] [projects/emulator/locations/emulator/services/uiuc-cmind 127c] ExecuteMutation mutation UpsertUserAssignment: succeeded. Connector: default
I0910 17:22:30.234593   91897 execute.go:57] Database ping is quick (likely cached), took 90.583µs
I0910 17:22:30.235179   91897 engine.go:216] [projects/emulator/locations/emulator/services/uiuc-cmind 127c] ExecuteMutation mutation UpsertUserAssignment: succeeded. Connector: default
I0910 17:22:30.236279   91897 execute.go:57] Database ping is quick (likely cached), took 416.292µs
I0910 17:22:30.236994   91897 engine.go:216] [projects/emulator/locations/emulator/services/uiuc-cmind 127c] ExecuteMutation mutation UpsertUserAssignment: succeeded. Connector: default
I0910 17:22:30.237399   91897 execute.go:57] Database ping is quick (likely cached), took 93.833µs
I0910 17:22:30.238050   91897 engine.go:216] [projects/emulator/locations/emulator/services/uiuc-cmind 127c] ExecuteMutation mutation UpsertUserAssignment: succeeded. Connector: default
I0910 17:22:30.238532   91897 execute.go:57] Database ping is quick (likely cached), took 101.917µs
I0910 17:22:30.239151   91897 engine.go:216] [projects/emulator/locations/emulator/services/uiuc-cmind 127c] ExecuteMutation mutation UpsertUserAssignment: succeeded. Connector: default
I0910 17:22:30.239770   91897 execute.go:57] Database ping is quick (likely cached), took 283.167µs
I0910 17:22:30.240340   91897 engine.go:216] [projects/emulator/locations/emulator/services/uiuc-cmind 127c] ExecuteMutation mutation UpsertUserAssignment: succeeded. Connector: default
I0910 17:22:30.241502   91897 execute.go:57] Database ping is quick (likely cached), took 126.458µs
I0910 17:22:30.242082   91897 engine.go:216] [projects/emulator/locations/emulator/services/uiuc-cmind 127c] ExecuteMutation mutation UpsertUserAssignment: succeeded. Connector: default
I0910 17:22:30.242524   91897 execute.go:57] Database ping is quick (likely cached), took 126.333µs
I0910 17:22:30.243103   91897 engine.go:216] [projects/emulator/locations/emulator/services/uiuc-cmind 127c] ExecuteMutation mutation UpsertUserAssignment: succeeded. Connector: default
I0910 17:22:30.243439   91897 execute.go:57] Database ping is quick (likely cached), took 95.917µs
I0910 17:22:30.243949   91897 engine.go:216] [projects/emulator/locations/emulator/services/uiuc-cmind 127c] ExecuteMutation mutation UpsertUserAssignment: succeeded. Connector: default
I0910 17:22:30.244288   91897 execute.go:57] Database ping is quick (likely cached), took 88µs
I0910 17:22:30.244881   91897 engine.go:216] [projects/emulator/locations/emulator/services/uiuc-cmind 127c] ExecuteMutation mutation UpsertUserAssignment: succeeded. Connector: default
I0910 17:22:30.245361   91897 execute.go:57] Database ping is quick (likely cached), took 153.417µs
I0910 17:22:30.245933   91897 engine.go:216] [projects/emulator/locations/emulator/services/uiuc-cmind 127c] ExecuteMutation mutation UpsertUserAssignment: succeeded. Connector: default
I0910 17:22:30.246256   91897 execute.go:57] Database ping is quick (likely cached), took 97.417µs
I0910 17:22:30.246910   91897 engine.go:216] [projects/emulator/locations/emulator/services/uiuc-cmind 127c] ExecuteMutation mutation UpsertUserAssignment: succeeded. Connector: default
I0910 17:22:30.247352   91897 execute.go:57] Database ping is quick (likely cached), took 111.75µs
I0910 17:22:30.247980   91897 engine.go:216] [projects/emulator/locations/emulator/services/uiuc-cmind 127c] ExecuteMutation mutation UpsertUserAssignment: succeeded. Connector: default
I0910 17:22:30.248376   91897 execute.go:57] Database ping is quick (likely cached), took 94.125µs
I0910 17:22:30.248899   91897 engine.go:216] [projects/emulator/locations/emulator/services/uiuc-cmind 127c] ExecuteMutation mutation UpsertUserAssignment: succeeded. Connector: default
I0910 17:22:30.249261   91897 execute.go:57] Database ping is quick (likely cached), took 108.042µs
I0910 17:22:30.249908   91897 engine.go:216] [projects/emulator/locations/emulator/services/uiuc-cmind 127c] ExecuteMutation mutation UpsertUserAssignment: succeeded. Connector: default
I0910 17:22:30.250858   91897 execute.go:57] Database ping is quick (likely cached), took 112.875µs
I0910 17:22:30.251355   91897 engine.go:216] [projects/emulator/locations/emulator/services/uiuc-cmind 127c] ExecuteMutation mutation UpsertUserAssignment: succeeded. Connector: default
I0910 17:22:30.251655   91897 execute.go:57] Database ping is quick (likely cached), took 93.875µs
I0910 17:22:30.252570   91897 engine.go:216] [projects/emulator/locations/emulator/services/uiuc-cmind 127c] ExecuteMutation mutation UpsertUserAssignment: succeeded. Connector: default
I0910 17:22:30.252859   91897 execute.go:57] Database ping is quick (likely cached), took 90.292µs
I0910 17:22:30.253348   91897 engine.go:216] [projects/emulator/locations/emulator/services/uiuc-cmind 127c] ExecuteMutation mutation UpsertUserAssignment: succeeded. Connector: default
I0910 17:22:30.253663   91897 execute.go:57] Database ping is quick (likely cached), took 88.75µs
I0910 17:22:30.254133   91897 engine.go:216] [projects/emulator/locations/emulator/services/uiuc-cmind 127c] ExecuteMutation mutation UpsertUserAssignment: succeeded. Connector: default
I0910 17:22:30.254552   91897 execute.go:57] Database ping is quick (likely cached), took 99.292µs
I0910 17:22:30.255157   91897 engine.go:216] [projects/emulator/locations/emulator/services/uiuc-cmind 127c] ExecuteMutation mutation UpsertUserAssignment: succeeded. Connector: default
I0910 17:22:30.255635   91897 execute.go:57] Database ping is quick (likely cached), took 142.042µs
I0910 17:22:30.256445   91897 engine.go:216] [projects/emulator/locations/emulator/services/uiuc-cmind 127c] ExecuteMutation mutation UpsertUserAssignment: succeeded. Connector: default
I0910 17:22:30.256940   91897 execute.go:57] Database ping is quick (likely cached), took 128.583µs
I0910 17:22:30.257837   91897 engine.go:216] [projects/emulator/locations/emulator/services/uiuc-cmind 127c] ExecuteMutation mutation UpsertUserAssignment: succeeded. Connector: default
I0910 17:22:30.258179   91897 execute.go:57] Database ping is quick (likely cached), took 98.625µs
I0910 17:22:30.258823   91897 engine.go:216] [projects/emulator/locations/emulator/services/uiuc-cmind 127c] ExecuteMutation mutation UpsertUserAssignment: succeeded. Connector: default
I0910 17:22:30.259160   91897 execute.go:57] Database ping is quick (likely cached), took 89.917µs
I0910 17:22:30.259912   91897 engine.go:216] [projects/emulator/locations/emulator/services/uiuc-cmind 127c] ExecuteMutation mutation UpsertUserAssignment: succeeded. Connector: default
I0910 17:22:30.260274   91897 execute.go:57] Database ping is quick (likely cached), took 120.25µs
I0910 17:22:30.260935   91897 engine.go:216] [projects/emulator/locations/emulator/services/uiuc-cmind 127c] ExecuteMutation mutation UpsertUserAssignment: succeeded. Connector: default
I0910 17:22:30.261287   91897 execute.go:57] Database ping is quick (likely cached), took 91.542µs
I0910 17:22:30.261864   91897 engine.go:216] [projects/emulator/locations/emulator/services/uiuc-cmind 127c] ExecuteMutation mutation UpsertUserAssignment: succeeded. Connector: default
I0910 17:22:30.263508   91897 execute.go:57] Database ping is quick (likely cached), took 359.458µs
I0910 17:22:30.264749   91897 engine.go:216] [projects/emulator/locations/emulator/services/uiuc-cmind 127c] ExecuteMutation mutation UpsertUserAssignment: succeeded. Connector: default
I0910 17:22:30.265465   91897 execute.go:57] Database ping is quick (likely cached), took 339.708µs
I0910 17:22:30.266532   91897 engine.go:216] [projects/emulator/locations/emulator/services/uiuc-cmind 127c] ExecuteMutation mutation UpsertUserAssignment: succeeded. Connector: default
I0910 17:22:30.267091   91897 execute.go:57] Database ping is quick (likely cached), took 111.042µs
I0910 17:22:30.267711   91897 engine.go:216] [projects/emulator/locations/emulator/services/uiuc-cmind 127c] ExecuteMutation mutation UpsertUserAssignment: succeeded. Connector: default
I0910 17:22:30.268159   91897 execute.go:57] Database ping is quick (likely cached), took 90.917µs
I0910 17:22:30.268735   91897 engine.go:216] [projects/emulator/locations/emulator/services/uiuc-cmind 127c] ExecuteMutation mutation UpsertUserAssignment: succeeded. Connector: default
I0910 17:22:30.269295   91897 execute.go:57] Database ping is quick (likely cached), took 242.625µs
I0910 17:22:30.270185   91897 engine.go:216] [projects/emulator/locations/emulator/services/uiuc-cmind 127c] ExecuteMutation mutation UpsertUserAssignment: succeeded. Connector: default
I0910 17:22:30.270535   91897 execute.go:57] Database ping is quick (likely cached), took 99.541µs
I0910 17:22:30.271072   91897 engine.go:216] [projects/emulator/locations/emulator/services/uiuc-cmind 127c] ExecuteMutation mutation UpsertUserAssignment: succeeded. Connector: default
I0910 17:22:30.271437   91897 execute.go:57] Database ping is quick (likely cached), took 95.209µs
I0910 17:22:30.271913   91897 engine.go:216] [projects/emulator/locations/emulator/services/uiuc-cmind 127c] ExecuteMutation mutation UpsertUserAssignment: succeeded. Connector: default
I0910 17:22:30.272267   91897 execute.go:57] Database ping is quick (likely cached), took 124.5µs
I0910 17:22:30.273143   91897 engine.go:216] [projects/emulator/locations/emulator/services/uiuc-cmind 127c] ExecuteMutation mutation UpsertUserAssignment: succeeded. Connector: default
I0910 17:22:30.273464   91897 execute.go:57] Database ping is quick (likely cached), took 100.042µs
I0910 17:22:30.273973   91897 engine.go:216] [projects/emulator/locations/emulator/services/uiuc-cmind 127c] ExecuteMutation mutation UpsertUserAssignment: succeeded. Connector: default
I0910 17:22:30.274283   91897 execute.go:57] Database ping is quick (likely cached), took 87.625µs
I0910 17:22:30.274773   91897 engine.go:216] [projects/emulator/locations/emulator/services/uiuc-cmind 127c] ExecuteMutation mutation UpsertUserAssignment: succeeded. Connector: default
I0910 17:22:30.275082   91897 execute.go:57] Database ping is quick (likely cached), took 89.875µs
I0910 17:22:30.275608   91897 engine.go:216] [projects/emulator/locations/emulator/services/uiuc-cmind 127c] ExecuteMutation mutation UpsertUserAssignment: succeeded. Connector: default
I0910 17:22:30.275913   91897 execute.go:57] Database ping is quick (likely cached), took 98.375µs
I0910 17:22:30.276434   91897 engine.go:216] [projects/emulator/locations/emulator/services/uiuc-cmind 127c] ExecuteMutation mutation UpsertUserAssignment: succeeded. Connector: default
I0910 17:22:30.277397   91897 execute.go:57] Database ping is quick (likely cached), took 584.417µs
I0910 17:22:30.278121   91897 engine.go:216] [projects/emulator/locations/emulator/services/uiuc-cmind 127c] ExecuteMutation mutation UpsertUserAssignment: succeeded. Connector: default
I0910 17:22:30.278459   91897 execute.go:57] Database ping is quick (likely cached), took 102.167µs
I0910 17:22:30.278913   91897 engine.go:216] [projects/emulator/locations/emulator/services/uiuc-cmind 127c] ExecuteMutation mutation UpsertUserAssignment: succeeded. Connector: default
I0910 17:22:30.279228   91897 execute.go:57] Database ping is quick (likely cached), took 106.208µs
I0910 17:22:30.279792   91897 engine.go:216] [projects/emulator/locations/emulator/services/uiuc-cmind 127c] ExecuteMutation mutation UpsertUserAssignment: succeeded. Connector: default
I0910 17:22:30.280116   91897 execute.go:57] Database ping is quick (likely cached), took 96.292µs
I0910 17:22:30.280615   91897 engine.go:216] [projects/emulator/locations/emulator/services/uiuc-cmind 127c] ExecuteMutation mutation UpsertUserAssignment: succeeded. Connector: default
I0910 17:22:30.280914   91897 execute.go:57] Database ping is quick (likely cached), took 84.708µs
I0910 17:22:30.281378   91897 engine.go:216] [projects/emulator/locations/emulator/services/uiuc-cmind 127c] ExecuteMutation mutation UpsertUserAssignment: succeeded. Connector: default
I0910 17:22:30.281698   91897 execute.go:57] Database ping is quick (likely cached), took 98.041µs
I0910 17:22:30.282315   91897 engine.go:216] [projects/emulator/locations/emulator/services/uiuc-cmind 127c] ExecuteMutation mutation UpsertUserAssignment: succeeded. Connector: default
I0910 17:22:30.282778   91897 execute.go:57] Database ping is quick (likely cached), took 124.792µs
I0910 17:22:30.283303   91897 engine.go:216] [projects/emulator/locations/emulator/services/uiuc-cmind 127c] ExecuteMutation mutation UpsertUserAssignment: succeeded. Connector: default
I0910 17:22:32.420942   91897 execute.go:57] Database ping is quick (likely cached), took 1.625041ms
I0910 17:22:32.423513   91897 engine.go:216] [projects/emulator/locations/emulator/services/uiuc-cmind 127c] ExecuteMutation mutation UpsertCourse: succeeded. Connector: default
I0910 17:22:32.423986   91897 execute.go:57] Database ping is quick (likely cached), took 386.042µs
I0910 17:22:32.426388   91897 engine.go:216] [projects/emulator/locations/emulator/services/uiuc-cmind 127c] ExecuteMutation mutation UpsertCourse: succeeded. Connector: default
I0910 17:22:32.427835   91897 execute.go:57] Database ping is quick (likely cached), took 1.294584ms
I0910 17:22:32.430833   91897 engine.go:216] [projects/emulator/locations/emulator/services/uiuc-cmind 127c] ExecuteMutation mutation UpsertCourse: succeeded. Connector: default
I0910 17:22:32.431196   91897 execute.go:57] Database ping is quick (likely cached), took 282.542µs
I0910 17:22:32.432717   91897 engine.go:216] [projects/emulator/locations/emulator/services/uiuc-cmind 127c] ExecuteMutation mutation UpsertCourse: succeeded. Connector: default
I0910 17:22:32.433320   91897 execute.go:57] Database ping is quick (likely cached), took 511.25µs
I0910 17:22:32.435480   91897 engine.go:216] [projects/emulator/locations/emulator/services/uiuc-cmind 127c] ExecuteMutation mutation UpsertCourse: succeeded. Connector: default
I0910 17:22:32.436428   91897 execute.go:57] Database ping is quick (likely cached), took 397.667µs
I0910 17:22:32.438281   91897 engine.go:216] [projects/emulator/locations/emulator/services/uiuc-cmind 127c] ExecuteMutation mutation AddEnrollment: succeeded. Connector: default
I0910 17:22:32.438985   91897 execute.go:57] Database ping is quick (likely cached), took 337.208µs
I0910 17:22:32.439856   91897 engine.go:216] [projects/emulator/locations/emulator/services/uiuc-cmind 127c] ExecuteMutation mutation AddEnrollment: succeeded. Connector: default
I0910 17:22:32.440520   91897 execute.go:57] Database ping is quick (likely cached), took 365.041µs
I0910 17:22:32.441567   91897 engine.go:216] [projects/emulator/locations/emulator/services/uiuc-cmind 127c] ExecuteMutation mutation AddEnrollment: succeeded. Connector: default
I0910 17:22:32.442280   91897 execute.go:57] Database ping is quick (likely cached), took 398.708µs
I0910 17:22:32.443085   91897 engine.go:216] [projects/emulator/locations/emulator/services/uiuc-cmind 127c] ExecuteMutation mutation AddEnrollment: succeeded. Connector: default
I0910 17:22:32.443687   91897 execute.go:57] Database ping is quick (likely cached), took 283.041µs
I0910 17:22:32.444421   91897 engine.go:216] [projects/emulator/locations/emulator/services/uiuc-cmind 127c] ExecuteMutation mutation AddEnrollment: succeeded. Connector: default
I0910 17:22:32.448962   91897 execute.go:57] Database ping is quick (likely cached), took 1.951667ms
I0910 17:22:32.451928   91897 engine.go:216] [projects/emulator/locations/emulator/services/uiuc-cmind 127c] ExecuteMutation mutation UpsertAssignment: succeeded. Connector: default
I0910 17:22:32.452387   91897 execute.go:57] Database ping is quick (likely cached), took 398.834µs
I0910 17:22:32.454935   91897 engine.go:216] [projects/emulator/locations/emulator/services/uiuc-cmind 127c] ExecuteMutation mutation UpsertAssignment: succeeded. Connector: default
I0910 17:22:32.455546   91897 execute.go:57] Database ping is quick (likely cached), took 511.834µs
I0910 17:22:32.457061   91897 engine.go:216] [projects/emulator/locations/emulator/services/uiuc-cmind 127c] ExecuteMutation mutation UpsertAssignment: succeeded. Connector: default
I0910 17:22:32.457262   91897 execute.go:57] Database ping is quick (likely cached), took 138.875µs
I0910 17:22:32.458189   91897 engine.go:216] [projects/emulator/locations/emulator/services/uiuc-cmind 127c] ExecuteMutation mutation UpsertAssignment: succeeded. Connector: default
I0910 17:22:32.458389   91897 execute.go:57] Database ping is quick (likely cached), took 127.5µs
I0910 17:22:32.459388   91897 engine.go:216] [projects/emulator/locations/emulator/services/uiuc-cmind 127c] ExecuteMutation mutation UpsertAssignment: succeeded. Connector: default
I0910 17:22:32.459616   91897 execute.go:57] Database ping is quick (likely cached), took 181.333µs
I0910 17:22:32.460476   91897 engine.go:216] [projects/emulator/locations/emulator/services/uiuc-cmind 127c] ExecuteMutation mutation UpsertAssignment: succeeded. Connector: default
I0910 17:22:32.460684   91897 execute.go:57] Database ping is quick (likely cached), took 164.042µs
I0910 17:22:32.461631   91897 engine.go:216] [projects/emulator/locations/emulator/services/uiuc-cmind 127c] ExecuteMutation mutation UpsertAssignment: succeeded. Connector: default
I0910 17:22:32.461840   91897 execute.go:57] Database ping is quick (likely cached), took 182.75µs
I0910 17:22:32.462927   91897 engine.go:216] [projects/emulator/locations/emulator/services/uiuc-cmind 127c] ExecuteMutation mutation UpsertAssignment: succeeded. Connector: default
I0910 17:22:32.463115   91897 execute.go:57] Database ping is quick (likely cached), took 150.542µs
I0910 17:22:32.464057   91897 engine.go:216] [projects/emulator/locations/emulator/services/uiuc-cmind 127c] ExecuteMutation mutation UpsertAssignment: succeeded. Connector: default
I0910 17:22:32.464216   91897 execute.go:57] Database ping is quick (likely cached), took 128.334µs
I0910 17:22:32.465173   91897 engine.go:216] [projects/emulator/locations/emulator/services/uiuc-cmind 127c] ExecuteMutation mutation UpsertAssignment: succeeded. Connector: default
I0910 17:22:32.465370   91897 execute.go:57] Database ping is quick (likely cached), took 135.125µs
I0910 17:22:32.466214   91897 engine.go:216] [projects/emulator/locations/emulator/services/uiuc-cmind 127c] ExecuteMutation mutation UpsertAssignment: succeeded. Connector: default
I0910 17:22:32.466411   91897 execute.go:57] Database ping is quick (likely cached), took 157.583µs
I0910 17:22:32.467334   91897 engine.go:216] [projects/emulator/locations/emulator/services/uiuc-cmind 127c] ExecuteMutation mutation UpsertAssignment: succeeded. Connector: default
I0910 17:22:32.467475   91897 execute.go:57] Database ping is quick (likely cached), took 108.084µs
I0910 17:22:32.468592   91897 engine.go:216] [projects/emulator/locations/emulator/services/uiuc-cmind 127c] ExecuteMutation mutation UpsertAssignment: succeeded. Connector: default
I0910 17:22:32.468794   91897 execute.go:57] Database ping is quick (likely cached), took 171.25µs
I0910 17:22:32.469746   91897 engine.go:216] [projects/emulator/locations/emulator/services/uiuc-cmind 127c] ExecuteMutation mutation UpsertAssignment: succeeded. Connector: default
I0910 17:22:32.469896   91897 execute.go:57] Database ping is quick (likely cached), took 118.667µs
I0910 17:22:32.470764   91897 engine.go:216] [projects/emulator/locations/emulator/services/uiuc-cmind 127c] ExecuteMutation mutation UpsertAssignment: succeeded. Connector: default
I0910 17:22:32.470928   91897 execute.go:57] Database ping is quick (likely cached), took 126.541µs
I0910 17:22:32.471921   91897 engine.go:216] [projects/emulator/locations/emulator/services/uiuc-cmind 127c] ExecuteMutation mutation UpsertAssignment: succeeded. Connector: default
I0910 17:22:32.472093   91897 execute.go:57] Database ping is quick (likely cached), took 140.916µs
I0910 17:22:32.473013   91897 engine.go:216] [projects/emulator/locations/emulator/services/uiuc-cmind 127c] ExecuteMutation mutation UpsertAssignment: succeeded. Connector: default
I0910 17:22:32.473164   91897 execute.go:57] Database ping is quick (likely cached), took 118.959µs
I0910 17:22:32.474019   91897 engine.go:216] [projects/emulator/locations/emulator/services/uiuc-cmind 127c] ExecuteMutation mutation UpsertAssignment: succeeded. Connector: default
I0910 17:22:32.474182   91897 execute.go:57] Database ping is quick (likely cached), took 135.834µs
I0910 17:22:32.475084   91897 engine.go:216] [projects/emulator/locations/emulator/services/uiuc-cmind 127c] ExecuteMutation mutation UpsertAssignment: succeeded. Connector: default
I0910 17:22:32.475239   91897 execute.go:57] Database ping is quick (likely cached), took 126.75µs
I0910 17:22:32.476149   91897 engine.go:216] [projects/emulator/locations/emulator/services/uiuc-cmind 127c] ExecuteMutation mutation UpsertAssignment: succeeded. Connector: default
I0910 17:22:32.476312   91897 execute.go:57] Database ping is quick (likely cached), took 134.75µs
I0910 17:22:32.477184   91897 engine.go:216] [projects/emulator/locations/emulator/services/uiuc-cmind 127c] ExecuteMutation mutation UpsertAssignment: succeeded. Connector: default
I0910 17:22:32.477336   91897 execute.go:57] Database ping is quick (likely cached), took 125.708µs
I0910 17:22:32.478225   91897 engine.go:216] [projects/emulator/locations/emulator/services/uiuc-cmind 127c] ExecuteMutation mutation UpsertAssignment: succeeded. Connector: default
I0910 17:22:32.478425   91897 execute.go:57] Database ping is quick (likely cached), took 161.875µs
I0910 17:22:32.479355   91897 engine.go:216] [projects/emulator/locations/emulator/services/uiuc-cmind 127c] ExecuteMutation mutation UpsertAssignment: succeeded. Connector: default
I0910 17:22:32.479560   91897 execute.go:57] Database ping is quick (likely cached), took 124µs
I0910 17:22:32.480463   91897 engine.go:216] [projects/emulator/locations/emulator/services/uiuc-cmind 127c] ExecuteMutation mutation UpsertAssignment: succeeded. Connector: default
I0910 17:22:32.480605   91897 execute.go:57] Database ping is quick (likely cached), took 114.042µs
I0910 17:22:32.481465   91897 engine.go:216] [projects/emulator/locations/emulator/services/uiuc-cmind 127c] ExecuteMutation mutation UpsertAssignment: succeeded. Connector: default
I0910 17:22:32.481616   91897 execute.go:57] Database ping is quick (likely cached), took 113.75µs
I0910 17:22:32.482532   91897 engine.go:216] [projects/emulator/locations/emulator/services/uiuc-cmind 127c] ExecuteMutation mutation UpsertAssignment: succeeded. Connector: default
I0910 17:22:32.482699   91897 execute.go:57] Database ping is quick (likely cached), took 127.792µs
I0910 17:22:32.483613   91897 engine.go:216] [projects/emulator/locations/emulator/services/uiuc-cmind 127c] ExecuteMutation mutation UpsertAssignment: succeeded. Connector: default
I0910 17:22:32.483760   91897 execute.go:57] Database ping is quick (likely cached), took 123.75µs
I0910 17:22:32.484582   91897 engine.go:216] [projects/emulator/locations/emulator/services/uiuc-cmind 127c] ExecuteMutation mutation UpsertAssignment: succeeded. Connector: default
I0910 17:22:32.484722   91897 execute.go:57] Database ping is quick (likely cached), took 107.5µs
I0910 17:22:32.485556   91897 engine.go:216] [projects/emulator/locations/emulator/services/uiuc-cmind 127c] ExecuteMutation mutation UpsertAssignment: succeeded. Connector: default
I0910 17:22:32.485696   91897 execute.go:57] Database ping is quick (likely cached), took 111.125µs
I0910 17:22:32.486879   91897 engine.go:216] [projects/emulator/locations/emulator/services/uiuc-cmind 127c] ExecuteMutation mutation UpsertAssignment: succeeded. Connector: default
I0910 17:22:32.487040   91897 execute.go:57] Database ping is quick (likely cached), took 106.959µs
I0910 17:22:32.488064   91897 engine.go:216] [projects/emulator/locations/emulator/services/uiuc-cmind 127c] ExecuteMutation mutation UpsertAssignment: succeeded. Connector: default
I0910 17:22:32.488316   91897 execute.go:57] Database ping is quick (likely cached), took 144.917µs
I0910 17:22:32.489241   91897 engine.go:216] [projects/emulator/locations/emulator/services/uiuc-cmind 127c] ExecuteMutation mutation UpsertAssignment: succeeded. Connector: default
I0910 17:22:32.489474   91897 execute.go:57] Database ping is quick (likely cached), took 193.042µs
I0910 17:22:32.490363   91897 engine.go:216] [projects/emulator/locations/emulator/services/uiuc-cmind 127c] ExecuteMutation mutation UpsertAssignment: succeeded. Connector: default
I0910 17:22:32.490593   91897 execute.go:57] Database ping is quick (likely cached), took 155.958µs
I0910 17:22:32.491648   91897 engine.go:216] [projects/emulator/locations/emulator/services/uiuc-cmind 127c] ExecuteMutation mutation UpsertAssignment: succeeded. Connector: default
I0910 17:22:32.491819   91897 execute.go:57] Database ping is quick (likely cached), took 134.084µs
I0910 17:22:32.492762   91897 engine.go:216] [projects/emulator/locations/emulator/services/uiuc-cmind 127c] ExecuteMutation mutation UpsertAssignment: succeeded. Connector: default
I0910 17:22:32.492928   91897 execute.go:57] Database ping is quick (likely cached), took 125.208µs
I0910 17:22:32.493822   91897 engine.go:216] [projects/emulator/locations/emulator/services/uiuc-cmind 127c] ExecuteMutation mutation UpsertAssignment: succeeded. Connector: default
I0910 17:22:32.493993   91897 execute.go:57] Database ping is quick (likely cached), took 115.834µs
I0910 17:22:32.494915   91897 engine.go:216] [projects/emulator/locations/emulator/services/uiuc-cmind 127c] ExecuteMutation mutation UpsertAssignment: succeeded. Connector: default
I0910 17:22:32.495087   91897 execute.go:57] Database ping is quick (likely cached), took 141.833µs
I0910 17:22:32.495947   91897 engine.go:216] [projects/emulator/locations/emulator/services/uiuc-cmind 127c] ExecuteMutation mutation UpsertAssignment: succeeded. Connector: default
I0910 17:22:32.496109   91897 execute.go:57] Database ping is quick (likely cached), took 132.625µs
I0910 17:22:32.496952   91897 engine.go:216] [projects/emulator/locations/emulator/services/uiuc-cmind 127c] ExecuteMutation mutation UpsertAssignment: succeeded. Connector: default
I0910 17:22:32.497113   91897 execute.go:57] Database ping is quick (likely cached), took 105.375µs
I0910 17:22:32.497951   91897 engine.go:216] [projects/emulator/locations/emulator/services/uiuc-cmind 127c] ExecuteMutation mutation UpsertAssignment: succeeded. Connector: default
I0910 17:22:32.498104   91897 execute.go:57] Database ping is quick (likely cached), took 126µs
I0910 17:22:32.499049   91897 engine.go:216] [projects/emulator/locations/emulator/services/uiuc-cmind 127c] ExecuteMutation mutation UpsertAssignment: succeeded. Connector: default
I0910 17:22:32.499197   91897 execute.go:57] Database ping is quick (likely cached), took 118.666µs
I0910 17:22:32.500458   91897 engine.go:216] [projects/emulator/locations/emulator/services/uiuc-cmind 127c] ExecuteMutation mutation UpsertAssignment: succeeded. Connector: default
I0910 17:22:32.500814   91897 execute.go:57] Database ping is quick (likely cached), took 277.541µs
I0910 17:22:32.501728   91897 engine.go:216] [projects/emulator/locations/emulator/services/uiuc-cmind 127c] ExecuteMutation mutation UpsertAssignment: succeeded. Connector: default
I0910 17:22:32.501892   91897 execute.go:57] Database ping is quick (likely cached), took 124.208µs
I0910 17:22:32.502813   91897 engine.go:216] [projects/emulator/locations/emulator/services/uiuc-cmind 127c] ExecuteMutation mutation UpsertAssignment: succeeded. Connector: default
I0910 17:22:32.503061   91897 execute.go:57] Database ping is quick (likely cached), took 214µs
I0910 17:22:32.503981   91897 engine.go:216] [projects/emulator/locations/emulator/services/uiuc-cmind 127c] ExecuteMutation mutation UpsertAssignment: succeeded. Connector: default
I0910 17:22:32.504179   91897 execute.go:57] Database ping is quick (likely cached), took 161.917µs
I0910 17:22:32.505128   91897 engine.go:216] [projects/emulator/locations/emulator/services/uiuc-cmind 127c] ExecuteMutation mutation UpsertAssignment: succeeded. Connector: default
I0910 17:22:32.505357   91897 execute.go:57] Database ping is quick (likely cached), took 183.709µs
I0910 17:22:32.506752   91897 engine.go:216] [projects/emulator/locations/emulator/services/uiuc-cmind 127c] ExecuteMutation mutation UpsertAssignment: succeeded. Connector: default
I0910 17:22:32.507106   91897 execute.go:57] Database ping is quick (likely cached), took 209.084µs
I0910 17:22:32.508118   91897 engine.go:216] [projects/emulator/locations/emulator/services/uiuc-cmind 127c] ExecuteMutation mutation UpsertAssignment: succeeded. Connector: default
I0910 17:22:32.508300   91897 execute.go:57] Database ping is quick (likely cached), took 146.792µs
I0910 17:22:32.509236   91897 engine.go:216] [projects/emulator/locations/emulator/services/uiuc-cmind 127c] ExecuteMutation mutation UpsertAssignment: succeeded. Connector: default
I0910 17:22:32.509393   91897 execute.go:57] Database ping is quick (likely cached), took 118.459µs
I0910 17:22:32.510431   91897 engine.go:216] [projects/emulator/locations/emulator/services/uiuc-cmind 127c] ExecuteMutation mutation UpsertAssignment: succeeded. Connector: default
I0910 17:22:32.510582   91897 execute.go:57] Database ping is quick (likely cached), took 111µs
I0910 17:22:32.511496   91897 engine.go:216] [projects/emulator/locations/emulator/services/uiuc-cmind 127c] ExecuteMutation mutation UpsertAssignment: succeeded. Connector: default
I0910 17:22:32.511718   91897 execute.go:57] Database ping is quick (likely cached), took 188.75µs
I0910 17:22:32.512669   91897 engine.go:216] [projects/emulator/locations/emulator/services/uiuc-cmind 127c] ExecuteMutation mutation UpsertAssignment: succeeded. Connector: default
I0910 17:22:32.512899   91897 execute.go:57] Database ping is quick (likely cached), took 151.042µs
I0910 17:22:32.513821   91897 engine.go:216] [projects/emulator/locations/emulator/services/uiuc-cmind 127c] ExecuteMutation mutation UpsertAssignment: succeeded. Connector: default
I0910 17:22:32.513996   91897 execute.go:57] Database ping is quick (likely cached), took 125.75µs
I0910 17:22:32.514839   91897 engine.go:216] [projects/emulator/locations/emulator/services/uiuc-cmind 127c] ExecuteMutation mutation UpsertAssignment: succeeded. Connector: default
I0910 17:22:32.515180   91897 execute.go:57] Database ping is quick (likely cached), took 292.458µs
I0910 17:22:32.515903   91897 engine.go:216] [projects/emulator/locations/emulator/services/uiuc-cmind 127c] ExecuteMutation mutation UpsertAssignment: succeeded. Connector: default
I0910 17:22:32.516273   91897 execute.go:57] Database ping is quick (likely cached), took 300.291µs
I0910 17:22:32.517053   91897 engine.go:216] [projects/emulator/locations/emulator/services/uiuc-cmind 127c] ExecuteMutation mutation UpsertAssignment: succeeded. Connector: default
I0910 17:22:32.517203   91897 execute.go:57] Database ping is quick (likely cached), took 105.166µs
I0910 17:22:32.518050   91897 engine.go:216] [projects/emulator/locations/emulator/services/uiuc-cmind 127c] ExecuteMutation mutation UpsertAssignment: succeeded. Connector: default
I0910 17:22:32.518183   91897 execute.go:57] Database ping is quick (likely cached), took 98.584µs
I0910 17:22:32.519032   91897 engine.go:216] [projects/emulator/locations/emulator/services/uiuc-cmind 127c] ExecuteMutation mutation UpsertAssignment: succeeded. Connector: default
I0910 17:22:32.519148   91897 execute.go:57] Database ping is quick (likely cached), took 87.083µs
I0910 17:22:32.520081   91897 engine.go:216] [projects/emulator/locations/emulator/services/uiuc-cmind 127c] ExecuteMutation mutation UpsertAssignment: succeeded. Connector: default
I0910 17:22:32.520219   91897 execute.go:57] Database ping is quick (likely cached), took 103.042µs
I0910 17:22:32.521126   91897 engine.go:216] [projects/emulator/locations/emulator/services/uiuc-cmind 127c] ExecuteMutation mutation UpsertAssignment: succeeded. Connector: default
I0910 17:22:32.521275   91897 execute.go:57] Database ping is quick (likely cached), took 116.083µs
I0910 17:22:32.522170   91897 engine.go:216] [projects/emulator/locations/emulator/services/uiuc-cmind 127c] ExecuteMutation mutation UpsertAssignment: succeeded. Connector: default
I0910 17:22:32.522379   91897 execute.go:57] Database ping is quick (likely cached), took 168.708µs
I0910 17:22:32.523310   91897 engine.go:216] [projects/emulator/locations/emulator/services/uiuc-cmind 127c] ExecuteMutation mutation UpsertAssignment: succeeded. Connector: default
I0910 17:22:32.523453   91897 execute.go:57] Database ping is quick (likely cached), took 114.125µs
I0910 17:22:32.524481   91897 engine.go:216] [projects/emulator/locations/emulator/services/uiuc-cmind 127c] ExecuteMutation mutation UpsertAssignment: succeeded. Connector: default
I0910 17:22:32.524822   91897 execute.go:57] Database ping is quick (likely cached), took 293.125µs
I0910 17:22:32.526029   91897 engine.go:216] [projects/emulator/locations/emulator/services/uiuc-cmind 127c] ExecuteMutation mutation UpsertAssignment: succeeded. Connector: default
I0910 17:22:32.526180   91897 execute.go:57] Database ping is quick (likely cached), took 110.75µs
I0910 17:22:32.526981   91897 engine.go:216] [projects/emulator/locations/emulator/services/uiuc-cmind 127c] ExecuteMutation mutation UpsertAssignment: succeeded. Connector: default
I0910 17:22:32.527153   91897 execute.go:57] Database ping is quick (likely cached), took 112µs
I0910 17:22:32.528084   91897 engine.go:216] [projects/emulator/locations/emulator/services/uiuc-cmind 127c] ExecuteMutation mutation UpsertAssignment: succeeded. Connector: default
I0910 17:22:32.528224   91897 execute.go:57] Database ping is quick (likely cached), took 114µs
I0910 17:22:32.529098   91897 engine.go:216] [projects/emulator/locations/emulator/services/uiuc-cmind 127c] ExecuteMutation mutation UpsertAssignment: succeeded. Connector: default
I0910 17:22:32.529441   91897 execute.go:57] Database ping is quick (likely cached), took 302.625µs
I0910 17:22:32.530240   91897 engine.go:216] [projects/emulator/locations/emulator/services/uiuc-cmind 127c] ExecuteMutation mutation UpsertAssignment: succeeded. Connector: default
I0910 17:22:32.530456   91897 execute.go:57] Database ping is quick (likely cached), took 184.458µs
I0910 17:22:32.531374   91897 engine.go:216] [projects/emulator/locations/emulator/services/uiuc-cmind 127c] ExecuteMutation mutation UpsertAssignment: succeeded. Connector: default
I0910 17:22:32.531533   91897 execute.go:57] Database ping is quick (likely cached), took 136.542µs
I0910 17:22:32.532425   91897 engine.go:216] [projects/emulator/locations/emulator/services/uiuc-cmind 127c] ExecuteMutation mutation UpsertAssignment: succeeded. Connector: default
I0910 17:22:32.532585   91897 execute.go:57] Database ping is quick (likely cached), took 130.916µs
I0910 17:22:32.533520   91897 engine.go:216] [projects/emulator/locations/emulator/services/uiuc-cmind 127c] ExecuteMutation mutation UpsertAssignment: succeeded. Connector: default
I0910 17:22:32.533666   91897 execute.go:57] Database ping is quick (likely cached), took 124µs
I0910 17:22:32.534458   91897 engine.go:216] [projects/emulator/locations/emulator/services/uiuc-cmind 127c] ExecuteMutation mutation UpsertAssignment: succeeded. Connector: default
I0910 17:22:32.534930   91897 execute.go:57] Database ping is quick (likely cached), took 404.125µs
I0910 17:22:32.535572   91897 engine.go:216] [projects/emulator/locations/emulator/services/uiuc-cmind 127c] ExecuteMutation mutation UpsertAssignment: succeeded. Connector: default
I0910 17:22:32.535779   91897 execute.go:57] Database ping is quick (likely cached), took 173.834µs
I0910 17:22:32.536606   91897 engine.go:216] [projects/emulator/locations/emulator/services/uiuc-cmind 127c] ExecuteMutation mutation UpsertAssignment: succeeded. Connector: default
I0910 17:22:32.536975   91897 execute.go:57] Database ping is quick (likely cached), took 327.333µs
I0910 17:22:32.537885   91897 engine.go:216] [projects/emulator/locations/emulator/services/uiuc-cmind 127c] ExecuteMutation mutation UpsertAssignment: succeeded. Connector: default
I0910 17:22:32.538120   91897 execute.go:57] Database ping is quick (likely cached), took 203.208µs
I0910 17:22:32.539133   91897 engine.go:216] [projects/emulator/locations/emulator/services/uiuc-cmind 127c] ExecuteMutation mutation UpsertAssignment: succeeded. Connector: default
I0910 17:22:32.539290   91897 execute.go:57] Database ping is quick (likely cached), took 128.167µs
I0910 17:22:32.540341   91897 engine.go:216] [projects/emulator/locations/emulator/services/uiuc-cmind 127c] ExecuteMutation mutation UpsertAssignment: succeeded. Connector: default
I0910 17:22:32.540494   91897 execute.go:57] Database ping is quick (likely cached), took 124.25µs
I0910 17:22:32.541352   91897 engine.go:216] [projects/emulator/locations/emulator/services/uiuc-cmind 127c] ExecuteMutation mutation UpsertAssignment: succeeded. Connector: default
I0910 17:22:32.541489   91897 execute.go:57] Database ping is quick (likely cached), took 96.75µs
I0910 17:22:32.542324   91897 engine.go:216] [projects/emulator/locations/emulator/services/uiuc-cmind 127c] ExecuteMutation mutation UpsertAssignment: succeeded. Connector: default
I0910 17:22:32.542464   91897 execute.go:57] Database ping is quick (likely cached), took 112.959µs
I0910 17:22:32.543300   91897 engine.go:216] [projects/emulator/locations/emulator/services/uiuc-cmind 127c] ExecuteMutation mutation UpsertAssignment: succeeded. Connector: default
I0910 17:22:32.543496   91897 execute.go:57] Database ping is quick (likely cached), took 158.375µs
I0910 17:22:32.544618   91897 engine.go:216] [projects/emulator/locations/emulator/services/uiuc-cmind 127c] ExecuteMutation mutation UpsertAssignment: succeeded. Connector: default
I0910 17:22:32.544751   91897 execute.go:57] Database ping is quick (likely cached), took 101.125µs
I0910 17:22:32.546973   91897 engine.go:216] [projects/emulator/locations/emulator/services/uiuc-cmind 127c] ExecuteMutation mutation UpsertAssignment: succeeded. Connector: default
I0910 17:22:32.547511   91897 execute.go:57] Database ping is quick (likely cached), took 456.583µs
I0910 17:22:32.548604   91897 engine.go:216] [projects/emulator/locations/emulator/services/uiuc-cmind 127c] ExecuteMutation mutation UpsertAssignment: succeeded. Connector: default
I0910 17:22:32.548813   91897 execute.go:57] Database ping is quick (likely cached), took 165.25µs
I0910 17:22:32.550728   91897 engine.go:216] [projects/emulator/locations/emulator/services/uiuc-cmind 127c] ExecuteMutation mutation UpsertAssignment: succeeded. Connector: default
I0910 17:22:32.551015   91897 execute.go:57] Database ping is quick (likely cached), took 241.666µs
I0910 17:22:32.552370   91897 engine.go:216] [projects/emulator/locations/emulator/services/uiuc-cmind 127c] ExecuteMutation mutation UpsertAssignment: succeeded. Connector: default
I0910 17:22:32.552616   91897 execute.go:57] Database ping is quick (likely cached), took 187.042µs
I0910 17:22:32.553501   91897 engine.go:216] [projects/emulator/locations/emulator/services/uiuc-cmind 127c] ExecuteMutation mutation UpsertAssignment: succeeded. Connector: default
I0910 17:22:32.553844   91897 execute.go:57] Database ping is quick (likely cached), took 233.875µs
I0910 17:22:32.554767   91897 engine.go:216] [projects/emulator/locations/emulator/services/uiuc-cmind 127c] ExecuteMutation mutation UpsertAssignment: succeeded. Connector: default
I0910 17:22:32.554926   91897 execute.go:57] Database ping is quick (likely cached), took 96.417µs
I0910 17:22:32.556251   91897 engine.go:216] [projects/emulator/locations/emulator/services/uiuc-cmind 127c] ExecuteMutation mutation UpsertAssignment: succeeded. Connector: default
I0910 17:22:32.556538   91897 execute.go:57] Database ping is quick (likely cached), took 237.958µs
I0910 17:22:32.557529   91897 engine.go:216] [projects/emulator/locations/emulator/services/uiuc-cmind 127c] ExecuteMutation mutation UpsertAssignment: succeeded. Connector: default
I0910 17:22:32.557692   91897 execute.go:57] Database ping is quick (likely cached), took 127.041µs
I0910 17:22:32.558676   91897 engine.go:216] [projects/emulator/locations/emulator/services/uiuc-cmind 127c] ExecuteMutation mutation UpsertAssignment: succeeded. Connector: default
I0910 17:22:32.558824   91897 execute.go:57] Database ping is quick (likely cached), took 118.041µs
I0910 17:22:32.559696   91897 engine.go:216] [projects/emulator/locations/emulator/services/uiuc-cmind 127c] ExecuteMutation mutation UpsertAssignment: succeeded. Connector: default
I0910 17:22:32.559850   91897 execute.go:57] Database ping is quick (likely cached), took 122.417µs
I0910 17:22:32.560713   91897 engine.go:216] [projects/emulator/locations/emulator/services/uiuc-cmind 127c] ExecuteMutation mutation UpsertAssignment: succeeded. Connector: default
I0910 17:22:32.561396   91897 execute.go:57] Database ping is quick (likely cached), took 141.75µs
I0910 17:22:32.561937   91897 engine.go:216] [projects/emulator/locations/emulator/services/uiuc-cmind 127c] ExecuteMutation mutation UpsertUserAssignment: succeeded. Connector: default
I0910 17:22:32.562581   91897 execute.go:57] Database ping is quick (likely cached), took 297µs
I0910 17:22:32.563113   91897 engine.go:216] [projects/emulator/locations/emulator/services/uiuc-cmind 127c] ExecuteMutation mutation UpsertUserAssignment: succeeded. Connector: default
I0910 17:22:32.563769   91897 execute.go:57] Database ping is quick (likely cached), took 162.583µs
I0910 17:22:32.564395   91897 engine.go:216] [projects/emulator/locations/emulator/services/uiuc-cmind 127c] ExecuteMutation mutation UpsertUserAssignment: succeeded. Connector: default
I0910 17:22:32.564908   91897 execute.go:57] Database ping is quick (likely cached), took 118.958µs
I0910 17:22:32.565502   91897 engine.go:216] [projects/emulator/locations/emulator/services/uiuc-cmind 127c] ExecuteMutation mutation UpsertUserAssignment: succeeded. Connector: default
I0910 17:22:32.566065   91897 execute.go:57] Database ping is quick (likely cached), took 224.125µs
I0910 17:22:32.566684   91897 engine.go:216] [projects/emulator/locations/emulator/services/uiuc-cmind 127c] ExecuteMutation mutation UpsertUserAssignment: succeeded. Connector: default
I0910 17:22:32.567288   91897 execute.go:57] Database ping is quick (likely cached), took 115.834µs
I0910 17:22:32.568153   91897 engine.go:216] [projects/emulator/locations/emulator/services/uiuc-cmind 127c] ExecuteMutation mutation UpsertUserAssignment: succeeded. Connector: default
I0910 17:22:32.568902   91897 execute.go:57] Database ping is quick (likely cached), took 325.667µs
I0910 17:22:32.569687   91897 engine.go:216] [projects/emulator/locations/emulator/services/uiuc-cmind 127c] ExecuteMutation mutation UpsertUserAssignment: succeeded. Connector: default
I0910 17:22:32.570416   91897 execute.go:57] Database ping is quick (likely cached), took 201.583µs
I0910 17:22:32.571522   91897 engine.go:216] [projects/emulator/locations/emulator/services/uiuc-cmind 127c] ExecuteMutation mutation UpsertUserAssignment: succeeded. Connector: default
I0910 17:22:32.572235   91897 execute.go:57] Database ping is quick (likely cached), took 176.709µs
I0910 17:22:32.573240   91897 engine.go:216] [projects/emulator/locations/emulator/services/uiuc-cmind 127c] ExecuteMutation mutation UpsertUserAssignment: succeeded. Connector: default
I0910 17:22:32.574515   91897 execute.go:57] Database ping is quick (likely cached), took 222.333µs
I0910 17:22:32.575280   91897 engine.go:216] [projects/emulator/locations/emulator/services/uiuc-cmind 127c] ExecuteMutation mutation UpsertUserAssignment: succeeded. Connector: default
I0910 17:22:32.575992   91897 execute.go:57] Database ping is quick (likely cached), took 174.75µs
I0910 17:22:32.576709   91897 engine.go:216] [projects/emulator/locations/emulator/services/uiuc-cmind 127c] ExecuteMutation mutation UpsertUserAssignment: succeeded. Connector: default
I0910 17:22:32.577381   91897 execute.go:57] Database ping is quick (likely cached), took 133.292µs
I0910 17:22:32.578067   91897 engine.go:216] [projects/emulator/locations/emulator/services/uiuc-cmind 127c] ExecuteMutation mutation UpsertUserAssignment: succeeded. Connector: default
I0910 17:22:32.578710   91897 execute.go:57] Database ping is quick (likely cached), took 150.333µs
I0910 17:22:32.579896   91897 engine.go:216] [projects/emulator/locations/emulator/services/uiuc-cmind 127c] ExecuteMutation mutation UpsertUserAssignment: succeeded. Connector: default
I0910 17:22:32.580732   91897 execute.go:57] Database ping is quick (likely cached), took 317.25µs
I0910 17:22:32.581631   91897 engine.go:216] [projects/emulator/locations/emulator/services/uiuc-cmind 127c] ExecuteMutation mutation UpsertUserAssignment: succeeded. Connector: default
I0910 17:22:32.582445   91897 execute.go:57] Database ping is quick (likely cached), took 310.292µs
I0910 17:22:32.583496   91897 engine.go:216] [projects/emulator/locations/emulator/services/uiuc-cmind 127c] ExecuteMutation mutation UpsertUserAssignment: succeeded. Connector: default
I0910 17:22:32.584333   91897 execute.go:57] Database ping is quick (likely cached), took 322.208µs
I0910 17:22:32.585759   91897 engine.go:216] [projects/emulator/locations/emulator/services/uiuc-cmind 127c] ExecuteMutation mutation UpsertUserAssignment: succeeded. Connector: default
I0910 17:22:32.587535   91897 execute.go:57] Database ping is quick (likely cached), took 425.083µs
I0910 17:22:32.588801   91897 engine.go:216] [projects/emulator/locations/emulator/services/uiuc-cmind 127c] ExecuteMutation mutation UpsertUserAssignment: succeeded. Connector: default
I0910 17:22:32.590048   91897 execute.go:57] Database ping is quick (likely cached), took 569.042µs
I0910 17:22:32.591597   91897 engine.go:216] [projects/emulator/locations/emulator/services/uiuc-cmind 127c] ExecuteMutation mutation UpsertUserAssignment: succeeded. Connector: default
I0910 17:22:32.592631   91897 execute.go:57] Database ping is quick (likely cached), took 350.375µs
I0910 17:22:32.593552   91897 engine.go:216] [projects/emulator/locations/emulator/services/uiuc-cmind 127c] ExecuteMutation mutation UpsertUserAssignment: succeeded. Connector: default
I0910 17:22:32.594372   91897 execute.go:57] Database ping is quick (likely cached), took 347.584µs
I0910 17:22:32.595123   91897 engine.go:216] [projects/emulator/locations/emulator/services/uiuc-cmind 127c] ExecuteMutation mutation UpsertUserAssignment: succeeded. Connector: default
I0910 17:22:32.595719   91897 execute.go:57] Database ping is quick (likely cached), took 296.75µs
I0910 17:22:32.596496   91897 engine.go:216] [projects/emulator/locations/emulator/services/uiuc-cmind 127c] ExecuteMutation mutation UpsertUserAssignment: succeeded. Connector: default
I0910 17:22:32.597263   91897 execute.go:57] Database ping is quick (likely cached), took 439.5µs
I0910 17:22:32.597845   91897 engine.go:216] [projects/emulator/locations/emulator/services/uiuc-cmind 127c] ExecuteMutation mutation UpsertUserAssignment: succeeded. Connector: default
I0910 17:22:32.598943   91897 execute.go:57] Database ping is quick (likely cached), took 304.25µs
I0910 17:22:32.599979   91897 engine.go:216] [projects/emulator/locations/emulator/services/uiuc-cmind 127c] ExecuteMutation mutation UpsertUserAssignment: succeeded. Connector: default
I0910 17:22:32.600448   91897 execute.go:57] Database ping is quick (likely cached), took 204.875µs
I0910 17:22:32.601434   91897 engine.go:216] [projects/emulator/locations/emulator/services/uiuc-cmind 127c] ExecuteMutation mutation UpsertUserAssignment: succeeded. Connector: default
I0910 17:22:32.602231   91897 execute.go:57] Database ping is quick (likely cached), took 325.958µs
I0910 17:22:32.602949   91897 engine.go:216] [projects/emulator/locations/emulator/services/uiuc-cmind 127c] ExecuteMutation mutation UpsertUserAssignment: succeeded. Connector: default
I0910 17:22:32.603711   91897 execute.go:57] Database ping is quick (likely cached), took 230.791µs
I0910 17:22:32.604312   91897 engine.go:216] [projects/emulator/locations/emulator/services/uiuc-cmind 127c] ExecuteMutation mutation UpsertUserAssignment: succeeded. Connector: default
I0910 17:22:32.605119   91897 execute.go:57] Database ping is quick (likely cached), took 231.042µs
I0910 17:22:32.605826   91897 engine.go:216] [projects/emulator/locations/emulator/services/uiuc-cmind 127c] ExecuteMutation mutation UpsertUserAssignment: succeeded. Connector: default
I0910 17:22:32.606711   91897 execute.go:57] Database ping is quick (likely cached), took 315.167µs
I0910 17:22:32.607728   91897 engine.go:216] [projects/emulator/locations/emulator/services/uiuc-cmind 127c] ExecuteMutation mutation UpsertUserAssignment: succeeded. Connector: default
I0910 17:22:32.608701   91897 execute.go:57] Database ping is quick (likely cached), took 239.375µs
I0910 17:22:32.609457   91897 engine.go:216] [projects/emulator/locations/emulator/services/uiuc-cmind 127c] ExecuteMutation mutation UpsertUserAssignment: succeeded. Connector: default
I0910 17:22:32.610259   91897 execute.go:57] Database ping is quick (likely cached), took 328.333µs
I0910 17:22:32.610933   91897 engine.go:216] [projects/emulator/locations/emulator/services/uiuc-cmind 127c] ExecuteMutation mutation UpsertUserAssignment: succeeded. Connector: default
I0910 17:22:32.611687   91897 execute.go:57] Database ping is quick (likely cached), took 184.833µs
I0910 17:22:32.612563   91897 engine.go:216] [projects/emulator/locations/emulator/services/uiuc-cmind 127c] ExecuteMutation mutation UpsertUserAssignment: succeeded. Connector: default
I0910 17:22:32.613335   91897 execute.go:57] Database ping is quick (likely cached), took 290.084µs
I0910 17:22:32.613964   91897 engine.go:216] [projects/emulator/locations/emulator/services/uiuc-cmind 127c] ExecuteMutation mutation UpsertUserAssignment: succeeded. Connector: default
I0910 17:22:32.614654   91897 execute.go:57] Database ping is quick (likely cached), took 261.833µs
I0910 17:22:32.615910   91897 engine.go:216] [projects/emulator/locations/emulator/services/uiuc-cmind 127c] ExecuteMutation mutation UpsertUserAssignment: succeeded. Connector: default
I0910 17:22:32.616690   91897 execute.go:57] Database ping is quick (likely cached), took 369.166µs
I0910 17:22:32.617392   91897 engine.go:216] [projects/emulator/locations/emulator/services/uiuc-cmind 127c] ExecuteMutation mutation UpsertUserAssignment: succeeded. Connector: default
I0910 17:22:32.618020   91897 execute.go:57] Database ping is quick (likely cached), took 198.625µs
I0910 17:22:32.618637   91897 engine.go:216] [projects/emulator/locations/emulator/services/uiuc-cmind 127c] ExecuteMutation mutation UpsertUserAssignment: succeeded. Connector: default
I0910 17:22:32.619499   91897 execute.go:57] Database ping is quick (likely cached), took 351.5µs
I0910 17:22:32.621184   91897 engine.go:216] [projects/emulator/locations/emulator/services/uiuc-cmind 127c] ExecuteMutation mutation UpsertUserAssignment: succeeded. Connector: default
I0910 17:22:32.622030   91897 execute.go:57] Database ping is quick (likely cached), took 302.958µs
I0910 17:22:32.622947   91897 engine.go:216] [projects/emulator/locations/emulator/services/uiuc-cmind 127c] ExecuteMutation mutation UpsertUserAssignment: succeeded. Connector: default
I0910 17:22:32.623881   91897 execute.go:57] Database ping is quick (likely cached), took 319.25µs
I0910 17:22:32.624668   91897 engine.go:216] [projects/emulator/locations/emulator/services/uiuc-cmind 127c] ExecuteMutation mutation UpsertUserAssignment: succeeded. Connector: default
I0910 17:22:32.625532   91897 execute.go:57] Database ping is quick (likely cached), took 308µs
I0910 17:22:32.626435   91897 engine.go:216] [projects/emulator/locations/emulator/services/uiuc-cmind 127c] ExecuteMutation mutation UpsertUserAssignment: succeeded. Connector: default
I0910 17:22:32.627173   91897 execute.go:57] Database ping is quick (likely cached), took 364.041µs
I0910 17:22:32.628448   91897 engine.go:216] [projects/emulator/locations/emulator/services/uiuc-cmind 127c] ExecuteMutation mutation UpsertUserAssignment: succeeded. Connector: default
I0910 17:22:32.629474   91897 execute.go:57] Database ping is quick (likely cached), took 378.292µs
I0910 17:22:32.630390   91897 engine.go:216] [projects/emulator/locations/emulator/services/uiuc-cmind 127c] ExecuteMutation mutation UpsertUserAssignment: succeeded. Connector: default
I0910 17:22:32.631321   91897 execute.go:57] Database ping is quick (likely cached), took 363.625µs
I0910 17:22:32.632302   91897 engine.go:216] [projects/emulator/locations/emulator/services/uiuc-cmind 127c] ExecuteMutation mutation UpsertUserAssignment: succeeded. Connector: default
I0910 17:22:32.633145   91897 execute.go:57] Database ping is quick (likely cached), took 161.375µs
I0910 17:22:32.634770   91897 engine.go:216] [projects/emulator/locations/emulator/services/uiuc-cmind 127c] ExecuteMutation mutation UpsertUserAssignment: succeeded. Connector: default
I0910 17:22:32.635487   91897 execute.go:57] Database ping is quick (likely cached), took 256.042µs
I0910 17:22:32.637033   91897 engine.go:216] [projects/emulator/locations/emulator/services/uiuc-cmind 127c] ExecuteMutation mutation UpsertUserAssignment: succeeded. Connector: default
I0910 17:22:32.637843   91897 execute.go:57] Database ping is quick (likely cached), took 261.209µs
I0910 17:22:32.639229   91897 engine.go:216] [projects/emulator/locations/emulator/services/uiuc-cmind 127c] ExecuteMutation mutation UpsertUserAssignment: succeeded. Connector: default
I0910 17:22:32.640031   91897 execute.go:57] Database ping is quick (likely cached), took 471.25µs
I0910 17:22:32.641419   91897 engine.go:216] [projects/emulator/locations/emulator/services/uiuc-cmind 127c] ExecuteMutation mutation UpsertUserAssignment: succeeded. Connector: default
I0910 17:22:32.642448   91897 execute.go:57] Database ping is quick (likely cached), took 433.875µs
I0910 17:22:32.643502   91897 engine.go:216] [projects/emulator/locations/emulator/services/uiuc-cmind 127c] ExecuteMutation mutation UpsertUserAssignment: succeeded. Connector: default
I0910 17:22:32.644414   91897 execute.go:57] Database ping is quick (likely cached), took 366.209µs
I0910 17:22:32.645553   91897 engine.go:216] [projects/emulator/locations/emulator/services/uiuc-cmind 127c] ExecuteMutation mutation UpsertUserAssignment: succeeded. Connector: default
I0910 17:22:32.646525   91897 execute.go:57] Database ping is quick (likely cached), took 268.291µs
I0910 17:22:32.647393   91897 engine.go:216] [projects/emulator/locations/emulator/services/uiuc-cmind 127c] ExecuteMutation mutation UpsertUserAssignment: succeeded. Connector: default
I0910 17:22:32.648424   91897 execute.go:57] Database ping is quick (likely cached), took 403.375µs
I0910 17:22:32.649673   91897 engine.go:216] [projects/emulator/locations/emulator/services/uiuc-cmind 127c] ExecuteMutation mutation UpsertUserAssignment: succeeded. Connector: default
I0910 17:22:32.650547   91897 execute.go:57] Database ping is quick (likely cached), took 318µs
I0910 17:22:32.652030   91897 engine.go:216] [projects/emulator/locations/emulator/services/uiuc-cmind 127c] ExecuteMutation mutation UpsertUserAssignment: succeeded. Connector: default
I0910 17:22:32.652827   91897 execute.go:57] Database ping is quick (likely cached), took 289.375µs
I0910 17:22:32.654545   91897 engine.go:216] [projects/emulator/locations/emulator/services/uiuc-cmind 127c] ExecuteMutation mutation UpsertUserAssignment: succeeded. Connector: default
I0910 17:22:32.655706   91897 execute.go:57] Database ping is quick (likely cached), took 653.583µs
I0910 17:22:32.662188   91897 engine.go:216] [projects/emulator/locations/emulator/services/uiuc-cmind 127c] ExecuteMutation mutation UpsertUserAssignment: succeeded. Connector: default
I0910 17:22:32.666311   91897 execute.go:57] Database ping is quick (likely cached), took 660.042µs
I0910 17:22:32.669743   91897 engine.go:216] [projects/emulator/locations/emulator/services/uiuc-cmind 127c] ExecuteMutation mutation UpsertUserAssignment: succeeded. Connector: default
I0910 17:22:32.671862   91897 execute.go:57] Database ping is quick (likely cached), took 416.667µs
I0910 17:22:32.674750   91897 engine.go:216] [projects/emulator/locations/emulator/services/uiuc-cmind 127c] ExecuteMutation mutation UpsertUserAssignment: succeeded. Connector: default
I0910 17:22:32.675571   91897 execute.go:57] Database ping is quick (likely cached), took 324.792µs
I0910 17:22:32.676940   91897 engine.go:216] [projects/emulator/locations/emulator/services/uiuc-cmind 127c] ExecuteMutation mutation UpsertUserAssignment: succeeded. Connector: default
I0910 17:22:32.677816   91897 execute.go:57] Database ping is quick (likely cached), took 280.666µs
I0910 17:22:32.679545   91897 engine.go:216] [projects/emulator/locations/emulator/services/uiuc-cmind 127c] ExecuteMutation mutation UpsertUserAssignment: succeeded. Connector: default
I0910 17:22:32.682364   91897 execute.go:57] Database ping is quick (likely cached), took 1.884584ms
I0910 17:22:32.684064   91897 engine.go:216] [projects/emulator/locations/emulator/services/uiuc-cmind 127c] ExecuteMutation mutation UpsertUserAssignment: succeeded. Connector: default
I0910 17:22:32.684902   91897 execute.go:57] Database ping is quick (likely cached), took 262.708µs
I0910 17:22:32.686139   91897 engine.go:216] [projects/emulator/locations/emulator/services/uiuc-cmind 127c] ExecuteMutation mutation UpsertUserAssignment: succeeded. Connector: default
I0910 17:22:32.687038   91897 execute.go:57] Database ping is quick (likely cached), took 336.917µs
I0910 17:22:32.687842   91897 engine.go:216] [projects/emulator/locations/emulator/services/uiuc-cmind 127c] ExecuteMutation mutation UpsertUserAssignment: succeeded. Connector: default
I0910 17:22:32.688627   91897 execute.go:57] Database ping is quick (likely cached), took 332.833µs
I0910 17:22:32.689284   91897 engine.go:216] [projects/emulator/locations/emulator/services/uiuc-cmind 127c] ExecuteMutation mutation UpsertUserAssignment: succeeded. Connector: default
I0910 17:22:32.690136   91897 execute.go:57] Database ping is quick (likely cached), took 330.375µs
I0910 17:22:32.691022   91897 engine.go:216] [projects/emulator/locations/emulator/services/uiuc-cmind 127c] ExecuteMutation mutation UpsertUserAssignment: succeeded. Connector: default
I0910 17:22:32.691655   91897 execute.go:57] Database ping is quick (likely cached), took 304.125µs
I0910 17:22:32.692469   91897 engine.go:216] [projects/emulator/locations/emulator/services/uiuc-cmind 127c] ExecuteMutation mutation UpsertUserAssignment: succeeded. Connector: default
I0910 17:22:32.693346   91897 execute.go:57] Database ping is quick (likely cached), took 343.417µs
I0910 17:22:32.694326   91897 engine.go:216] [projects/emulator/locations/emulator/services/uiuc-cmind 127c] ExecuteMutation mutation UpsertUserAssignment: succeeded. Connector: default
I0910 17:22:32.695152   91897 execute.go:57] Database ping is quick (likely cached), took 369.292µs
I0910 17:22:32.695826   91897 engine.go:216] [projects/emulator/locations/emulator/services/uiuc-cmind 127c] ExecuteMutation mutation UpsertUserAssignment: succeeded. Connector: default
I0910 17:22:32.696830   91897 execute.go:57] Database ping is quick (likely cached), took 216.583µs
I0910 17:22:32.697687   91897 engine.go:216] [projects/emulator/locations/emulator/services/uiuc-cmind 127c] ExecuteMutation mutation UpsertUserAssignment: succeeded. Connector: default
I0910 17:22:32.698374   91897 execute.go:57] Database ping is quick (likely cached), took 294.625µs
I0910 17:22:32.699231   91897 engine.go:216] [projects/emulator/locations/emulator/services/uiuc-cmind 127c] ExecuteMutation mutation UpsertUserAssignment: succeeded. Connector: default
I0910 17:22:32.699823   91897 execute.go:57] Database ping is quick (likely cached), took 333µs
I0910 17:22:32.700843   91897 engine.go:216] [projects/emulator/locations/emulator/services/uiuc-cmind 127c] ExecuteMutation mutation UpsertUserAssignment: succeeded. Connector: default
I0910 17:22:32.701790   91897 execute.go:57] Database ping is quick (likely cached), took 451.25µs
I0910 17:22:32.703004   91897 engine.go:216] [projects/emulator/locations/emulator/services/uiuc-cmind 127c] ExecuteMutation mutation UpsertUserAssignment: succeeded. Connector: default
I0910 17:22:32.704023   91897 execute.go:57] Database ping is quick (likely cached), took 333.333µs
I0910 17:22:32.704848   91897 engine.go:216] [projects/emulator/locations/emulator/services/uiuc-cmind 127c] ExecuteMutation mutation UpsertUserAssignment: succeeded. Connector: default
I0910 17:22:32.705574   91897 execute.go:57] Database ping is quick (likely cached), took 143.208µs
I0910 17:22:32.706274   91897 engine.go:216] [projects/emulator/locations/emulator/services/uiuc-cmind 127c] ExecuteMutation mutation UpsertUserAssignment: succeeded. Connector: default
I0910 17:22:32.707079   91897 execute.go:57] Database ping is quick (likely cached), took 356.958µs
I0910 17:22:32.707819   91897 engine.go:216] [projects/emulator/locations/emulator/services/uiuc-cmind 127c] ExecuteMutation mutation UpsertUserAssignment: succeeded. Connector: default
I0910 17:22:32.708660   91897 execute.go:57] Database ping is quick (likely cached), took 444.458µs
I0910 17:22:32.709646   91897 engine.go:216] [projects/emulator/locations/emulator/services/uiuc-cmind 127c] ExecuteMutation mutation UpsertUserAssignment: succeeded. Connector: default
I0910 17:22:32.710312   91897 execute.go:57] Database ping is quick (likely cached), took 337.333µs
I0910 17:22:32.711103   91897 engine.go:216] [projects/emulator/locations/emulator/services/uiuc-cmind 127c] ExecuteMutation mutation UpsertUserAssignment: succeeded. Connector: default
I0910 17:22:32.711874   91897 execute.go:57] Database ping is quick (likely cached), took 253.625µs
I0910 17:22:32.712795   91897 engine.go:216] [projects/emulator/locations/emulator/services/uiuc-cmind 127c] ExecuteMutation mutation UpsertUserAssignment: succeeded. Connector: default
I0910 17:22:32.713512   91897 execute.go:57] Database ping is quick (likely cached), took 308.833µs
I0910 17:22:32.714274   91897 engine.go:216] [projects/emulator/locations/emulator/services/uiuc-cmind 127c] ExecuteMutation mutation UpsertUserAssignment: succeeded. Connector: default
I0910 17:22:32.715403   91897 execute.go:57] Database ping is quick (likely cached), took 464.208µs
I0910 17:22:32.716174   91897 engine.go:216] [projects/emulator/locations/emulator/services/uiuc-cmind 127c] ExecuteMutation mutation UpsertUserAssignment: succeeded. Connector: default
I0910 17:22:32.716884   91897 execute.go:57] Database ping is quick (likely cached), took 336.334µs
I0910 17:22:32.717918   91897 engine.go:216] [projects/emulator/locations/emulator/services/uiuc-cmind 127c] ExecuteMutation mutation UpsertUserAssignment: succeeded. Connector: default
I0910 17:22:32.718753   91897 execute.go:57] Database ping is quick (likely cached), took 434.417µs
I0910 17:22:32.719489   91897 engine.go:216] [projects/emulator/locations/emulator/services/uiuc-cmind 127c] ExecuteMutation mutation UpsertUserAssignment: succeeded. Connector: default
I0910 17:22:32.720487   91897 execute.go:57] Database ping is quick (likely cached), took 344.458µs
I0910 17:22:32.721301   91897 engine.go:216] [projects/emulator/locations/emulator/services/uiuc-cmind 127c] ExecuteMutation mutation UpsertUserAssignment: succeeded. Connector: default
I0910 17:22:32.722152   91897 execute.go:57] Database ping is quick (likely cached), took 381.083µs
I0910 17:22:32.723209   91897 engine.go:216] [projects/emulator/locations/emulator/services/uiuc-cmind 127c] ExecuteMutation mutation UpsertUserAssignment: succeeded. Connector: default
I0910 17:22:32.723766   91897 execute.go:57] Database ping is quick (likely cached), took 210.792µs
I0910 17:22:32.724618   91897 engine.go:216] [projects/emulator/locations/emulator/services/uiuc-cmind 127c] ExecuteMutation mutation UpsertUserAssignment: succeeded. Connector: default
I0910 17:22:32.725403   91897 execute.go:57] Database ping is quick (likely cached), took 261.625µs
I0910 17:22:32.726161   91897 engine.go:216] [projects/emulator/locations/emulator/services/uiuc-cmind 127c] ExecuteMutation mutation UpsertUserAssignment: succeeded. Connector: default
I0910 17:22:32.726924   91897 execute.go:57] Database ping is quick (likely cached), took 316.291µs
I0910 17:22:32.727515   91897 engine.go:216] [projects/emulator/locations/emulator/services/uiuc-cmind 127c] ExecuteMutation mutation UpsertUserAssignment: succeeded. Connector: default
I0910 17:22:32.728127   91897 execute.go:57] Database ping is quick (likely cached), took 192µs
I0910 17:22:32.728640   91897 engine.go:216] [projects/emulator/locations/emulator/services/uiuc-cmind 127c] ExecuteMutation mutation UpsertUserAssignment: succeeded. Connector: default
I0910 17:22:32.729247   91897 execute.go:57] Database ping is quick (likely cached), took 278.458µs
I0910 17:22:32.730284   91897 engine.go:216] [projects/emulator/locations/emulator/services/uiuc-cmind 127c] ExecuteMutation mutation UpsertUserAssignment: succeeded. Connector: default
I0910 17:22:32.731153   91897 execute.go:57] Database ping is quick (likely cached), took 300.5µs
I0910 17:22:32.731956   91897 engine.go:216] [projects/emulator/locations/emulator/services/uiuc-cmind 127c] ExecuteMutation mutation UpsertUserAssignment: succeeded. Connector: default
I0910 17:22:32.732630   91897 execute.go:57] Database ping is quick (likely cached), took 273.042µs
I0910 17:22:32.733309   91897 engine.go:216] [projects/emulator/locations/emulator/services/uiuc-cmind 127c] ExecuteMutation mutation UpsertUserAssignment: succeeded. Connector: default
I0910 17:22:32.734780   91897 execute.go:57] Database ping is quick (likely cached), took 307.542µs
I0910 17:22:32.735440   91897 engine.go:216] [projects/emulator/locations/emulator/services/uiuc-cmind 127c] ExecuteMutation mutation UpsertUserAssignment: succeeded. Connector: default
I0910 17:22:32.736152   91897 execute.go:57] Database ping is quick (likely cached), took 351.5µs
I0910 17:22:32.736832   91897 engine.go:216] [projects/emulator/locations/emulator/services/uiuc-cmind 127c] ExecuteMutation mutation UpsertUserAssignment: succeeded. Connector: default
I0910 17:22:32.737625   91897 execute.go:57] Database ping is quick (likely cached), took 398.958µs
I0910 17:22:32.738361   91897 engine.go:216] [projects/emulator/locations/emulator/services/uiuc-cmind 127c] ExecuteMutation mutation UpsertUserAssignment: succeeded. Connector: default
I0910 17:22:32.739015   91897 execute.go:57] Database ping is quick (likely cached), took 286.708µs
I0910 17:22:32.739966   91897 engine.go:216] [projects/emulator/locations/emulator/services/uiuc-cmind 127c] ExecuteMutation mutation UpsertUserAssignment: succeeded. Connector: default
I0910 17:22:35.807140   91897 execute.go:57] Database ping is quick (likely cached), took 583.583µs
I0910 17:22:35.809510   91897 engine.go:216] [projects/emulator/locations/emulator/services/uiuc-cmind 127c] ExecuteMutation mutation UpsertCourse: succeeded. Connector: default
I0910 17:22:35.809943   91897 execute.go:57] Database ping is quick (likely cached), took 352.792µs
I0910 17:22:35.811651   91897 engine.go:216] [projects/emulator/locations/emulator/services/uiuc-cmind 127c] ExecuteMutation mutation UpsertCourse: succeeded. Connector: default
I0910 17:22:35.812017   91897 execute.go:57] Database ping is quick (likely cached), took 300.541µs
I0910 17:22:35.813038   91897 engine.go:216] [projects/emulator/locations/emulator/services/uiuc-cmind 127c] ExecuteMutation mutation UpsertCourse: succeeded. Connector: default
I0910 17:22:35.813311   91897 execute.go:57] Database ping is quick (likely cached), took 228.083µs
I0910 17:22:35.814484   91897 engine.go:216] [projects/emulator/locations/emulator/services/uiuc-cmind 127c] ExecuteMutation mutation UpsertCourse: succeeded. Connector: default
I0910 17:22:35.814893   91897 execute.go:57] Database ping is quick (likely cached), took 335.625µs
I0910 17:22:35.816001   91897 engine.go:216] [projects/emulator/locations/emulator/services/uiuc-cmind 127c] ExecuteMutation mutation UpsertCourse: succeeded. Connector: default
I0910 17:22:35.816653   91897 execute.go:57] Database ping is quick (likely cached), took 189.166µs
I0910 17:22:35.817510   91897 engine.go:216] [projects/emulator/locations/emulator/services/uiuc-cmind 127c] ExecuteMutation mutation AddEnrollment: succeeded. Connector: default
I0910 17:22:35.818023   91897 execute.go:57] Database ping is quick (likely cached), took 151.291µs
I0910 17:22:35.818713   91897 engine.go:216] [projects/emulator/locations/emulator/services/uiuc-cmind 127c] ExecuteMutation mutation AddEnrollment: succeeded. Connector: default
I0910 17:22:35.819327   91897 execute.go:57] Database ping is quick (likely cached), took 269.667µs
I0910 17:22:35.820236   91897 engine.go:216] [projects/emulator/locations/emulator/services/uiuc-cmind 127c] ExecuteMutation mutation AddEnrollment: succeeded. Connector: default
I0910 17:22:35.820777   91897 execute.go:57] Database ping is quick (likely cached), took 150.333µs
I0910 17:22:35.821553   91897 engine.go:216] [projects/emulator/locations/emulator/services/uiuc-cmind 127c] ExecuteMutation mutation AddEnrollment: succeeded. Connector: default
I0910 17:22:35.822108   91897 execute.go:57] Database ping is quick (likely cached), took 201.5µs
I0910 17:22:35.823160   91897 engine.go:216] [projects/emulator/locations/emulator/services/uiuc-cmind 127c] ExecuteMutation mutation AddEnrollment: succeeded. Connector: default
I0910 17:22:35.829370   91897 execute.go:57] Database ping is quick (likely cached), took 825.375µs
I0910 17:22:35.831781   91897 engine.go:216] [projects/emulator/locations/emulator/services/uiuc-cmind 127c] ExecuteMutation mutation UpsertAssignment: succeeded. Connector: default
I0910 17:22:35.832317   91897 execute.go:57] Database ping is quick (likely cached), took 437.541µs
I0910 17:22:35.835417   91897 engine.go:216] [projects/emulator/locations/emulator/services/uiuc-cmind 127c] ExecuteMutation mutation UpsertAssignment: succeeded. Connector: default
I0910 17:22:35.836610   91897 execute.go:57] Database ping is quick (likely cached), took 1.039167ms
I0910 17:22:35.841151   91897 engine.go:216] [projects/emulator/locations/emulator/services/uiuc-cmind 127c] ExecuteMutation mutation UpsertAssignment: succeeded. Connector: default
I0910 17:22:35.842302   91897 execute.go:57] Database ping is quick (likely cached), took 934.125µs
I0910 17:22:35.846229   91897 engine.go:216] [projects/emulator/locations/emulator/services/uiuc-cmind 127c] ExecuteMutation mutation UpsertAssignment: succeeded. Connector: default
I0910 17:22:35.846953   91897 execute.go:57] Database ping is quick (likely cached), took 630.667µs
I0910 17:22:35.848566   91897 engine.go:216] [projects/emulator/locations/emulator/services/uiuc-cmind 127c] ExecuteMutation mutation UpsertAssignment: succeeded. Connector: default
I0910 17:22:35.848906   91897 execute.go:57] Database ping is quick (likely cached), took 287µs
I0910 17:22:35.850454   91897 engine.go:216] [projects/emulator/locations/emulator/services/uiuc-cmind 127c] ExecuteMutation mutation UpsertAssignment: succeeded. Connector: default
I0910 17:22:35.850722   91897 execute.go:57] Database ping is quick (likely cached), took 178.666µs
I0910 17:22:35.852862   91897 engine.go:216] [projects/emulator/locations/emulator/services/uiuc-cmind 127c] ExecuteMutation mutation UpsertAssignment: succeeded. Connector: default
I0910 17:22:35.854021   91897 execute.go:57] Database ping is quick (likely cached), took 1.081417ms
I0910 17:22:35.855488   91897 engine.go:216] [projects/emulator/locations/emulator/services/uiuc-cmind 127c] ExecuteMutation mutation UpsertAssignment: succeeded. Connector: default
I0910 17:22:35.856027   91897 execute.go:57] Database ping is quick (likely cached), took 440.625µs
I0910 17:22:35.857998   91897 engine.go:216] [projects/emulator/locations/emulator/services/uiuc-cmind 127c] ExecuteMutation mutation UpsertAssignment: succeeded. Connector: default
I0910 17:22:35.858414   91897 execute.go:57] Database ping is quick (likely cached), took 258.834µs
I0910 17:22:35.860234   91897 engine.go:216] [projects/emulator/locations/emulator/services/uiuc-cmind 127c] ExecuteMutation mutation UpsertAssignment: succeeded. Connector: default
I0910 17:22:35.860570   91897 execute.go:57] Database ping is quick (likely cached), took 271.417µs
I0910 17:22:35.862106   91897 engine.go:216] [projects/emulator/locations/emulator/services/uiuc-cmind 127c] ExecuteMutation mutation UpsertAssignment: succeeded. Connector: default
I0910 17:22:35.862437   91897 execute.go:57] Database ping is quick (likely cached), took 254.375µs
I0910 17:22:35.863793   91897 engine.go:216] [projects/emulator/locations/emulator/services/uiuc-cmind 127c] ExecuteMutation mutation UpsertAssignment: succeeded. Connector: default
I0910 17:22:35.864014   91897 execute.go:57] Database ping is quick (likely cached), took 179.333µs
I0910 17:22:35.865385   91897 engine.go:216] [projects/emulator/locations/emulator/services/uiuc-cmind 127c] ExecuteMutation mutation UpsertAssignment: succeeded. Connector: default
I0910 17:22:35.865656   91897 execute.go:57] Database ping is quick (likely cached), took 204.916µs
I0910 17:22:35.867137   91897 engine.go:216] [projects/emulator/locations/emulator/services/uiuc-cmind 127c] ExecuteMutation mutation UpsertAssignment: succeeded. Connector: default
I0910 17:22:35.867378   91897 execute.go:57] Database ping is quick (likely cached), took 142.75µs
I0910 17:22:35.868749   91897 engine.go:216] [projects/emulator/locations/emulator/services/uiuc-cmind 127c] ExecuteMutation mutation UpsertAssignment: succeeded. Connector: default
I0910 17:22:35.869125   91897 execute.go:57] Database ping is quick (likely cached), took 311.083µs
I0910 17:22:35.870516   91897 engine.go:216] [projects/emulator/locations/emulator/services/uiuc-cmind 127c] ExecuteMutation mutation UpsertAssignment: succeeded. Connector: default
I0910 17:22:35.870747   91897 execute.go:57] Database ping is quick (likely cached), took 183.75µs
I0910 17:22:35.872172   91897 engine.go:216] [projects/emulator/locations/emulator/services/uiuc-cmind 127c] ExecuteMutation mutation UpsertAssignment: succeeded. Connector: default
I0910 17:22:35.872378   91897 execute.go:57] Database ping is quick (likely cached), took 154.375µs
I0910 17:22:35.873710   91897 engine.go:216] [projects/emulator/locations/emulator/services/uiuc-cmind 127c] ExecuteMutation mutation UpsertAssignment: succeeded. Connector: default
I0910 17:22:35.874151   91897 execute.go:57] Database ping is quick (likely cached), took 329.042µs
I0910 17:22:35.877545   91897 engine.go:216] [projects/emulator/locations/emulator/services/uiuc-cmind 127c] ExecuteMutation mutation UpsertAssignment: succeeded. Connector: default
I0910 17:22:35.877801   91897 execute.go:57] Database ping is quick (likely cached), took 160.792µs
I0910 17:22:35.879176   91897 engine.go:216] [projects/emulator/locations/emulator/services/uiuc-cmind 127c] ExecuteMutation mutation UpsertAssignment: succeeded. Connector: default
I0910 17:22:35.879382   91897 execute.go:57] Database ping is quick (likely cached), took 165.125µs
I0910 17:22:35.880660   91897 engine.go:216] [projects/emulator/locations/emulator/services/uiuc-cmind 127c] ExecuteMutation mutation UpsertAssignment: succeeded. Connector: default
I0910 17:22:35.880831   91897 execute.go:57] Database ping is quick (likely cached), took 134.625µs
I0910 17:22:35.882030   91897 engine.go:216] [projects/emulator/locations/emulator/services/uiuc-cmind 127c] ExecuteMutation mutation UpsertAssignment: succeeded. Connector: default
I0910 17:22:35.882223   91897 execute.go:57] Database ping is quick (likely cached), took 160.959µs
I0910 17:22:35.883439   91897 engine.go:216] [projects/emulator/locations/emulator/services/uiuc-cmind 127c] ExecuteMutation mutation UpsertAssignment: succeeded. Connector: default
I0910 17:22:35.883665   91897 execute.go:57] Database ping is quick (likely cached), took 193.583µs
I0910 17:22:35.884840   91897 engine.go:216] [projects/emulator/locations/emulator/services/uiuc-cmind 127c] ExecuteMutation mutation UpsertAssignment: succeeded. Connector: default
I0910 17:22:35.885353   91897 execute.go:57] Database ping is quick (likely cached), took 332.417µs
I0910 17:22:35.886496   91897 engine.go:216] [projects/emulator/locations/emulator/services/uiuc-cmind 127c] ExecuteMutation mutation UpsertAssignment: succeeded. Connector: default
I0910 17:22:35.886670   91897 execute.go:57] Database ping is quick (likely cached), took 130.667µs
I0910 17:22:35.888161   91897 engine.go:216] [projects/emulator/locations/emulator/services/uiuc-cmind 127c] ExecuteMutation mutation UpsertAssignment: succeeded. Connector: default
I0910 17:22:35.888369   91897 execute.go:57] Database ping is quick (likely cached), took 154.417µs
I0910 17:22:35.889646   91897 engine.go:216] [projects/emulator/locations/emulator/services/uiuc-cmind 127c] ExecuteMutation mutation UpsertAssignment: succeeded. Connector: default
I0910 17:22:35.889845   91897 execute.go:57] Database ping is quick (likely cached), took 157.791µs
I0910 17:22:35.891053   91897 engine.go:216] [projects/emulator/locations/emulator/services/uiuc-cmind 127c] ExecuteMutation mutation UpsertAssignment: succeeded. Connector: default
I0910 17:22:35.891204   91897 execute.go:57] Database ping is quick (likely cached), took 112.875µs
I0910 17:22:35.892509   91897 engine.go:216] [projects/emulator/locations/emulator/services/uiuc-cmind 127c] ExecuteMutation mutation UpsertAssignment: succeeded. Connector: default
I0910 17:22:35.892737   91897 execute.go:57] Database ping is quick (likely cached), took 188.375µs
I0910 17:22:35.894029   91897 engine.go:216] [projects/emulator/locations/emulator/services/uiuc-cmind 127c] ExecuteMutation mutation UpsertAssignment: succeeded. Connector: default
I0910 17:22:35.894238   91897 execute.go:57] Database ping is quick (likely cached), took 173.334µs
I0910 17:22:35.895298   91897 engine.go:216] [projects/emulator/locations/emulator/services/uiuc-cmind 127c] ExecuteMutation mutation UpsertAssignment: succeeded. Connector: default
I0910 17:22:35.895460   91897 execute.go:57] Database ping is quick (likely cached), took 118.541µs
I0910 17:22:35.896653   91897 engine.go:216] [projects/emulator/locations/emulator/services/uiuc-cmind 127c] ExecuteMutation mutation UpsertAssignment: succeeded. Connector: default
I0910 17:22:35.896851   91897 execute.go:57] Database ping is quick (likely cached), took 159.583µs
I0910 17:22:35.898138   91897 engine.go:216] [projects/emulator/locations/emulator/services/uiuc-cmind 127c] ExecuteMutation mutation UpsertAssignment: succeeded. Connector: default
I0910 17:22:35.898302   91897 execute.go:57] Database ping is quick (likely cached), took 128.167µs
I0910 17:22:35.899552   91897 engine.go:216] [projects/emulator/locations/emulator/services/uiuc-cmind 127c] ExecuteMutation mutation UpsertAssignment: succeeded. Connector: default
I0910 17:22:35.900044   91897 execute.go:57] Database ping is quick (likely cached), took 448.709µs
I0910 17:22:35.901255   91897 engine.go:216] [projects/emulator/locations/emulator/services/uiuc-cmind 127c] ExecuteMutation mutation UpsertAssignment: succeeded. Connector: default
I0910 17:22:35.901879   91897 execute.go:57] Database ping is quick (likely cached), took 543.625µs
I0910 17:22:35.903267   91897 engine.go:216] [projects/emulator/locations/emulator/services/uiuc-cmind 127c] ExecuteMutation mutation UpsertAssignment: succeeded. Connector: default
I0910 17:22:35.903476   91897 execute.go:57] Database ping is quick (likely cached), took 150.417µs
I0910 17:22:35.904815   91897 engine.go:216] [projects/emulator/locations/emulator/services/uiuc-cmind 127c] ExecuteMutation mutation UpsertAssignment: succeeded. Connector: default
I0910 17:22:35.904998   91897 execute.go:57] Database ping is quick (likely cached), took 145.583µs
I0910 17:22:35.906190   91897 engine.go:216] [projects/emulator/locations/emulator/services/uiuc-cmind 127c] ExecuteMutation mutation UpsertAssignment: succeeded. Connector: default
I0910 17:22:35.906387   91897 execute.go:57] Database ping is quick (likely cached), took 161.958µs
I0910 17:22:35.907979   91897 engine.go:216] [projects/emulator/locations/emulator/services/uiuc-cmind 127c] ExecuteMutation mutation UpsertAssignment: succeeded. Connector: default
I0910 17:22:35.908197   91897 execute.go:57] Database ping is quick (likely cached), took 132.541µs
I0910 17:22:35.909850   91897 engine.go:216] [projects/emulator/locations/emulator/services/uiuc-cmind 127c] ExecuteMutation mutation UpsertAssignment: succeeded. Connector: default
I0910 17:22:35.910183   91897 execute.go:57] Database ping is quick (likely cached), took 255.167µs
I0910 17:22:35.912258   91897 engine.go:216] [projects/emulator/locations/emulator/services/uiuc-cmind 127c] ExecuteMutation mutation UpsertAssignment: succeeded. Connector: default
I0910 17:22:35.912521   91897 execute.go:57] Database ping is quick (likely cached), took 203.625µs
I0910 17:22:35.913938   91897 engine.go:216] [projects/emulator/locations/emulator/services/uiuc-cmind 127c] ExecuteMutation mutation UpsertAssignment: succeeded. Connector: default
I0910 17:22:35.914140   91897 execute.go:57] Database ping is quick (likely cached), took 160.917µs
I0910 17:22:35.915695   91897 engine.go:216] [projects/emulator/locations/emulator/services/uiuc-cmind 127c] ExecuteMutation mutation UpsertAssignment: succeeded. Connector: default
I0910 17:22:35.916589   91897 execute.go:57] Database ping is quick (likely cached), took 786.167µs
I0910 17:22:35.918053   91897 engine.go:216] [projects/emulator/locations/emulator/services/uiuc-cmind 127c] ExecuteMutation mutation UpsertAssignment: succeeded. Connector: default
I0910 17:22:35.918267   91897 execute.go:57] Database ping is quick (likely cached), took 159.125µs
I0910 17:22:35.919657   91897 engine.go:216] [projects/emulator/locations/emulator/services/uiuc-cmind 127c] ExecuteMutation mutation UpsertAssignment: succeeded. Connector: default
I0910 17:22:35.919856   91897 execute.go:57] Database ping is quick (likely cached), took 156.75µs
I0910 17:22:35.921390   91897 engine.go:216] [projects/emulator/locations/emulator/services/uiuc-cmind 127c] ExecuteMutation mutation UpsertAssignment: succeeded. Connector: default
I0910 17:22:35.921587   91897 execute.go:57] Database ping is quick (likely cached), took 152.292µs
I0910 17:22:35.922877   91897 engine.go:216] [projects/emulator/locations/emulator/services/uiuc-cmind 127c] ExecuteMutation mutation UpsertAssignment: succeeded. Connector: default
I0910 17:22:35.923081   91897 execute.go:57] Database ping is quick (likely cached), took 162.625µs
I0910 17:22:35.925535   91897 engine.go:216] [projects/emulator/locations/emulator/services/uiuc-cmind 127c] ExecuteMutation mutation UpsertAssignment: succeeded. Connector: default
I0910 17:22:35.925924   91897 execute.go:57] Database ping is quick (likely cached), took 319.083µs
I0910 17:22:35.927434   91897 engine.go:216] [projects/emulator/locations/emulator/services/uiuc-cmind 127c] ExecuteMutation mutation UpsertAssignment: succeeded. Connector: default
I0910 17:22:35.927730   91897 execute.go:57] Database ping is quick (likely cached), took 241.666µs
I0910 17:22:35.929247   91897 engine.go:216] [projects/emulator/locations/emulator/services/uiuc-cmind 127c] ExecuteMutation mutation UpsertAssignment: succeeded. Connector: default
I0910 17:22:35.929460   91897 execute.go:57] Database ping is quick (likely cached), took 173.958µs
I0910 17:22:35.930625   91897 engine.go:216] [projects/emulator/locations/emulator/services/uiuc-cmind 127c] ExecuteMutation mutation UpsertAssignment: succeeded. Connector: default
I0910 17:22:35.930819   91897 execute.go:57] Database ping is quick (likely cached), took 160.125µs
I0910 17:22:35.931933   91897 engine.go:216] [projects/emulator/locations/emulator/services/uiuc-cmind 127c] ExecuteMutation mutation UpsertAssignment: succeeded. Connector: default
I0910 17:22:35.932209   91897 execute.go:57] Database ping is quick (likely cached), took 217.583µs
I0910 17:22:35.933675   91897 engine.go:216] [projects/emulator/locations/emulator/services/uiuc-cmind 127c] ExecuteMutation mutation UpsertAssignment: succeeded. Connector: default
I0910 17:22:35.933955   91897 execute.go:57] Database ping is quick (likely cached), took 239.875µs
I0910 17:22:35.935581   91897 engine.go:216] [projects/emulator/locations/emulator/services/uiuc-cmind 127c] ExecuteMutation mutation UpsertAssignment: succeeded. Connector: default
I0910 17:22:35.935779   91897 execute.go:57] Database ping is quick (likely cached), took 157.291µs
I0910 17:22:35.936968   91897 engine.go:216] [projects/emulator/locations/emulator/services/uiuc-cmind 127c] ExecuteMutation mutation UpsertAssignment: succeeded. Connector: default
I0910 17:22:35.937168   91897 execute.go:57] Database ping is quick (likely cached), took 154.542µs
I0910 17:22:35.938316   91897 engine.go:216] [projects/emulator/locations/emulator/services/uiuc-cmind 127c] ExecuteMutation mutation UpsertAssignment: succeeded. Connector: default
I0910 17:22:35.938531   91897 execute.go:57] Database ping is quick (likely cached), took 180.958µs
I0910 17:22:35.939763   91897 engine.go:216] [projects/emulator/locations/emulator/services/uiuc-cmind 127c] ExecuteMutation mutation UpsertAssignment: succeeded. Connector: default
I0910 17:22:35.941208   91897 execute.go:57] Database ping is quick (likely cached), took 1.413667ms
I0910 17:22:35.942193   91897 engine.go:216] [projects/emulator/locations/emulator/services/uiuc-cmind 127c] ExecuteMutation mutation UpsertAssignment: succeeded. Connector: default
I0910 17:22:35.942396   91897 execute.go:57] Database ping is quick (likely cached), took 148.125µs
I0910 17:22:35.943820   91897 engine.go:216] [projects/emulator/locations/emulator/services/uiuc-cmind 127c] ExecuteMutation mutation UpsertAssignment: succeeded. Connector: default
I0910 17:22:35.944024   91897 execute.go:57] Database ping is quick (likely cached), took 161.208µs
I0910 17:22:35.945311   91897 engine.go:216] [projects/emulator/locations/emulator/services/uiuc-cmind 127c] ExecuteMutation mutation UpsertAssignment: succeeded. Connector: default
I0910 17:22:35.945487   91897 execute.go:57] Database ping is quick (likely cached), took 144.792µs
I0910 17:22:35.946614   91897 engine.go:216] [projects/emulator/locations/emulator/services/uiuc-cmind 127c] ExecuteMutation mutation UpsertAssignment: succeeded. Connector: default
I0910 17:22:35.946797   91897 execute.go:57] Database ping is quick (likely cached), took 151.875µs
I0910 17:22:35.948067   91897 engine.go:216] [projects/emulator/locations/emulator/services/uiuc-cmind 127c] ExecuteMutation mutation UpsertAssignment: succeeded. Connector: default
I0910 17:22:35.948225   91897 execute.go:57] Database ping is quick (likely cached), took 121.875µs
I0910 17:22:35.949877   91897 engine.go:216] [projects/emulator/locations/emulator/services/uiuc-cmind 127c] ExecuteMutation mutation UpsertAssignment: succeeded. Connector: default
I0910 17:22:35.950072   91897 execute.go:57] Database ping is quick (likely cached), took 159.666µs
I0910 17:22:35.951355   91897 engine.go:216] [projects/emulator/locations/emulator/services/uiuc-cmind 127c] ExecuteMutation mutation UpsertAssignment: succeeded. Connector: default
I0910 17:22:35.951507   91897 execute.go:57] Database ping is quick (likely cached), took 120.291µs
I0910 17:22:35.952587   91897 engine.go:216] [projects/emulator/locations/emulator/services/uiuc-cmind 127c] ExecuteMutation mutation UpsertAssignment: succeeded. Connector: default
I0910 17:22:35.952788   91897 execute.go:57] Database ping is quick (likely cached), took 169.084µs
I0910 17:22:35.954037   91897 engine.go:216] [projects/emulator/locations/emulator/services/uiuc-cmind 127c] ExecuteMutation mutation UpsertAssignment: succeeded. Connector: default
I0910 17:22:35.954753   91897 execute.go:57] Database ping is quick (likely cached), took 653µs
I0910 17:22:35.955733   91897 engine.go:216] [projects/emulator/locations/emulator/services/uiuc-cmind 127c] ExecuteMutation mutation UpsertAssignment: succeeded. Connector: default
I0910 17:22:35.955962   91897 execute.go:57] Database ping is quick (likely cached), took 192.709µs
I0910 17:22:35.957725   91897 engine.go:216] [projects/emulator/locations/emulator/services/uiuc-cmind 127c] ExecuteMutation mutation UpsertAssignment: succeeded. Connector: default
I0910 17:22:35.957953   91897 execute.go:57] Database ping is quick (likely cached), took 183.667µs
I0910 17:22:35.959467   91897 engine.go:216] [projects/emulator/locations/emulator/services/uiuc-cmind 127c] ExecuteMutation mutation UpsertAssignment: succeeded. Connector: default
I0910 17:22:35.959865   91897 execute.go:57] Database ping is quick (likely cached), took 337.791µs
I0910 17:22:35.961265   91897 engine.go:216] [projects/emulator/locations/emulator/services/uiuc-cmind 127c] ExecuteMutation mutation UpsertAssignment: succeeded. Connector: default
I0910 17:22:35.961474   91897 execute.go:57] Database ping is quick (likely cached), took 152.916µs
I0910 17:22:35.962705   91897 engine.go:216] [projects/emulator/locations/emulator/services/uiuc-cmind 127c] ExecuteMutation mutation UpsertAssignment: succeeded. Connector: default
I0910 17:22:35.962971   91897 execute.go:57] Database ping is quick (likely cached), took 235.084µs
I0910 17:22:35.964074   91897 engine.go:216] [projects/emulator/locations/emulator/services/uiuc-cmind 127c] ExecuteMutation mutation UpsertAssignment: succeeded. Connector: default
I0910 17:22:35.964248   91897 execute.go:57] Database ping is quick (likely cached), took 133.583µs
I0910 17:22:35.965406   91897 engine.go:216] [projects/emulator/locations/emulator/services/uiuc-cmind 127c] ExecuteMutation mutation UpsertAssignment: succeeded. Connector: default
I0910 17:22:35.965926   91897 execute.go:57] Database ping is quick (likely cached), took 462.75µs
I0910 17:22:35.967331   91897 engine.go:216] [projects/emulator/locations/emulator/services/uiuc-cmind 127c] ExecuteMutation mutation UpsertAssignment: succeeded. Connector: default
I0910 17:22:35.967494   91897 execute.go:57] Database ping is quick (likely cached), took 129.041µs
I0910 17:22:35.968788   91897 engine.go:216] [projects/emulator/locations/emulator/services/uiuc-cmind 127c] ExecuteMutation mutation UpsertAssignment: succeeded. Connector: default
I0910 17:22:35.968970   91897 execute.go:57] Database ping is quick (likely cached), took 139µs
I0910 17:22:35.970065   91897 engine.go:216] [projects/emulator/locations/emulator/services/uiuc-cmind 127c] ExecuteMutation mutation UpsertAssignment: succeeded. Connector: default
I0910 17:22:35.970210   91897 execute.go:57] Database ping is quick (likely cached), took 110.084µs
I0910 17:22:35.971296   91897 engine.go:216] [projects/emulator/locations/emulator/services/uiuc-cmind 127c] ExecuteMutation mutation UpsertAssignment: succeeded. Connector: default
I0910 17:22:35.971437   91897 execute.go:57] Database ping is quick (likely cached), took 101.375µs
I0910 17:22:35.972567   91897 engine.go:216] [projects/emulator/locations/emulator/services/uiuc-cmind 127c] ExecuteMutation mutation UpsertAssignment: succeeded. Connector: default
I0910 17:22:35.972739   91897 execute.go:57] Database ping is quick (likely cached), took 142.625µs
I0910 17:22:35.974115   91897 engine.go:216] [projects/emulator/locations/emulator/services/uiuc-cmind 127c] ExecuteMutation mutation UpsertAssignment: succeeded. Connector: default
I0910 17:22:35.974454   91897 execute.go:57] Database ping is quick (likely cached), took 279.542µs
I0910 17:22:35.975870   91897 engine.go:216] [projects/emulator/locations/emulator/services/uiuc-cmind 127c] ExecuteMutation mutation UpsertAssignment: succeeded. Connector: default
I0910 17:22:35.976187   91897 execute.go:57] Database ping is quick (likely cached), took 285.166µs
I0910 17:22:35.977674   91897 engine.go:216] [projects/emulator/locations/emulator/services/uiuc-cmind 127c] ExecuteMutation mutation UpsertAssignment: succeeded. Connector: default
I0910 17:22:35.977990   91897 execute.go:57] Database ping is quick (likely cached), took 188.959µs
I0910 17:22:35.979346   91897 engine.go:216] [projects/emulator/locations/emulator/services/uiuc-cmind 127c] ExecuteMutation mutation UpsertAssignment: succeeded. Connector: default
I0910 17:22:35.979587   91897 execute.go:57] Database ping is quick (likely cached), took 201µs
I0910 17:22:35.980746   91897 engine.go:216] [projects/emulator/locations/emulator/services/uiuc-cmind 127c] ExecuteMutation mutation UpsertAssignment: succeeded. Connector: default
I0910 17:22:35.980945   91897 execute.go:57] Database ping is quick (likely cached), took 154.375µs
I0910 17:22:35.982576   91897 engine.go:216] [projects/emulator/locations/emulator/services/uiuc-cmind 127c] ExecuteMutation mutation UpsertAssignment: succeeded. Connector: default
I0910 17:22:35.982830   91897 execute.go:57] Database ping is quick (likely cached), took 184.416µs
I0910 17:22:35.984105   91897 engine.go:216] [projects/emulator/locations/emulator/services/uiuc-cmind 127c] ExecuteMutation mutation UpsertAssignment: succeeded. Connector: default
I0910 17:22:35.984391   91897 execute.go:57] Database ping is quick (likely cached), took 249.833µs
I0910 17:22:35.985592   91897 engine.go:216] [projects/emulator/locations/emulator/services/uiuc-cmind 127c] ExecuteMutation mutation UpsertAssignment: succeeded. Connector: default
I0910 17:22:35.985923   91897 execute.go:57] Database ping is quick (likely cached), took 289.083µs
I0910 17:22:35.987059   91897 engine.go:216] [projects/emulator/locations/emulator/services/uiuc-cmind 127c] ExecuteMutation mutation UpsertAssignment: succeeded. Connector: default
I0910 17:22:35.987254   91897 execute.go:57] Database ping is quick (likely cached), took 158.833µs
I0910 17:22:35.988347   91897 engine.go:216] [projects/emulator/locations/emulator/services/uiuc-cmind 127c] ExecuteMutation mutation UpsertAssignment: succeeded. Connector: default
I0910 17:22:35.988522   91897 execute.go:57] Database ping is quick (likely cached), took 145.917µs
I0910 17:22:35.989732   91897 engine.go:216] [projects/emulator/locations/emulator/services/uiuc-cmind 127c] ExecuteMutation mutation UpsertAssignment: succeeded. Connector: default
I0910 17:22:35.990330   91897 execute.go:57] Database ping is quick (likely cached), took 529.708µs
I0910 17:22:35.991456   91897 engine.go:216] [projects/emulator/locations/emulator/services/uiuc-cmind 127c] ExecuteMutation mutation UpsertAssignment: succeeded. Connector: default
I0910 17:22:35.991621   91897 execute.go:57] Database ping is quick (likely cached), took 126.75µs
I0910 17:22:35.992776   91897 engine.go:216] [projects/emulator/locations/emulator/services/uiuc-cmind 127c] ExecuteMutation mutation UpsertAssignment: succeeded. Connector: default
I0910 17:22:35.992959   91897 execute.go:57] Database ping is quick (likely cached), took 140.458µs
I0910 17:22:35.994534   91897 engine.go:216] [projects/emulator/locations/emulator/services/uiuc-cmind 127c] ExecuteMutation mutation UpsertAssignment: succeeded. Connector: default
I0910 17:22:35.995579   91897 execute.go:57] Database ping is quick (likely cached), took 253.875µs
I0910 17:22:35.996261   91897 engine.go:216] [projects/emulator/locations/emulator/services/uiuc-cmind 127c] ExecuteMutation mutation UpsertUserAssignment: succeeded. Connector: default
I0910 17:22:35.997157   91897 execute.go:57] Database ping is quick (likely cached), took 308µs
I0910 17:22:35.997834   91897 engine.go:216] [projects/emulator/locations/emulator/services/uiuc-cmind 127c] ExecuteMutation mutation UpsertUserAssignment: succeeded. Connector: default
I0910 17:22:35.998753   91897 execute.go:57] Database ping is quick (likely cached), took 324.625µs
I0910 17:22:35.999549   91897 engine.go:216] [projects/emulator/locations/emulator/services/uiuc-cmind 127c] ExecuteMutation mutation UpsertUserAssignment: succeeded. Connector: default
I0910 17:22:36.000445   91897 execute.go:57] Database ping is quick (likely cached), took 233.875µs
I0910 17:22:36.001059   91897 engine.go:216] [projects/emulator/locations/emulator/services/uiuc-cmind 127c] ExecuteMutation mutation UpsertUserAssignment: succeeded. Connector: default
I0910 17:22:36.001855   91897 execute.go:57] Database ping is quick (likely cached), took 368.5µs
I0910 17:22:36.002529   91897 engine.go:216] [projects/emulator/locations/emulator/services/uiuc-cmind 127c] ExecuteMutation mutation UpsertUserAssignment: succeeded. Connector: default
I0910 17:22:36.003391   91897 execute.go:57] Database ping is quick (likely cached), took 347.875µs
I0910 17:22:36.004064   91897 engine.go:216] [projects/emulator/locations/emulator/services/uiuc-cmind 127c] ExecuteMutation mutation UpsertUserAssignment: succeeded. Connector: default
I0910 17:22:36.004795   91897 execute.go:57] Database ping is quick (likely cached), took 174.459µs
I0910 17:22:36.005507   91897 engine.go:216] [projects/emulator/locations/emulator/services/uiuc-cmind 127c] ExecuteMutation mutation UpsertUserAssignment: succeeded. Connector: default
I0910 17:22:36.008000   91897 execute.go:57] Database ping is quick (likely cached), took 277µs
I0910 17:22:36.009012   91897 engine.go:216] [projects/emulator/locations/emulator/services/uiuc-cmind 127c] ExecuteMutation mutation UpsertUserAssignment: succeeded. Connector: default
I0910 17:22:36.009732   91897 execute.go:57] Database ping is quick (likely cached), took 417.75µs
I0910 17:22:36.010662   91897 engine.go:216] [projects/emulator/locations/emulator/services/uiuc-cmind 127c] ExecuteMutation mutation UpsertUserAssignment: succeeded. Connector: default
I0910 17:22:36.011462   91897 execute.go:57] Database ping is quick (likely cached), took 190.542µs
I0910 17:22:36.012030   91897 engine.go:216] [projects/emulator/locations/emulator/services/uiuc-cmind 127c] ExecuteMutation mutation UpsertUserAssignment: succeeded. Connector: default
I0910 17:22:36.012857   91897 execute.go:57] Database ping is quick (likely cached), took 544.584µs
I0910 17:22:36.013649   91897 engine.go:216] [projects/emulator/locations/emulator/services/uiuc-cmind 127c] ExecuteMutation mutation UpsertUserAssignment: succeeded. Connector: default
I0910 17:22:36.014425   91897 execute.go:57] Database ping is quick (likely cached), took 378µs
I0910 17:22:36.015133   91897 engine.go:216] [projects/emulator/locations/emulator/services/uiuc-cmind 127c] ExecuteMutation mutation UpsertUserAssignment: succeeded. Connector: default
I0910 17:22:36.015997   91897 execute.go:57] Database ping is quick (likely cached), took 331.958µs
I0910 17:22:36.016886   91897 engine.go:216] [projects/emulator/locations/emulator/services/uiuc-cmind 127c] ExecuteMutation mutation UpsertUserAssignment: succeeded. Connector: default
I0910 17:22:36.017529   91897 execute.go:57] Database ping is quick (likely cached), took 317.208µs
I0910 17:22:36.018291   91897 engine.go:216] [projects/emulator/locations/emulator/services/uiuc-cmind 127c] ExecuteMutation mutation UpsertUserAssignment: succeeded. Connector: default
I0910 17:22:36.019057   91897 execute.go:57] Database ping is quick (likely cached), took 342.458µs
I0910 17:22:36.019691   91897 engine.go:216] [projects/emulator/locations/emulator/services/uiuc-cmind 127c] ExecuteMutation mutation UpsertUserAssignment: succeeded. Connector: default
I0910 17:22:36.020471   91897 execute.go:57] Database ping is quick (likely cached), took 470.292µs
I0910 17:22:36.021122   91897 engine.go:216] [projects/emulator/locations/emulator/services/uiuc-cmind 127c] ExecuteMutation mutation UpsertUserAssignment: succeeded. Connector: default
I0910 17:22:36.021879   91897 execute.go:57] Database ping is quick (likely cached), took 146.792µs
I0910 17:22:36.022453   91897 engine.go:216] [projects/emulator/locations/emulator/services/uiuc-cmind 127c] ExecuteMutation mutation UpsertUserAssignment: succeeded. Connector: default
I0910 17:22:36.023260   91897 execute.go:57] Database ping is quick (likely cached), took 382.334µs
I0910 17:22:36.024022   91897 engine.go:216] [projects/emulator/locations/emulator/services/uiuc-cmind 127c] ExecuteMutation mutation UpsertUserAssignment: succeeded. Connector: default
I0910 17:22:36.025068   91897 execute.go:57] Database ping is quick (likely cached), took 454.875µs
I0910 17:22:36.026279   91897 engine.go:216] [projects/emulator/locations/emulator/services/uiuc-cmind 127c] ExecuteMutation mutation UpsertUserAssignment: succeeded. Connector: default
I0910 17:22:36.026682   91897 execute.go:57] Database ping is quick (likely cached), took 140.084µs
I0910 17:22:36.027612   91897 engine.go:216] [projects/emulator/locations/emulator/services/uiuc-cmind 127c] ExecuteMutation mutation UpsertUserAssignment: succeeded. Connector: default
I0910 17:22:36.028336   91897 execute.go:57] Database ping is quick (likely cached), took 339.834µs
I0910 17:22:36.028998   91897 engine.go:216] [projects/emulator/locations/emulator/services/uiuc-cmind 127c] ExecuteMutation mutation UpsertUserAssignment: succeeded. Connector: default
I0910 17:22:36.029732   91897 execute.go:57] Database ping is quick (likely cached), took 156.625µs
I0910 17:22:36.030561   91897 engine.go:216] [projects/emulator/locations/emulator/services/uiuc-cmind 127c] ExecuteMutation mutation UpsertUserAssignment: succeeded. Connector: default
I0910 17:22:36.031310   91897 execute.go:57] Database ping is quick (likely cached), took 497.833µs
I0910 17:22:36.031879   91897 engine.go:216] [projects/emulator/locations/emulator/services/uiuc-cmind 127c] ExecuteMutation mutation UpsertUserAssignment: succeeded. Connector: default
I0910 17:22:36.032780   91897 execute.go:57] Database ping is quick (likely cached), took 357.625µs
I0910 17:22:36.033311   91897 engine.go:216] [projects/emulator/locations/emulator/services/uiuc-cmind 127c] ExecuteMutation mutation UpsertUserAssignment: succeeded. Connector: default
I0910 17:22:36.034052   91897 execute.go:57] Database ping is quick (likely cached), took 315.458µs
I0910 17:22:36.034612   91897 engine.go:216] [projects/emulator/locations/emulator/services/uiuc-cmind 127c] ExecuteMutation mutation UpsertUserAssignment: succeeded. Connector: default
I0910 17:22:36.035117   91897 execute.go:57] Database ping is quick (likely cached), took 228.417µs
I0910 17:22:36.035896   91897 engine.go:216] [projects/emulator/locations/emulator/services/uiuc-cmind 127c] ExecuteMutation mutation UpsertUserAssignment: succeeded. Connector: default
I0910 17:22:36.036638   91897 execute.go:57] Database ping is quick (likely cached), took 373.583µs
I0910 17:22:36.037209   91897 engine.go:216] [projects/emulator/locations/emulator/services/uiuc-cmind 127c] ExecuteMutation mutation UpsertUserAssignment: succeeded. Connector: default
I0910 17:22:36.037668   91897 execute.go:57] Database ping is quick (likely cached), took 198µs
I0910 17:22:36.038599   91897 engine.go:216] [projects/emulator/locations/emulator/services/uiuc-cmind 127c] ExecuteMutation mutation UpsertUserAssignment: succeeded. Connector: default
I0910 17:22:36.039252   91897 execute.go:57] Database ping is quick (likely cached), took 350.375µs
I0910 17:22:36.039868   91897 engine.go:216] [projects/emulator/locations/emulator/services/uiuc-cmind 127c] ExecuteMutation mutation UpsertUserAssignment: succeeded. Connector: default
I0910 17:22:36.041119   91897 execute.go:57] Database ping is quick (likely cached), took 563.5µs
I0910 17:22:36.041897   91897 engine.go:216] [projects/emulator/locations/emulator/services/uiuc-cmind 127c] ExecuteMutation mutation UpsertUserAssignment: succeeded. Connector: default
I0910 17:22:36.042638   91897 execute.go:57] Database ping is quick (likely cached), took 474.25µs
I0910 17:22:36.043230   91897 engine.go:216] [projects/emulator/locations/emulator/services/uiuc-cmind 127c] ExecuteMutation mutation UpsertUserAssignment: succeeded. Connector: default
I0910 17:22:36.043927   91897 execute.go:57] Database ping is quick (likely cached), took 338.625µs
I0910 17:22:36.044479   91897 engine.go:216] [projects/emulator/locations/emulator/services/uiuc-cmind 127c] ExecuteMutation mutation UpsertUserAssignment: succeeded. Connector: default
I0910 17:22:36.045238   91897 execute.go:57] Database ping is quick (likely cached), took 304.542µs
I0910 17:22:36.045906   91897 engine.go:216] [projects/emulator/locations/emulator/services/uiuc-cmind 127c] ExecuteMutation mutation UpsertUserAssignment: succeeded. Connector: default
I0910 17:22:36.046854   91897 execute.go:57] Database ping is quick (likely cached), took 349.958µs
I0910 17:22:36.047648   91897 engine.go:216] [projects/emulator/locations/emulator/services/uiuc-cmind 127c] ExecuteMutation mutation UpsertUserAssignment: succeeded. Connector: default
I0910 17:22:36.048955   91897 execute.go:57] Database ping is quick (likely cached), took 893.083µs
I0910 17:22:36.049655   91897 engine.go:216] [projects/emulator/locations/emulator/services/uiuc-cmind 127c] ExecuteMutation mutation UpsertUserAssignment: succeeded. Connector: default
I0910 17:22:36.050180   91897 execute.go:57] Database ping is quick (likely cached), took 255.041µs
I0910 17:22:36.050986   91897 engine.go:216] [projects/emulator/locations/emulator/services/uiuc-cmind 127c] ExecuteMutation mutation UpsertUserAssignment: succeeded. Connector: default
I0910 17:22:36.051684   91897 execute.go:57] Database ping is quick (likely cached), took 356.541µs
I0910 17:22:36.052251   91897 engine.go:216] [projects/emulator/locations/emulator/services/uiuc-cmind 127c] ExecuteMutation mutation UpsertUserAssignment: succeeded. Connector: default
I0910 17:22:36.052906   91897 execute.go:57] Database ping is quick (likely cached), took 287.042µs
I0910 17:22:36.053551   91897 engine.go:216] [projects/emulator/locations/emulator/services/uiuc-cmind 127c] ExecuteMutation mutation UpsertUserAssignment: succeeded. Connector: default
I0910 17:22:36.054173   91897 execute.go:57] Database ping is quick (likely cached), took 308.25µs
I0910 17:22:36.055067   91897 engine.go:216] [projects/emulator/locations/emulator/services/uiuc-cmind 127c] ExecuteMutation mutation UpsertUserAssignment: succeeded. Connector: default
I0910 17:22:36.055875   91897 execute.go:57] Database ping is quick (likely cached), took 307.584µs
I0910 17:22:36.056496   91897 engine.go:216] [projects/emulator/locations/emulator/services/uiuc-cmind 127c] ExecuteMutation mutation UpsertUserAssignment: succeeded. Connector: default
I0910 17:22:36.057488   91897 execute.go:57] Database ping is quick (likely cached), took 440.5µs
I0910 17:22:36.058722   91897 engine.go:216] [projects/emulator/locations/emulator/services/uiuc-cmind 127c] ExecuteMutation mutation UpsertUserAssignment: succeeded. Connector: default
I0910 17:22:36.059717   91897 execute.go:57] Database ping is quick (likely cached), took 585.916µs
I0910 17:22:36.060402   91897 engine.go:216] [projects/emulator/locations/emulator/services/uiuc-cmind 127c] ExecuteMutation mutation UpsertUserAssignment: succeeded. Connector: default
I0910 17:22:36.061016   91897 execute.go:57] Database ping is quick (likely cached), took 342.209µs
I0910 17:22:36.061731   91897 engine.go:216] [projects/emulator/locations/emulator/services/uiuc-cmind 127c] ExecuteMutation mutation UpsertUserAssignment: succeeded. Connector: default
I0910 17:22:36.062569   91897 execute.go:57] Database ping is quick (likely cached), took 485.459µs
I0910 17:22:36.063259   91897 engine.go:216] [projects/emulator/locations/emulator/services/uiuc-cmind 127c] ExecuteMutation mutation UpsertUserAssignment: succeeded. Connector: default
I0910 17:22:36.063949   91897 execute.go:57] Database ping is quick (likely cached), took 352.291µs
I0910 17:22:36.064670   91897 engine.go:216] [projects/emulator/locations/emulator/services/uiuc-cmind 127c] ExecuteMutation mutation UpsertUserAssignment: succeeded. Connector: default
I0910 17:22:36.065582   91897 execute.go:57] Database ping is quick (likely cached), took 219.333µs
I0910 17:22:36.066401   91897 engine.go:216] [projects/emulator/locations/emulator/services/uiuc-cmind 127c] ExecuteMutation mutation UpsertUserAssignment: succeeded. Connector: default
I0910 17:22:36.067347   91897 execute.go:57] Database ping is quick (likely cached), took 197.25µs
I0910 17:22:36.068455   91897 engine.go:216] [projects/emulator/locations/emulator/services/uiuc-cmind 127c] ExecuteMutation mutation UpsertUserAssignment: succeeded. Connector: default
I0910 17:22:36.069394   91897 execute.go:57] Database ping is quick (likely cached), took 411.542µs
I0910 17:22:36.070367   91897 engine.go:216] [projects/emulator/locations/emulator/services/uiuc-cmind 127c] ExecuteMutation mutation UpsertUserAssignment: succeeded. Connector: default
I0910 17:22:36.070825   91897 execute.go:57] Database ping is quick (likely cached), took 168.792µs
I0910 17:22:36.071540   91897 engine.go:216] [projects/emulator/locations/emulator/services/uiuc-cmind 127c] ExecuteMutation mutation UpsertUserAssignment: succeeded. Connector: default
I0910 17:22:36.072325   91897 execute.go:57] Database ping is quick (likely cached), took 294.75µs
I0910 17:22:36.073211   91897 engine.go:216] [projects/emulator/locations/emulator/services/uiuc-cmind 127c] ExecuteMutation mutation UpsertUserAssignment: succeeded. Connector: default
I0910 17:22:36.074235   91897 execute.go:57] Database ping is quick (likely cached), took 410.167µs
I0910 17:22:36.075228   91897 engine.go:216] [projects/emulator/locations/emulator/services/uiuc-cmind 127c] ExecuteMutation mutation UpsertUserAssignment: succeeded. Connector: default
I0910 17:22:36.076573   91897 execute.go:57] Database ping is quick (likely cached), took 495.75µs
I0910 17:22:36.077417   91897 engine.go:216] [projects/emulator/locations/emulator/services/uiuc-cmind 127c] ExecuteMutation mutation UpsertUserAssignment: succeeded. Connector: default
I0910 17:22:36.078166   91897 execute.go:57] Database ping is quick (likely cached), took 204.916µs
I0910 17:22:36.079018   91897 engine.go:216] [projects/emulator/locations/emulator/services/uiuc-cmind 127c] ExecuteMutation mutation UpsertUserAssignment: succeeded. Connector: default
I0910 17:22:36.079685   91897 execute.go:57] Database ping is quick (likely cached), took 377.375µs
I0910 17:22:36.080405   91897 engine.go:216] [projects/emulator/locations/emulator/services/uiuc-cmind 127c] ExecuteMutation mutation UpsertUserAssignment: succeeded. Connector: default
I0910 17:22:36.080971   91897 execute.go:57] Database ping is quick (likely cached), took 303.417µs
I0910 17:22:36.081829   91897 engine.go:216] [projects/emulator/locations/emulator/services/uiuc-cmind 127c] ExecuteMutation mutation UpsertUserAssignment: succeeded. Connector: default
I0910 17:22:36.082688   91897 execute.go:57] Database ping is quick (likely cached), took 374.416µs
I0910 17:22:36.083412   91897 engine.go:216] [projects/emulator/locations/emulator/services/uiuc-cmind 127c] ExecuteMutation mutation UpsertUserAssignment: succeeded. Connector: default
I0910 17:22:36.084166   91897 execute.go:57] Database ping is quick (likely cached), took 463.459µs
I0910 17:22:36.084779   91897 engine.go:216] [projects/emulator/locations/emulator/services/uiuc-cmind 127c] ExecuteMutation mutation UpsertUserAssignment: succeeded. Connector: default
I0910 17:22:36.085524   91897 execute.go:57] Database ping is quick (likely cached), took 477.417µs
I0910 17:22:36.086069   91897 engine.go:216] [projects/emulator/locations/emulator/services/uiuc-cmind 127c] ExecuteMutation mutation UpsertUserAssignment: succeeded. Connector: default
I0910 17:22:36.086922   91897 execute.go:57] Database ping is quick (likely cached), took 196.458µs
I0910 17:22:36.087474   91897 engine.go:216] [projects/emulator/locations/emulator/services/uiuc-cmind 127c] ExecuteMutation mutation UpsertUserAssignment: succeeded. Connector: default
I0910 17:22:36.088280   91897 execute.go:57] Database ping is quick (likely cached), took 210.792µs
I0910 17:22:36.088856   91897 engine.go:216] [projects/emulator/locations/emulator/services/uiuc-cmind 127c] ExecuteMutation mutation UpsertUserAssignment: succeeded. Connector: default
I0910 17:22:36.089587   91897 execute.go:57] Database ping is quick (likely cached), took 446.458µs
I0910 17:22:36.090219   91897 engine.go:216] [projects/emulator/locations/emulator/services/uiuc-cmind 127c] ExecuteMutation mutation UpsertUserAssignment: succeeded. Connector: default
I0910 17:22:36.091047   91897 execute.go:57] Database ping is quick (likely cached), took 385.417µs
I0910 17:22:36.091634   91897 engine.go:216] [projects/emulator/locations/emulator/services/uiuc-cmind 127c] ExecuteMutation mutation UpsertUserAssignment: succeeded. Connector: default
I0910 17:22:36.092403   91897 execute.go:57] Database ping is quick (likely cached), took 270.792µs
I0910 17:22:36.093234   91897 engine.go:216] [projects/emulator/locations/emulator/services/uiuc-cmind 127c] ExecuteMutation mutation UpsertUserAssignment: succeeded. Connector: default
I0910 17:22:36.094424   91897 execute.go:57] Database ping is quick (likely cached), took 187.625µs
I0910 17:22:36.095210   91897 engine.go:216] [projects/emulator/locations/emulator/services/uiuc-cmind 127c] ExecuteMutation mutation UpsertUserAssignment: succeeded. Connector: default
I0910 17:22:36.096143   91897 execute.go:57] Database ping is quick (likely cached), took 242.625µs
I0910 17:22:36.096798   91897 engine.go:216] [projects/emulator/locations/emulator/services/uiuc-cmind 127c] ExecuteMutation mutation UpsertUserAssignment: succeeded. Connector: default
I0910 17:22:36.097441   91897 execute.go:57] Database ping is quick (likely cached), took 334.166µs
I0910 17:22:36.098251   91897 engine.go:216] [projects/emulator/locations/emulator/services/uiuc-cmind 127c] ExecuteMutation mutation UpsertUserAssignment: succeeded. Connector: default
I0910 17:22:36.098969   91897 execute.go:57] Database ping is quick (likely cached), took 426.541µs
I0910 17:22:36.099784   91897 engine.go:216] [projects/emulator/locations/emulator/services/uiuc-cmind 127c] ExecuteMutation mutation UpsertUserAssignment: succeeded. Connector: default
I0910 17:22:36.100483   91897 execute.go:57] Database ping is quick (likely cached), took 263.042µs
I0910 17:22:36.101201   91897 engine.go:216] [projects/emulator/locations/emulator/services/uiuc-cmind 127c] ExecuteMutation mutation UpsertUserAssignment: succeeded. Connector: default
I0910 17:22:36.102104   91897 execute.go:57] Database ping is quick (likely cached), took 507.209µs
I0910 17:22:36.103143   91897 engine.go:216] [projects/emulator/locations/emulator/services/uiuc-cmind 127c] ExecuteMutation mutation UpsertUserAssignment: succeeded. Connector: default
I0910 17:22:36.103944   91897 execute.go:57] Database ping is quick (likely cached), took 345.167µs
I0910 17:22:36.104592   91897 engine.go:216] [projects/emulator/locations/emulator/services/uiuc-cmind 127c] ExecuteMutation mutation UpsertUserAssignment: succeeded. Connector: default
I0910 17:22:36.105177   91897 execute.go:57] Database ping is quick (likely cached), took 265.042µs
I0910 17:22:36.105932   91897 engine.go:216] [projects/emulator/locations/emulator/services/uiuc-cmind 127c] ExecuteMutation mutation UpsertUserAssignment: succeeded. Connector: default
I0910 17:22:36.106513   91897 execute.go:57] Database ping is quick (likely cached), took 272.708µs
I0910 17:22:36.107183   91897 engine.go:216] [projects/emulator/locations/emulator/services/uiuc-cmind 127c] ExecuteMutation mutation UpsertUserAssignment: succeeded. Connector: default
I0910 17:22:36.107906   91897 execute.go:57] Database ping is quick (likely cached), took 347.167µs
I0910 17:22:36.108463   91897 engine.go:216] [projects/emulator/locations/emulator/services/uiuc-cmind 127c] ExecuteMutation mutation UpsertUserAssignment: succeeded. Connector: default
I0910 17:22:36.109158   91897 execute.go:57] Database ping is quick (likely cached), took 425.334µs
I0910 17:22:36.109707   91897 engine.go:216] [projects/emulator/locations/emulator/services/uiuc-cmind 127c] ExecuteMutation mutation UpsertUserAssignment: succeeded. Connector: default
I0910 17:22:36.110710   91897 execute.go:57] Database ping is quick (likely cached), took 213.667µs
I0910 17:22:36.111400   91897 engine.go:216] [projects/emulator/locations/emulator/services/uiuc-cmind 127c] ExecuteMutation mutation UpsertUserAssignment: succeeded. Connector: default
I0910 17:22:36.112192   91897 execute.go:57] Database ping is quick (likely cached), took 359.167µs
I0910 17:22:36.112913   91897 engine.go:216] [projects/emulator/locations/emulator/services/uiuc-cmind 127c] ExecuteMutation mutation UpsertUserAssignment: succeeded. Connector: default
I0910 17:22:36.113528   91897 execute.go:57] Database ping is quick (likely cached), took 336.875µs
I0910 17:22:36.114533   91897 engine.go:216] [projects/emulator/locations/emulator/services/uiuc-cmind 127c] ExecuteMutation mutation UpsertUserAssignment: succeeded. Connector: default
I0910 17:22:36.115657   91897 execute.go:57] Database ping is quick (likely cached), took 392.458µs
I0910 17:22:36.116372   91897 engine.go:216] [projects/emulator/locations/emulator/services/uiuc-cmind 127c] ExecuteMutation mutation UpsertUserAssignment: succeeded. Connector: default
I0910 17:22:36.117117   91897 execute.go:57] Database ping is quick (likely cached), took 269.625µs
I0910 17:22:36.117883   91897 engine.go:216] [projects/emulator/locations/emulator/services/uiuc-cmind 127c] ExecuteMutation mutation UpsertUserAssignment: succeeded. Connector: default
I0910 17:22:36.118576   91897 execute.go:57] Database ping is quick (likely cached), took 299.166µs
I0910 17:22:36.119192   91897 engine.go:216] [projects/emulator/locations/emulator/services/uiuc-cmind 127c] ExecuteMutation mutation UpsertUserAssignment: succeeded. Connector: default
I0910 17:22:36.119722   91897 execute.go:57] Database ping is quick (likely cached), took 239.958µs
I0910 17:22:36.120471   91897 engine.go:216] [projects/emulator/locations/emulator/services/uiuc-cmind 127c] ExecuteMutation mutation UpsertUserAssignment: succeeded. Connector: default
I0910 17:22:36.121323   91897 execute.go:57] Database ping is quick (likely cached), took 456.167µs
I0910 17:22:36.122062   91897 engine.go:216] [projects/emulator/locations/emulator/services/uiuc-cmind 127c] ExecuteMutation mutation UpsertUserAssignment: succeeded. Connector: default
I0910 17:22:36.122867   91897 execute.go:57] Database ping is quick (likely cached), took 341.125µs
I0910 17:22:36.123488   91897 engine.go:216] [projects/emulator/locations/emulator/services/uiuc-cmind 127c] ExecuteMutation mutation UpsertUserAssignment: succeeded. Connector: default
I0910 17:22:36.124230   91897 execute.go:57] Database ping is quick (likely cached), took 373.167µs
I0910 17:22:36.124969   91897 engine.go:216] [projects/emulator/locations/emulator/services/uiuc-cmind 127c] ExecuteMutation mutation UpsertUserAssignment: succeeded. Connector: default
I0910 17:22:36.125735   91897 execute.go:57] Database ping is quick (likely cached), took 278.083µs
I0910 17:22:36.126391   91897 engine.go:216] [projects/emulator/locations/emulator/services/uiuc-cmind 127c] ExecuteMutation mutation UpsertUserAssignment: succeeded. Connector: default
I0910 17:22:36.127210   91897 execute.go:57] Database ping is quick (likely cached), took 321.833µs
I0910 17:22:36.128453   91897 engine.go:216] [projects/emulator/locations/emulator/services/uiuc-cmind 127c] ExecuteMutation mutation UpsertUserAssignment: succeeded. Connector: default
I0910 17:22:36.129539   91897 execute.go:57] Database ping is quick (likely cached), took 130.125µs
I0910 17:22:36.130165   91897 engine.go:216] [projects/emulator/locations/emulator/services/uiuc-cmind 127c] ExecuteMutation mutation UpsertUserAssignment: succeeded. Connector: default
I0910 17:22:36.130813   91897 execute.go:57] Database ping is quick (likely cached), took 361.709µs
I0910 17:22:36.131404   91897 engine.go:216] [projects/emulator/locations/emulator/services/uiuc-cmind 127c] ExecuteMutation mutation UpsertUserAssignment: succeeded. Connector: default
I0910 17:22:36.132032   91897 execute.go:57] Database ping is quick (likely cached), took 177.75µs
I0910 17:22:36.132645   91897 engine.go:216] [projects/emulator/locations/emulator/services/uiuc-cmind 127c] ExecuteMutation mutation UpsertUserAssignment: succeeded. Connector: default
I0910 17:22:36.133272   91897 execute.go:57] Database ping is quick (likely cached), took 162.875µs
I0910 17:22:36.133798   91897 engine.go:216] [projects/emulator/locations/emulator/services/uiuc-cmind 127c] ExecuteMutation mutation UpsertUserAssignment: succeeded. Connector: default
I0910 17:22:36.134484   91897 execute.go:57] Database ping is quick (likely cached), took 244.209µs
I0910 17:22:36.135070   91897 engine.go:216] [projects/emulator/locations/emulator/services/uiuc-cmind 127c] ExecuteMutation mutation UpsertUserAssignment: succeeded. Connector: default
I0910 17:22:36.135694   91897 execute.go:57] Database ping is quick (likely cached), took 288µs
I0910 17:22:36.136212   91897 engine.go:216] [projects/emulator/locations/emulator/services/uiuc-cmind 127c] ExecuteMutation mutation UpsertUserAssignment: succeeded. Connector: default
I0910 17:22:37.852592   91897 execute.go:57] Database ping is quick (likely cached), took 1.225875ms
I0910 17:22:37.855141   91897 engine.go:216] [projects/emulator/locations/emulator/services/uiuc-cmind 127c] ExecuteMutation mutation UpsertCourse: succeeded. Connector: default
I0910 17:22:37.855750   91897 execute.go:57] Database ping is quick (likely cached), took 525µs
I0910 17:22:37.857441   91897 engine.go:216] [projects/emulator/locations/emulator/services/uiuc-cmind 127c] ExecuteMutation mutation UpsertCourse: succeeded. Connector: default
I0910 17:22:37.858593   91897 execute.go:57] Database ping is quick (likely cached), took 929.833µs
I0910 17:22:37.862044   91897 engine.go:216] [projects/emulator/locations/emulator/services/uiuc-cmind 127c] ExecuteMutation mutation UpsertCourse: succeeded. Connector: default
I0910 17:22:37.862555   91897 execute.go:57] Database ping is quick (likely cached), took 418.084µs
I0910 17:22:37.864547   91897 engine.go:216] [projects/emulator/locations/emulator/services/uiuc-cmind 127c] ExecuteMutation mutation UpsertCourse: succeeded. Connector: default
I0910 17:22:37.865148   91897 execute.go:57] Database ping is quick (likely cached), took 458.666µs
I0910 17:22:37.867312   91897 engine.go:216] [projects/emulator/locations/emulator/services/uiuc-cmind 127c] ExecuteMutation mutation UpsertCourse: succeeded. Connector: default
I0910 17:22:37.868413   91897 execute.go:57] Database ping is quick (likely cached), took 404.084µs
I0910 17:22:37.870229   91897 engine.go:216] [projects/emulator/locations/emulator/services/uiuc-cmind 127c] ExecuteMutation mutation AddEnrollment: succeeded. Connector: default
I0910 17:22:37.871150   91897 execute.go:57] Database ping is quick (likely cached), took 520.458µs
I0910 17:22:37.872021   91897 engine.go:216] [projects/emulator/locations/emulator/services/uiuc-cmind 127c] ExecuteMutation mutation AddEnrollment: succeeded. Connector: default
I0910 17:22:37.873046   91897 execute.go:57] Database ping is quick (likely cached), took 681.292µs
I0910 17:22:37.874600   91897 engine.go:216] [projects/emulator/locations/emulator/services/uiuc-cmind 127c] ExecuteMutation mutation AddEnrollment: succeeded. Connector: default
I0910 17:22:37.875333   91897 execute.go:57] Database ping is quick (likely cached), took 391.834µs
I0910 17:22:37.876145   91897 engine.go:216] [projects/emulator/locations/emulator/services/uiuc-cmind 127c] ExecuteMutation mutation AddEnrollment: succeeded. Connector: default
I0910 17:22:37.876912   91897 execute.go:57] Database ping is quick (likely cached), took 299.292µs
I0910 17:22:37.877511   91897 engine.go:216] [projects/emulator/locations/emulator/services/uiuc-cmind 127c] ExecuteMutation mutation AddEnrollment: succeeded. Connector: default
I0910 17:22:37.885555   91897 execute.go:57] Database ping is quick (likely cached), took 947.75µs
I0910 17:22:37.888539   91897 engine.go:216] [projects/emulator/locations/emulator/services/uiuc-cmind 127c] ExecuteMutation mutation UpsertAssignment: succeeded. Connector: default
I0910 17:22:37.889754   91897 execute.go:57] Database ping is quick (likely cached), took 1.09475ms
I0910 17:22:37.891814   91897 engine.go:216] [projects/emulator/locations/emulator/services/uiuc-cmind 127c] ExecuteMutation mutation UpsertAssignment: succeeded. Connector: default
I0910 17:22:37.892683   91897 execute.go:57] Database ping is quick (likely cached), took 757.792µs
I0910 17:22:37.897437   91897 engine.go:216] [projects/emulator/locations/emulator/services/uiuc-cmind 127c] ExecuteMutation mutation UpsertAssignment: succeeded. Connector: default
I0910 17:22:37.898227   91897 execute.go:57] Database ping is quick (likely cached), took 642.208µs
I0910 17:22:37.903665   91897 engine.go:216] [projects/emulator/locations/emulator/services/uiuc-cmind 127c] ExecuteMutation mutation UpsertAssignment: succeeded. Connector: default
I0910 17:22:37.903958   91897 execute.go:57] Database ping is quick (likely cached), took 232.708µs
I0910 17:22:37.905215   91897 engine.go:216] [projects/emulator/locations/emulator/services/uiuc-cmind 127c] ExecuteMutation mutation UpsertAssignment: succeeded. Connector: default
I0910 17:22:37.905422   91897 execute.go:57] Database ping is quick (likely cached), took 161.166µs
I0910 17:22:37.906809   91897 engine.go:216] [projects/emulator/locations/emulator/services/uiuc-cmind 127c] ExecuteMutation mutation UpsertAssignment: succeeded. Connector: default
I0910 17:22:37.906994   91897 execute.go:57] Database ping is quick (likely cached), took 143.375µs
I0910 17:22:37.908191   91897 engine.go:216] [projects/emulator/locations/emulator/services/uiuc-cmind 127c] ExecuteMutation mutation UpsertAssignment: succeeded. Connector: default
I0910 17:22:37.908391   91897 execute.go:57] Database ping is quick (likely cached), took 143.667µs
I0910 17:22:37.909576   91897 engine.go:216] [projects/emulator/locations/emulator/services/uiuc-cmind 127c] ExecuteMutation mutation UpsertAssignment: succeeded. Connector: default
I0910 17:22:37.909827   91897 execute.go:57] Database ping is quick (likely cached), took 208.25µs
I0910 17:22:37.910910   91897 engine.go:216] [projects/emulator/locations/emulator/services/uiuc-cmind 127c] ExecuteMutation mutation UpsertAssignment: succeeded. Connector: default
I0910 17:22:37.911117   91897 execute.go:57] Database ping is quick (likely cached), took 162.167µs
I0910 17:22:37.912585   91897 engine.go:216] [projects/emulator/locations/emulator/services/uiuc-cmind 127c] ExecuteMutation mutation UpsertAssignment: succeeded. Connector: default
I0910 17:22:37.912946   91897 execute.go:57] Database ping is quick (likely cached), took 235.166µs
I0910 17:22:37.914300   91897 engine.go:216] [projects/emulator/locations/emulator/services/uiuc-cmind 127c] ExecuteMutation mutation UpsertAssignment: succeeded. Connector: default
I0910 17:22:37.914509   91897 execute.go:57] Database ping is quick (likely cached), took 166.542µs
I0910 17:22:37.915756   91897 engine.go:216] [projects/emulator/locations/emulator/services/uiuc-cmind 127c] ExecuteMutation mutation UpsertAssignment: succeeded. Connector: default
I0910 17:22:37.916039   91897 execute.go:57] Database ping is quick (likely cached), took 235.417µs
I0910 17:22:37.917266   91897 engine.go:216] [projects/emulator/locations/emulator/services/uiuc-cmind 127c] ExecuteMutation mutation UpsertAssignment: succeeded. Connector: default
I0910 17:22:37.917514   91897 execute.go:57] Database ping is quick (likely cached), took 199.958µs
I0910 17:22:37.918720   91897 engine.go:216] [projects/emulator/locations/emulator/services/uiuc-cmind 127c] ExecuteMutation mutation UpsertAssignment: succeeded. Connector: default
I0910 17:22:37.918913   91897 execute.go:57] Database ping is quick (likely cached), took 154.458µs
I0910 17:22:37.920201   91897 engine.go:216] [projects/emulator/locations/emulator/services/uiuc-cmind 127c] ExecuteMutation mutation UpsertAssignment: succeeded. Connector: default
I0910 17:22:37.920741   91897 execute.go:57] Database ping is quick (likely cached), took 484.959µs
I0910 17:22:37.921962   91897 engine.go:216] [projects/emulator/locations/emulator/services/uiuc-cmind 127c] ExecuteMutation mutation UpsertAssignment: succeeded. Connector: default
I0910 17:22:37.922202   91897 execute.go:57] Database ping is quick (likely cached), took 187.708µs
I0910 17:22:37.923495   91897 engine.go:216] [projects/emulator/locations/emulator/services/uiuc-cmind 127c] ExecuteMutation mutation UpsertAssignment: succeeded. Connector: default
I0910 17:22:37.923703   91897 execute.go:57] Database ping is quick (likely cached), took 173.166µs
I0910 17:22:37.925367   91897 engine.go:216] [projects/emulator/locations/emulator/services/uiuc-cmind 127c] ExecuteMutation mutation UpsertAssignment: succeeded. Connector: default
I0910 17:22:37.925575   91897 execute.go:57] Database ping is quick (likely cached), took 149.25µs
I0910 17:22:37.926919   91897 engine.go:216] [projects/emulator/locations/emulator/services/uiuc-cmind 127c] ExecuteMutation mutation UpsertAssignment: succeeded. Connector: default
I0910 17:22:37.927096   91897 execute.go:57] Database ping is quick (likely cached), took 144.291µs
I0910 17:22:37.928287   91897 engine.go:216] [projects/emulator/locations/emulator/services/uiuc-cmind 127c] ExecuteMutation mutation UpsertAssignment: succeeded. Connector: default
I0910 17:22:37.928488   91897 execute.go:57] Database ping is quick (likely cached), took 164µs
I0910 17:22:37.929550   91897 engine.go:216] [projects/emulator/locations/emulator/services/uiuc-cmind 127c] ExecuteMutation mutation UpsertAssignment: succeeded. Connector: default
I0910 17:22:37.929713   91897 execute.go:57] Database ping is quick (likely cached), took 128.625µs
I0910 17:22:37.930997   91897 engine.go:216] [projects/emulator/locations/emulator/services/uiuc-cmind 127c] ExecuteMutation mutation UpsertAssignment: succeeded. Connector: default
I0910 17:22:37.931204   91897 execute.go:57] Database ping is quick (likely cached), took 167.042µs
I0910 17:22:37.932345   91897 engine.go:216] [projects/emulator/locations/emulator/services/uiuc-cmind 127c] ExecuteMutation mutation UpsertAssignment: succeeded. Connector: default
I0910 17:22:37.932496   91897 execute.go:57] Database ping is quick (likely cached), took 119.041µs
I0910 17:22:37.933511   91897 engine.go:216] [projects/emulator/locations/emulator/services/uiuc-cmind 127c] ExecuteMutation mutation UpsertAssignment: succeeded. Connector: default
I0910 17:22:37.933692   91897 execute.go:57] Database ping is quick (likely cached), took 149.125µs
I0910 17:22:37.934796   91897 engine.go:216] [projects/emulator/locations/emulator/services/uiuc-cmind 127c] ExecuteMutation mutation UpsertAssignment: succeeded. Connector: default
I0910 17:22:37.934993   91897 execute.go:57] Database ping is quick (likely cached), took 167.625µs
I0910 17:22:37.936217   91897 engine.go:216] [projects/emulator/locations/emulator/services/uiuc-cmind 127c] ExecuteMutation mutation UpsertAssignment: succeeded. Connector: default
I0910 17:22:37.936376   91897 execute.go:57] Database ping is quick (likely cached), took 92.042µs
I0910 17:22:37.937562   91897 engine.go:216] [projects/emulator/locations/emulator/services/uiuc-cmind 127c] ExecuteMutation mutation UpsertAssignment: succeeded. Connector: default
I0910 17:22:37.937872   91897 execute.go:57] Database ping is quick (likely cached), took 279.834µs
I0910 17:22:37.938832   91897 engine.go:216] [projects/emulator/locations/emulator/services/uiuc-cmind 127c] ExecuteMutation mutation UpsertAssignment: succeeded. Connector: default
I0910 17:22:37.939001   91897 execute.go:57] Database ping is quick (likely cached), took 139.167µs
I0910 17:22:37.940036   91897 engine.go:216] [projects/emulator/locations/emulator/services/uiuc-cmind 127c] ExecuteMutation mutation UpsertAssignment: succeeded. Connector: default
I0910 17:22:37.940189   91897 execute.go:57] Database ping is quick (likely cached), took 114.041µs
I0910 17:22:37.941413   91897 engine.go:216] [projects/emulator/locations/emulator/services/uiuc-cmind 127c] ExecuteMutation mutation UpsertAssignment: succeeded. Connector: default
I0910 17:22:37.941871   91897 execute.go:57] Database ping is quick (likely cached), took 404.292µs
I0910 17:22:37.942862   91897 engine.go:216] [projects/emulator/locations/emulator/services/uiuc-cmind 127c] ExecuteMutation mutation UpsertAssignment: succeeded. Connector: default
I0910 17:22:37.943022   91897 execute.go:57] Database ping is quick (likely cached), took 131.833µs
I0910 17:22:37.944231   91897 engine.go:216] [projects/emulator/locations/emulator/services/uiuc-cmind 127c] ExecuteMutation mutation UpsertAssignment: succeeded. Connector: default
I0910 17:22:37.944386   91897 execute.go:57] Database ping is quick (likely cached), took 99.416µs
I0910 17:22:37.945723   91897 engine.go:216] [projects/emulator/locations/emulator/services/uiuc-cmind 127c] ExecuteMutation mutation UpsertAssignment: succeeded. Connector: default
I0910 17:22:37.945942   91897 execute.go:57] Database ping is quick (likely cached), took 139.667µs
I0910 17:22:37.947060   91897 engine.go:216] [projects/emulator/locations/emulator/services/uiuc-cmind 127c] ExecuteMutation mutation UpsertAssignment: succeeded. Connector: default
I0910 17:22:37.947325   91897 execute.go:57] Database ping is quick (likely cached), took 211.75µs
I0910 17:22:37.948512   91897 engine.go:216] [projects/emulator/locations/emulator/services/uiuc-cmind 127c] ExecuteMutation mutation UpsertAssignment: succeeded. Connector: default
I0910 17:22:37.950031   91897 execute.go:57] Database ping is quick (likely cached), took 1.47175ms
I0910 17:22:37.950734   91897 engine.go:216] [projects/emulator/locations/emulator/services/uiuc-cmind 127c] ExecuteMutation mutation UpsertAssignment: succeeded. Connector: default
I0910 17:22:37.950944   91897 execute.go:57] Database ping is quick (likely cached), took 171.959µs
I0910 17:22:37.952183   91897 engine.go:216] [projects/emulator/locations/emulator/services/uiuc-cmind 127c] ExecuteMutation mutation UpsertAssignment: succeeded. Connector: default
I0910 17:22:37.952411   91897 execute.go:57] Database ping is quick (likely cached), took 172.542µs
I0910 17:22:37.953711   91897 engine.go:216] [projects/emulator/locations/emulator/services/uiuc-cmind 127c] ExecuteMutation mutation UpsertAssignment: succeeded. Connector: default
I0910 17:22:37.953883   91897 execute.go:57] Database ping is quick (likely cached), took 138.167µs
I0910 17:22:37.955026   91897 engine.go:216] [projects/emulator/locations/emulator/services/uiuc-cmind 127c] ExecuteMutation mutation UpsertAssignment: succeeded. Connector: default
I0910 17:22:37.955186   91897 execute.go:57] Database ping is quick (likely cached), took 129.583µs
I0910 17:22:37.956303   91897 engine.go:216] [projects/emulator/locations/emulator/services/uiuc-cmind 127c] ExecuteMutation mutation UpsertAssignment: succeeded. Connector: default
I0910 17:22:37.956462   91897 execute.go:57] Database ping is quick (likely cached), took 117.541µs
I0910 17:22:37.957686   91897 engine.go:216] [projects/emulator/locations/emulator/services/uiuc-cmind 127c] ExecuteMutation mutation UpsertAssignment: succeeded. Connector: default
I0910 17:22:37.957856   91897 execute.go:57] Database ping is quick (likely cached), took 131.166µs
I0910 17:22:37.958971   91897 engine.go:216] [projects/emulator/locations/emulator/services/uiuc-cmind 127c] ExecuteMutation mutation UpsertAssignment: succeeded. Connector: default
I0910 17:22:37.959119   91897 execute.go:57] Database ping is quick (likely cached), took 114.125µs
I0910 17:22:37.960309   91897 engine.go:216] [projects/emulator/locations/emulator/services/uiuc-cmind 127c] ExecuteMutation mutation UpsertAssignment: succeeded. Connector: default
I0910 17:22:37.960582   91897 execute.go:57] Database ping is quick (likely cached), took 234.333µs
I0910 17:22:37.962283   91897 engine.go:216] [projects/emulator/locations/emulator/services/uiuc-cmind 127c] ExecuteMutation mutation UpsertAssignment: succeeded. Connector: default
I0910 17:22:37.962640   91897 execute.go:57] Database ping is quick (likely cached), took 283.208µs
I0910 17:22:37.963967   91897 engine.go:216] [projects/emulator/locations/emulator/services/uiuc-cmind 127c] ExecuteMutation mutation UpsertAssignment: succeeded. Connector: default
I0910 17:22:37.964174   91897 execute.go:57] Database ping is quick (likely cached), took 172.709µs
I0910 17:22:37.965247   91897 engine.go:216] [projects/emulator/locations/emulator/services/uiuc-cmind 127c] ExecuteMutation mutation UpsertAssignment: succeeded. Connector: default
I0910 17:22:37.965478   91897 execute.go:57] Database ping is quick (likely cached), took 179.708µs
I0910 17:22:37.966623   91897 engine.go:216] [projects/emulator/locations/emulator/services/uiuc-cmind 127c] ExecuteMutation mutation UpsertAssignment: succeeded. Connector: default
I0910 17:22:37.966783   91897 execute.go:57] Database ping is quick (likely cached), took 116.333µs
I0910 17:22:37.967870   91897 engine.go:216] [projects/emulator/locations/emulator/services/uiuc-cmind 127c] ExecuteMutation mutation UpsertAssignment: succeeded. Connector: default
I0910 17:22:37.968024   91897 execute.go:57] Database ping is quick (likely cached), took 128.292µs
I0910 17:22:37.969355   91897 engine.go:216] [projects/emulator/locations/emulator/services/uiuc-cmind 127c] ExecuteMutation mutation UpsertAssignment: succeeded. Connector: default
I0910 17:22:37.969532   91897 execute.go:57] Database ping is quick (likely cached), took 142.625µs
I0910 17:22:37.970766   91897 engine.go:216] [projects/emulator/locations/emulator/services/uiuc-cmind 127c] ExecuteMutation mutation UpsertAssignment: succeeded. Connector: default
I0910 17:22:37.970973   91897 execute.go:57] Database ping is quick (likely cached), took 174.958µs
I0910 17:22:37.972029   91897 engine.go:216] [projects/emulator/locations/emulator/services/uiuc-cmind 127c] ExecuteMutation mutation UpsertAssignment: succeeded. Connector: default
I0910 17:22:37.972195   91897 execute.go:57] Database ping is quick (likely cached), took 141.333µs
I0910 17:22:37.973247   91897 engine.go:216] [projects/emulator/locations/emulator/services/uiuc-cmind 127c] ExecuteMutation mutation UpsertAssignment: succeeded. Connector: default
I0910 17:22:37.973395   91897 execute.go:57] Database ping is quick (likely cached), took 122.291µs
I0910 17:22:37.974540   91897 engine.go:216] [projects/emulator/locations/emulator/services/uiuc-cmind 127c] ExecuteMutation mutation UpsertAssignment: succeeded. Connector: default
I0910 17:22:37.974701   91897 execute.go:57] Database ping is quick (likely cached), took 134.75µs
I0910 17:22:37.975824   91897 engine.go:216] [projects/emulator/locations/emulator/services/uiuc-cmind 127c] ExecuteMutation mutation UpsertAssignment: succeeded. Connector: default
I0910 17:22:37.975983   91897 execute.go:57] Database ping is quick (likely cached), took 123.959µs
I0910 17:22:37.977201   91897 engine.go:216] [projects/emulator/locations/emulator/services/uiuc-cmind 127c] ExecuteMutation mutation UpsertAssignment: succeeded. Connector: default
I0910 17:22:37.977407   91897 execute.go:57] Database ping is quick (likely cached), took 137.5µs
I0910 17:22:37.978520   91897 engine.go:216] [projects/emulator/locations/emulator/services/uiuc-cmind 127c] ExecuteMutation mutation UpsertAssignment: succeeded. Connector: default
I0910 17:22:37.978652   91897 execute.go:57] Database ping is quick (likely cached), took 98.917µs
I0910 17:22:37.979805   91897 engine.go:216] [projects/emulator/locations/emulator/services/uiuc-cmind 127c] ExecuteMutation mutation UpsertAssignment: succeeded. Connector: default
I0910 17:22:37.980033   91897 execute.go:57] Database ping is quick (likely cached), took 201.459µs
I0910 17:22:37.981310   91897 engine.go:216] [projects/emulator/locations/emulator/services/uiuc-cmind 127c] ExecuteMutation mutation UpsertAssignment: succeeded. Connector: default
I0910 17:22:37.981467   91897 execute.go:57] Database ping is quick (likely cached), took 126.708µs
I0910 17:22:37.982485   91897 engine.go:216] [projects/emulator/locations/emulator/services/uiuc-cmind 127c] ExecuteMutation mutation UpsertAssignment: succeeded. Connector: default
I0910 17:22:37.982619   91897 execute.go:57] Database ping is quick (likely cached), took 110µs
I0910 17:22:37.983753   91897 engine.go:216] [projects/emulator/locations/emulator/services/uiuc-cmind 127c] ExecuteMutation mutation UpsertAssignment: succeeded. Connector: default
I0910 17:22:37.983946   91897 execute.go:57] Database ping is quick (likely cached), took 165.416µs
I0910 17:22:37.985067   91897 engine.go:216] [projects/emulator/locations/emulator/services/uiuc-cmind 127c] ExecuteMutation mutation UpsertAssignment: succeeded. Connector: default
I0910 17:22:37.985799   91897 execute.go:57] Database ping is quick (likely cached), took 655µs
I0910 17:22:37.986598   91897 engine.go:216] [projects/emulator/locations/emulator/services/uiuc-cmind 127c] ExecuteMutation mutation UpsertAssignment: succeeded. Connector: default
I0910 17:22:37.986815   91897 execute.go:57] Database ping is quick (likely cached), took 186.875µs
I0910 17:22:37.987992   91897 engine.go:216] [projects/emulator/locations/emulator/services/uiuc-cmind 127c] ExecuteMutation mutation UpsertAssignment: succeeded. Connector: default
I0910 17:22:37.988171   91897 execute.go:57] Database ping is quick (likely cached), took 151.083µs
I0910 17:22:37.989391   91897 engine.go:216] [projects/emulator/locations/emulator/services/uiuc-cmind 127c] ExecuteMutation mutation UpsertAssignment: succeeded. Connector: default
I0910 17:22:37.989565   91897 execute.go:57] Database ping is quick (likely cached), took 140.042µs
I0910 17:22:37.990696   91897 engine.go:216] [projects/emulator/locations/emulator/services/uiuc-cmind 127c] ExecuteMutation mutation UpsertAssignment: succeeded. Connector: default
I0910 17:22:37.990817   91897 execute.go:57] Database ping is quick (likely cached), took 91.584µs
I0910 17:22:37.991856   91897 engine.go:216] [projects/emulator/locations/emulator/services/uiuc-cmind 127c] ExecuteMutation mutation UpsertAssignment: succeeded. Connector: default
I0910 17:22:37.992072   91897 execute.go:57] Database ping is quick (likely cached), took 182.375µs
I0910 17:22:37.993200   91897 engine.go:216] [projects/emulator/locations/emulator/services/uiuc-cmind 127c] ExecuteMutation mutation UpsertAssignment: succeeded. Connector: default
I0910 17:22:37.993499   91897 execute.go:57] Database ping is quick (likely cached), took 235.541µs
I0910 17:22:37.994627   91897 engine.go:216] [projects/emulator/locations/emulator/services/uiuc-cmind 127c] ExecuteMutation mutation UpsertAssignment: succeeded. Connector: default
I0910 17:22:37.994837   91897 execute.go:57] Database ping is quick (likely cached), took 179.209µs
I0910 17:22:37.995978   91897 engine.go:216] [projects/emulator/locations/emulator/services/uiuc-cmind 127c] ExecuteMutation mutation UpsertAssignment: succeeded. Connector: default
I0910 17:22:37.996181   91897 execute.go:57] Database ping is quick (likely cached), took 163.542µs
I0910 17:22:37.997592   91897 engine.go:216] [projects/emulator/locations/emulator/services/uiuc-cmind 127c] ExecuteMutation mutation UpsertAssignment: succeeded. Connector: default
I0910 17:22:37.997796   91897 execute.go:57] Database ping is quick (likely cached), took 169.875µs
I0910 17:22:37.998778   91897 engine.go:216] [projects/emulator/locations/emulator/services/uiuc-cmind 127c] ExecuteMutation mutation UpsertAssignment: succeeded. Connector: default
I0910 17:22:37.998964   91897 execute.go:57] Database ping is quick (likely cached), took 146.75µs
I0910 17:22:38.000139   91897 engine.go:216] [projects/emulator/locations/emulator/services/uiuc-cmind 127c] ExecuteMutation mutation UpsertAssignment: succeeded. Connector: default
I0910 17:22:38.000291   91897 execute.go:57] Database ping is quick (likely cached), took 115.334µs
I0910 17:22:38.001437   91897 engine.go:216] [projects/emulator/locations/emulator/services/uiuc-cmind 127c] ExecuteMutation mutation UpsertAssignment: succeeded. Connector: default
I0910 17:22:38.001653   91897 execute.go:57] Database ping is quick (likely cached), took 137.125µs
I0910 17:22:38.002820   91897 engine.go:216] [projects/emulator/locations/emulator/services/uiuc-cmind 127c] ExecuteMutation mutation UpsertAssignment: succeeded. Connector: default
I0910 17:22:38.002981   91897 execute.go:57] Database ping is quick (likely cached), took 118.542µs
I0910 17:22:38.004045   91897 engine.go:216] [projects/emulator/locations/emulator/services/uiuc-cmind 127c] ExecuteMutation mutation UpsertAssignment: succeeded. Connector: default
I0910 17:22:38.004185   91897 execute.go:57] Database ping is quick (likely cached), took 113.083µs
I0910 17:22:38.005202   91897 engine.go:216] [projects/emulator/locations/emulator/services/uiuc-cmind 127c] ExecuteMutation mutation UpsertAssignment: succeeded. Connector: default
I0910 17:22:38.005370   91897 execute.go:57] Database ping is quick (likely cached), took 118.792µs
I0910 17:22:38.006402   91897 engine.go:216] [projects/emulator/locations/emulator/services/uiuc-cmind 127c] ExecuteMutation mutation UpsertAssignment: succeeded. Connector: default
I0910 17:22:38.006560   91897 execute.go:57] Database ping is quick (likely cached), took 125.875µs
I0910 17:22:38.007647   91897 engine.go:216] [projects/emulator/locations/emulator/services/uiuc-cmind 127c] ExecuteMutation mutation UpsertAssignment: succeeded. Connector: default
I0910 17:22:38.007817   91897 execute.go:57] Database ping is quick (likely cached), took 119µs
I0910 17:22:38.008967   91897 engine.go:216] [projects/emulator/locations/emulator/services/uiuc-cmind 127c] ExecuteMutation mutation UpsertAssignment: succeeded. Connector: default
I0910 17:22:38.009393   91897 execute.go:57] Database ping is quick (likely cached), took 352.375µs
I0910 17:22:38.010596   91897 engine.go:216] [projects/emulator/locations/emulator/services/uiuc-cmind 127c] ExecuteMutation mutation UpsertAssignment: succeeded. Connector: default
I0910 17:22:38.010800   91897 execute.go:57] Database ping is quick (likely cached), took 173.125µs
I0910 17:22:38.011944   91897 engine.go:216] [projects/emulator/locations/emulator/services/uiuc-cmind 127c] ExecuteMutation mutation UpsertAssignment: succeeded. Connector: default
I0910 17:22:38.012119   91897 execute.go:57] Database ping is quick (likely cached), took 144.458µs
I0910 17:22:38.013131   91897 engine.go:216] [projects/emulator/locations/emulator/services/uiuc-cmind 127c] ExecuteMutation mutation UpsertAssignment: succeeded. Connector: default
I0910 17:22:38.013360   91897 execute.go:57] Database ping is quick (likely cached), took 201.834µs
I0910 17:22:38.014411   91897 engine.go:216] [projects/emulator/locations/emulator/services/uiuc-cmind 127c] ExecuteMutation mutation UpsertAssignment: succeeded. Connector: default
I0910 17:22:38.014569   91897 execute.go:57] Database ping is quick (likely cached), took 130.333µs
I0910 17:22:38.015569   91897 engine.go:216] [projects/emulator/locations/emulator/services/uiuc-cmind 127c] ExecuteMutation mutation UpsertAssignment: succeeded. Connector: default
I0910 17:22:38.016066   91897 execute.go:57] Database ping is quick (likely cached), took 316.75µs
I0910 17:22:38.017268   91897 engine.go:216] [projects/emulator/locations/emulator/services/uiuc-cmind 127c] ExecuteMutation mutation UpsertAssignment: succeeded. Connector: default
I0910 17:22:38.017477   91897 execute.go:57] Database ping is quick (likely cached), took 170.167µs
I0910 17:22:38.018789   91897 engine.go:216] [projects/emulator/locations/emulator/services/uiuc-cmind 127c] ExecuteMutation mutation UpsertAssignment: succeeded. Connector: default
I0910 17:22:38.018943   91897 execute.go:57] Database ping is quick (likely cached), took 114.833µs
I0910 17:22:38.020137   91897 engine.go:216] [projects/emulator/locations/emulator/services/uiuc-cmind 127c] ExecuteMutation mutation UpsertAssignment: succeeded. Connector: default
I0910 17:22:38.020355   91897 execute.go:57] Database ping is quick (likely cached), took 175.583µs
I0910 17:22:38.021380   91897 engine.go:216] [projects/emulator/locations/emulator/services/uiuc-cmind 127c] ExecuteMutation mutation UpsertAssignment: succeeded. Connector: default
I0910 17:22:38.021524   91897 execute.go:57] Database ping is quick (likely cached), took 115.791µs
I0910 17:22:38.022609   91897 engine.go:216] [projects/emulator/locations/emulator/services/uiuc-cmind 127c] ExecuteMutation mutation UpsertAssignment: succeeded. Connector: default
I0910 17:22:38.022752   91897 execute.go:57] Database ping is quick (likely cached), took 112.667µs
I0910 17:22:38.023890   91897 engine.go:216] [projects/emulator/locations/emulator/services/uiuc-cmind 127c] ExecuteMutation mutation UpsertAssignment: succeeded. Connector: default
I0910 17:22:38.024029   91897 execute.go:57] Database ping is quick (likely cached), took 108.208µs
I0910 17:22:38.025133   91897 engine.go:216] [projects/emulator/locations/emulator/services/uiuc-cmind 127c] ExecuteMutation mutation UpsertAssignment: succeeded. Connector: default
I0910 17:22:38.025641   91897 execute.go:57] Database ping is quick (likely cached), took 467.75µs
I0910 17:22:38.027151   91897 engine.go:216] [projects/emulator/locations/emulator/services/uiuc-cmind 127c] ExecuteMutation mutation UpsertAssignment: succeeded. Connector: default
I0910 17:22:38.028153   91897 execute.go:57] Database ping is quick (likely cached), took 503.792µs
I0910 17:22:38.029284   91897 engine.go:216] [projects/emulator/locations/emulator/services/uiuc-cmind 127c] ExecuteMutation mutation UpsertUserAssignment: succeeded. Connector: default
I0910 17:22:38.030090   91897 execute.go:57] Database ping is quick (likely cached), took 337.5µs
I0910 17:22:38.030766   91897 engine.go:216] [projects/emulator/locations/emulator/services/uiuc-cmind 127c] ExecuteMutation mutation UpsertUserAssignment: succeeded. Connector: default
I0910 17:22:38.031398   91897 execute.go:57] Database ping is quick (likely cached), took 347.625µs
I0910 17:22:38.032212   91897 engine.go:216] [projects/emulator/locations/emulator/services/uiuc-cmind 127c] ExecuteMutation mutation UpsertUserAssignment: succeeded. Connector: default
I0910 17:22:38.033048   91897 execute.go:57] Database ping is quick (likely cached), took 302.625µs
I0910 17:22:38.033937   91897 engine.go:216] [projects/emulator/locations/emulator/services/uiuc-cmind 127c] ExecuteMutation mutation UpsertUserAssignment: succeeded. Connector: default
I0910 17:22:38.034837   91897 execute.go:57] Database ping is quick (likely cached), took 475.458µs
I0910 17:22:38.035487   91897 engine.go:216] [projects/emulator/locations/emulator/services/uiuc-cmind 127c] ExecuteMutation mutation UpsertUserAssignment: succeeded. Connector: default
I0910 17:22:38.036031   91897 execute.go:57] Database ping is quick (likely cached), took 263.5µs
I0910 17:22:38.036962   91897 engine.go:216] [projects/emulator/locations/emulator/services/uiuc-cmind 127c] ExecuteMutation mutation UpsertUserAssignment: succeeded. Connector: default
I0910 17:22:38.037757   91897 execute.go:57] Database ping is quick (likely cached), took 318.334µs
I0910 17:22:38.038359   91897 engine.go:216] [projects/emulator/locations/emulator/services/uiuc-cmind 127c] ExecuteMutation mutation UpsertUserAssignment: succeeded. Connector: default
I0910 17:22:38.039126   91897 execute.go:57] Database ping is quick (likely cached), took 339.291µs
I0910 17:22:38.039960   91897 engine.go:216] [projects/emulator/locations/emulator/services/uiuc-cmind 127c] ExecuteMutation mutation UpsertUserAssignment: succeeded. Connector: default
I0910 17:22:38.041805   91897 execute.go:57] Database ping is quick (likely cached), took 524.208µs
I0910 17:22:38.042462   91897 engine.go:216] [projects/emulator/locations/emulator/services/uiuc-cmind 127c] ExecuteMutation mutation UpsertUserAssignment: succeeded. Connector: default
I0910 17:22:38.043280   91897 execute.go:57] Database ping is quick (likely cached), took 304.917µs
I0910 17:22:38.043857   91897 engine.go:216] [projects/emulator/locations/emulator/services/uiuc-cmind 127c] ExecuteMutation mutation UpsertUserAssignment: succeeded. Connector: default
I0910 17:22:38.044662   91897 execute.go:57] Database ping is quick (likely cached), took 333.375µs
I0910 17:22:38.045236   91897 engine.go:216] [projects/emulator/locations/emulator/services/uiuc-cmind 127c] ExecuteMutation mutation UpsertUserAssignment: succeeded. Connector: default
I0910 17:22:38.046008   91897 execute.go:57] Database ping is quick (likely cached), took 370.833µs
I0910 17:22:38.046713   91897 engine.go:216] [projects/emulator/locations/emulator/services/uiuc-cmind 127c] ExecuteMutation mutation UpsertUserAssignment: succeeded. Connector: default
I0910 17:22:38.047553   91897 execute.go:57] Database ping is quick (likely cached), took 380.542µs
I0910 17:22:38.048520   91897 engine.go:216] [projects/emulator/locations/emulator/services/uiuc-cmind 127c] ExecuteMutation mutation UpsertUserAssignment: succeeded. Connector: default
I0910 17:22:38.049237   91897 execute.go:57] Database ping is quick (likely cached), took 339.791µs
I0910 17:22:38.050197   91897 engine.go:216] [projects/emulator/locations/emulator/services/uiuc-cmind 127c] ExecuteMutation mutation UpsertUserAssignment: succeeded. Connector: default
I0910 17:22:38.050936   91897 execute.go:57] Database ping is quick (likely cached), took 245.916µs
I0910 17:22:38.051558   91897 engine.go:216] [projects/emulator/locations/emulator/services/uiuc-cmind 127c] ExecuteMutation mutation UpsertUserAssignment: succeeded. Connector: default
I0910 17:22:38.052265   91897 execute.go:57] Database ping is quick (likely cached), took 426.834µs
I0910 17:22:38.052860   91897 engine.go:216] [projects/emulator/locations/emulator/services/uiuc-cmind 127c] ExecuteMutation mutation UpsertUserAssignment: succeeded. Connector: default
I0910 17:22:38.053526   91897 execute.go:57] Database ping is quick (likely cached), took 189.584µs
I0910 17:22:38.054080   91897 engine.go:216] [projects/emulator/locations/emulator/services/uiuc-cmind 127c] ExecuteMutation mutation UpsertUserAssignment: succeeded. Connector: default
I0910 17:22:38.054771   91897 execute.go:57] Database ping is quick (likely cached), took 308.458µs
I0910 17:22:38.055331   91897 engine.go:216] [projects/emulator/locations/emulator/services/uiuc-cmind 127c] ExecuteMutation mutation UpsertUserAssignment: succeeded. Connector: default
I0910 17:22:38.056027   91897 execute.go:57] Database ping is quick (likely cached), took 206.416µs
I0910 17:22:38.056514   91897 engine.go:216] [projects/emulator/locations/emulator/services/uiuc-cmind 127c] ExecuteMutation mutation UpsertUserAssignment: succeeded. Connector: default
I0910 17:22:38.057227   91897 execute.go:57] Database ping is quick (likely cached), took 349.375µs
I0910 17:22:38.057974   91897 engine.go:216] [projects/emulator/locations/emulator/services/uiuc-cmind 127c] ExecuteMutation mutation UpsertUserAssignment: succeeded. Connector: default
I0910 17:22:38.058626   91897 execute.go:57] Database ping is quick (likely cached), took 348.167µs
I0910 17:22:38.059227   91897 engine.go:216] [projects/emulator/locations/emulator/services/uiuc-cmind 127c] ExecuteMutation mutation UpsertUserAssignment: succeeded. Connector: default
I0910 17:22:38.059992   91897 execute.go:57] Database ping is quick (likely cached), took 247.916µs
I0910 17:22:38.060632   91897 engine.go:216] [projects/emulator/locations/emulator/services/uiuc-cmind 127c] ExecuteMutation mutation UpsertUserAssignment: succeeded. Connector: default
I0910 17:22:38.061411   91897 execute.go:57] Database ping is quick (likely cached), took 396.417µs
I0910 17:22:38.062187   91897 engine.go:216] [projects/emulator/locations/emulator/services/uiuc-cmind 127c] ExecuteMutation mutation UpsertUserAssignment: succeeded. Connector: default
I0910 17:22:38.062905   91897 execute.go:57] Database ping is quick (likely cached), took 292.208µs
I0910 17:22:38.063465   91897 engine.go:216] [projects/emulator/locations/emulator/services/uiuc-cmind 127c] ExecuteMutation mutation UpsertUserAssignment: succeeded. Connector: default
I0910 17:22:38.064186   91897 execute.go:57] Database ping is quick (likely cached), took 244.917µs
I0910 17:22:38.064700   91897 engine.go:216] [projects/emulator/locations/emulator/services/uiuc-cmind 127c] ExecuteMutation mutation UpsertUserAssignment: succeeded. Connector: default
I0910 17:22:38.065519   91897 execute.go:57] Database ping is quick (likely cached), took 209.709µs
I0910 17:22:38.066287   91897 engine.go:216] [projects/emulator/locations/emulator/services/uiuc-cmind 127c] ExecuteMutation mutation UpsertUserAssignment: succeeded. Connector: default
I0910 17:22:38.066919   91897 execute.go:57] Database ping is quick (likely cached), took 334.666µs
I0910 17:22:38.067621   91897 engine.go:216] [projects/emulator/locations/emulator/services/uiuc-cmind 127c] ExecuteMutation mutation UpsertUserAssignment: succeeded. Connector: default
I0910 17:22:38.068213   91897 execute.go:57] Database ping is quick (likely cached), took 315.5µs
I0910 17:22:38.069014   91897 engine.go:216] [projects/emulator/locations/emulator/services/uiuc-cmind 127c] ExecuteMutation mutation UpsertUserAssignment: succeeded. Connector: default
I0910 17:22:38.069671   91897 execute.go:57] Database ping is quick (likely cached), took 322.208µs
I0910 17:22:38.070287   91897 engine.go:216] [projects/emulator/locations/emulator/services/uiuc-cmind 127c] ExecuteMutation mutation UpsertUserAssignment: succeeded. Connector: default
I0910 17:22:38.070921   91897 execute.go:57] Database ping is quick (likely cached), took 237.459µs
I0910 17:22:38.071573   91897 engine.go:216] [projects/emulator/locations/emulator/services/uiuc-cmind 127c] ExecuteMutation mutation UpsertUserAssignment: succeeded. Connector: default
I0910 17:22:38.072315   91897 execute.go:57] Database ping is quick (likely cached), took 188.917µs
I0910 17:22:38.072831   91897 engine.go:216] [projects/emulator/locations/emulator/services/uiuc-cmind 127c] ExecuteMutation mutation UpsertUserAssignment: succeeded. Connector: default
I0910 17:22:38.073432   91897 execute.go:57] Database ping is quick (likely cached), took 307.75µs
I0910 17:22:38.074346   91897 engine.go:216] [projects/emulator/locations/emulator/services/uiuc-cmind 127c] ExecuteMutation mutation UpsertUserAssignment: succeeded. Connector: default
I0910 17:22:38.075092   91897 execute.go:57] Database ping is quick (likely cached), took 361.666µs
I0910 17:22:38.075682   91897 engine.go:216] [projects/emulator/locations/emulator/services/uiuc-cmind 127c] ExecuteMutation mutation UpsertUserAssignment: succeeded. Connector: default
I0910 17:22:38.076299   91897 execute.go:57] Database ping is quick (likely cached), took 311.167µs
I0910 17:22:38.077443   91897 engine.go:216] [projects/emulator/locations/emulator/services/uiuc-cmind 127c] ExecuteMutation mutation UpsertUserAssignment: succeeded. Connector: default
I0910 17:22:38.078505   91897 execute.go:57] Database ping is quick (likely cached), took 269.875µs
I0910 17:22:38.079063   91897 engine.go:216] [projects/emulator/locations/emulator/services/uiuc-cmind 127c] ExecuteMutation mutation UpsertUserAssignment: succeeded. Connector: default
I0910 17:22:38.079769   91897 execute.go:57] Database ping is quick (likely cached), took 285.708µs
I0910 17:22:38.080302   91897 engine.go:216] [projects/emulator/locations/emulator/services/uiuc-cmind 127c] ExecuteMutation mutation UpsertUserAssignment: succeeded. Connector: default
I0910 17:22:38.081036   91897 execute.go:57] Database ping is quick (likely cached), took 317µs
I0910 17:22:38.081603   91897 engine.go:216] [projects/emulator/locations/emulator/services/uiuc-cmind 127c] ExecuteMutation mutation UpsertUserAssignment: succeeded. Connector: default
I0910 17:22:38.082514   91897 execute.go:57] Database ping is quick (likely cached), took 580.833µs
I0910 17:22:38.083077   91897 engine.go:216] [projects/emulator/locations/emulator/services/uiuc-cmind 127c] ExecuteMutation mutation UpsertUserAssignment: succeeded. Connector: default
I0910 17:22:38.083773   91897 execute.go:57] Database ping is quick (likely cached), took 260.292µs
I0910 17:22:38.084343   91897 engine.go:216] [projects/emulator/locations/emulator/services/uiuc-cmind 127c] ExecuteMutation mutation UpsertUserAssignment: succeeded. Connector: default
I0910 17:22:38.085009   91897 execute.go:57] Database ping is quick (likely cached), took 307.75µs
I0910 17:22:38.085520   91897 engine.go:216] [projects/emulator/locations/emulator/services/uiuc-cmind 127c] ExecuteMutation mutation UpsertUserAssignment: succeeded. Connector: default
I0910 17:22:38.086220   91897 execute.go:57] Database ping is quick (likely cached), took 198.042µs
I0910 17:22:38.086682   91897 engine.go:216] [projects/emulator/locations/emulator/services/uiuc-cmind 127c] ExecuteMutation mutation UpsertUserAssignment: succeeded. Connector: default
I0910 17:22:38.087303   91897 execute.go:57] Database ping is quick (likely cached), took 177.625µs
I0910 17:22:38.087832   91897 engine.go:216] [projects/emulator/locations/emulator/services/uiuc-cmind 127c] ExecuteMutation mutation UpsertUserAssignment: succeeded. Connector: default
I0910 17:22:38.088502   91897 execute.go:57] Database ping is quick (likely cached), took 377.333µs
I0910 17:22:38.089037   91897 engine.go:216] [projects/emulator/locations/emulator/services/uiuc-cmind 127c] ExecuteMutation mutation UpsertUserAssignment: succeeded. Connector: default
I0910 17:22:38.089683   91897 execute.go:57] Database ping is quick (likely cached), took 126.625µs
I0910 17:22:38.090424   91897 engine.go:216] [projects/emulator/locations/emulator/services/uiuc-cmind 127c] ExecuteMutation mutation UpsertUserAssignment: succeeded. Connector: default
I0910 17:22:38.091080   91897 execute.go:57] Database ping is quick (likely cached), took 270.917µs
I0910 17:22:38.091667   91897 engine.go:216] [projects/emulator/locations/emulator/services/uiuc-cmind 127c] ExecuteMutation mutation UpsertUserAssignment: succeeded. Connector: default
I0910 17:22:38.092371   91897 execute.go:57] Database ping is quick (likely cached), took 138.25µs
I0910 17:22:38.093394   91897 engine.go:216] [projects/emulator/locations/emulator/services/uiuc-cmind 127c] ExecuteMutation mutation UpsertUserAssignment: succeeded. Connector: default
I0910 17:22:38.094213   91897 execute.go:57] Database ping is quick (likely cached), took 115.375µs
I0910 17:22:38.094784   91897 engine.go:216] [projects/emulator/locations/emulator/services/uiuc-cmind 127c] ExecuteMutation mutation UpsertUserAssignment: succeeded. Connector: default
I0910 17:22:38.095520   91897 execute.go:57] Database ping is quick (likely cached), took 412.583µs
I0910 17:22:38.096129   91897 engine.go:216] [projects/emulator/locations/emulator/services/uiuc-cmind 127c] ExecuteMutation mutation UpsertUserAssignment: succeeded. Connector: default
I0910 17:22:38.096796   91897 execute.go:57] Database ping is quick (likely cached), took 250.625µs
I0910 17:22:38.097336   91897 engine.go:216] [projects/emulator/locations/emulator/services/uiuc-cmind 127c] ExecuteMutation mutation UpsertUserAssignment: succeeded. Connector: default
I0910 17:22:38.098003   91897 execute.go:57] Database ping is quick (likely cached), took 339.958µs
I0910 17:22:38.098554   91897 engine.go:216] [projects/emulator/locations/emulator/services/uiuc-cmind 127c] ExecuteMutation mutation UpsertUserAssignment: succeeded. Connector: default
I0910 17:22:38.099475   91897 execute.go:57] Database ping is quick (likely cached), took 231.708µs
I0910 17:22:38.099961   91897 engine.go:216] [projects/emulator/locations/emulator/services/uiuc-cmind 127c] ExecuteMutation mutation UpsertUserAssignment: succeeded. Connector: default
I0910 17:22:38.100729   91897 execute.go:57] Database ping is quick (likely cached), took 334.584µs
I0910 17:22:38.101300   91897 engine.go:216] [projects/emulator/locations/emulator/services/uiuc-cmind 127c] ExecuteMutation mutation UpsertUserAssignment: succeeded. Connector: default
I0910 17:22:38.101915   91897 execute.go:57] Database ping is quick (likely cached), took 258.208µs
I0910 17:22:38.102532   91897 engine.go:216] [projects/emulator/locations/emulator/services/uiuc-cmind 127c] ExecuteMutation mutation UpsertUserAssignment: succeeded. Connector: default
I0910 17:22:38.103139   91897 execute.go:57] Database ping is quick (likely cached), took 254.917µs
I0910 17:22:38.103954   91897 engine.go:216] [projects/emulator/locations/emulator/services/uiuc-cmind 127c] ExecuteMutation mutation UpsertUserAssignment: succeeded. Connector: default
I0910 17:22:38.104804   91897 execute.go:57] Database ping is quick (likely cached), took 311.291µs
I0910 17:22:38.105509   91897 engine.go:216] [projects/emulator/locations/emulator/services/uiuc-cmind 127c] ExecuteMutation mutation UpsertUserAssignment: succeeded. Connector: default
I0910 17:22:38.106349   91897 execute.go:57] Database ping is quick (likely cached), took 399.208µs
I0910 17:22:38.107174   91897 engine.go:216] [projects/emulator/locations/emulator/services/uiuc-cmind 127c] ExecuteMutation mutation UpsertUserAssignment: succeeded. Connector: default
I0910 17:22:38.108165   91897 execute.go:57] Database ping is quick (likely cached), took 139.583µs
I0910 17:22:38.109484   91897 engine.go:216] [projects/emulator/locations/emulator/services/uiuc-cmind 127c] ExecuteMutation mutation UpsertUserAssignment: succeeded. Connector: default
I0910 17:22:38.109970   91897 execute.go:57] Database ping is quick (likely cached), took 217.958µs
I0910 17:22:38.110848   91897 engine.go:216] [projects/emulator/locations/emulator/services/uiuc-cmind 127c] ExecuteMutation mutation UpsertUserAssignment: succeeded. Connector: default
I0910 17:22:38.111513   91897 execute.go:57] Database ping is quick (likely cached), took 344.833µs
I0910 17:22:38.112175   91897 engine.go:216] [projects/emulator/locations/emulator/services/uiuc-cmind 127c] ExecuteMutation mutation UpsertUserAssignment: succeeded. Connector: default
I0910 17:22:38.112965   91897 execute.go:57] Database ping is quick (likely cached), took 334.667µs
I0910 17:22:38.113536   91897 engine.go:216] [projects/emulator/locations/emulator/services/uiuc-cmind 127c] ExecuteMutation mutation UpsertUserAssignment: succeeded. Connector: default
I0910 17:22:38.114129   91897 execute.go:57] Database ping is quick (likely cached), took 289.875µs
I0910 17:22:38.114892   91897 engine.go:216] [projects/emulator/locations/emulator/services/uiuc-cmind 127c] ExecuteMutation mutation UpsertUserAssignment: succeeded. Connector: default
I0910 17:22:38.115650   91897 execute.go:57] Database ping is quick (likely cached), took 377.416µs
I0910 17:22:38.116208   91897 engine.go:216] [projects/emulator/locations/emulator/services/uiuc-cmind 127c] ExecuteMutation mutation UpsertUserAssignment: succeeded. Connector: default
I0910 17:22:38.117096   91897 execute.go:57] Database ping is quick (likely cached), took 391.917µs
I0910 17:22:38.117719   91897 engine.go:216] [projects/emulator/locations/emulator/services/uiuc-cmind 127c] ExecuteMutation mutation UpsertUserAssignment: succeeded. Connector: default
I0910 17:22:38.118313   91897 execute.go:57] Database ping is quick (likely cached), took 332.459µs
I0910 17:22:38.119470   91897 engine.go:216] [projects/emulator/locations/emulator/services/uiuc-cmind 127c] ExecuteMutation mutation UpsertUserAssignment: succeeded. Connector: default
I0910 17:22:38.120416   91897 execute.go:57] Database ping is quick (likely cached), took 433.042µs
I0910 17:22:38.121225   91897 engine.go:216] [projects/emulator/locations/emulator/services/uiuc-cmind 127c] ExecuteMutation mutation UpsertUserAssignment: succeeded. Connector: default
I0910 17:22:38.121980   91897 execute.go:57] Database ping is quick (likely cached), took 137.292µs
I0910 17:22:38.122905   91897 engine.go:216] [projects/emulator/locations/emulator/services/uiuc-cmind 127c] ExecuteMutation mutation UpsertUserAssignment: succeeded. Connector: default
I0910 17:22:38.123630   91897 execute.go:57] Database ping is quick (likely cached), took 342.292µs
I0910 17:22:38.124315   91897 engine.go:216] [projects/emulator/locations/emulator/services/uiuc-cmind 127c] ExecuteMutation mutation UpsertUserAssignment: succeeded. Connector: default
I0910 17:22:38.125069   91897 execute.go:57] Database ping is quick (likely cached), took 468.083µs
I0910 17:22:38.125663   91897 engine.go:216] [projects/emulator/locations/emulator/services/uiuc-cmind 127c] ExecuteMutation mutation UpsertUserAssignment: succeeded. Connector: default
I0910 17:22:38.126245   91897 execute.go:57] Database ping is quick (likely cached), took 344.875µs
I0910 17:22:38.127194   91897 engine.go:216] [projects/emulator/locations/emulator/services/uiuc-cmind 127c] ExecuteMutation mutation UpsertUserAssignment: succeeded. Connector: default
I0910 17:22:38.128259   91897 execute.go:57] Database ping is quick (likely cached), took 127.792µs
I0910 17:22:38.128901   91897 engine.go:216] [projects/emulator/locations/emulator/services/uiuc-cmind 127c] ExecuteMutation mutation UpsertUserAssignment: succeeded. Connector: default
I0910 17:22:38.129749   91897 execute.go:57] Database ping is quick (likely cached), took 233.875µs
I0910 17:22:38.130373   91897 engine.go:216] [projects/emulator/locations/emulator/services/uiuc-cmind 127c] ExecuteMutation mutation UpsertUserAssignment: succeeded. Connector: default
I0910 17:22:38.131046   91897 execute.go:57] Database ping is quick (likely cached), took 176.5µs
I0910 17:22:38.131635   91897 engine.go:216] [projects/emulator/locations/emulator/services/uiuc-cmind 127c] ExecuteMutation mutation UpsertUserAssignment: succeeded. Connector: default
I0910 17:22:38.132383   91897 execute.go:57] Database ping is quick (likely cached), took 163.292µs
I0910 17:22:38.132929   91897 engine.go:216] [projects/emulator/locations/emulator/services/uiuc-cmind 127c] ExecuteMutation mutation UpsertUserAssignment: succeeded. Connector: default
I0910 17:22:38.133660   91897 execute.go:57] Database ping is quick (likely cached), took 340.041µs
I0910 17:22:38.134151   91897 engine.go:216] [projects/emulator/locations/emulator/services/uiuc-cmind 127c] ExecuteMutation mutation UpsertUserAssignment: succeeded. Connector: default
I0910 17:22:38.134891   91897 execute.go:57] Database ping is quick (likely cached), took 329.416µs
I0910 17:22:38.135450   91897 engine.go:216] [projects/emulator/locations/emulator/services/uiuc-cmind 127c] ExecuteMutation mutation UpsertUserAssignment: succeeded. Connector: default
I0910 17:22:38.136179   91897 execute.go:57] Database ping is quick (likely cached), took 329.666µs
I0910 17:22:38.136749   91897 engine.go:216] [projects/emulator/locations/emulator/services/uiuc-cmind 127c] ExecuteMutation mutation UpsertUserAssignment: succeeded. Connector: default
I0910 17:22:38.137541   91897 execute.go:57] Database ping is quick (likely cached), took 147.417µs
I0910 17:22:38.138071   91897 engine.go:216] [projects/emulator/locations/emulator/services/uiuc-cmind 127c] ExecuteMutation mutation UpsertUserAssignment: succeeded. Connector: default
I0910 17:22:38.138910   91897 execute.go:57] Database ping is quick (likely cached), took 285.625µs
I0910 17:22:38.139429   91897 engine.go:216] [projects/emulator/locations/emulator/services/uiuc-cmind 127c] ExecuteMutation mutation UpsertUserAssignment: succeeded. Connector: default
I0910 17:22:38.140135   91897 execute.go:57] Database ping is quick (likely cached), took 328.042µs
I0910 17:22:38.140801   91897 engine.go:216] [projects/emulator/locations/emulator/services/uiuc-cmind 127c] ExecuteMutation mutation UpsertUserAssignment: succeeded. Connector: default
I0910 17:22:38.141666   91897 execute.go:57] Database ping is quick (likely cached), took 121.5µs
I0910 17:22:38.142176   91897 engine.go:216] [projects/emulator/locations/emulator/services/uiuc-cmind 127c] ExecuteMutation mutation UpsertUserAssignment: succeeded. Connector: default
I0910 17:22:38.142777   91897 execute.go:57] Database ping is quick (likely cached), took 253.667µs
I0910 17:22:38.143359   91897 engine.go:216] [projects/emulator/locations/emulator/services/uiuc-cmind 127c] ExecuteMutation mutation UpsertUserAssignment: succeeded. Connector: default
I0910 17:22:38.144045   91897 execute.go:57] Database ping is quick (likely cached), took 306.542µs
I0910 17:22:38.144898   91897 engine.go:216] [projects/emulator/locations/emulator/services/uiuc-cmind 127c] ExecuteMutation mutation UpsertUserAssignment: succeeded. Connector: default
I0910 17:22:38.145767   91897 execute.go:57] Database ping is quick (likely cached), took 161.666µs
I0910 17:22:38.146632   91897 engine.go:216] [projects/emulator/locations/emulator/services/uiuc-cmind 127c] ExecuteMutation mutation UpsertUserAssignment: succeeded. Connector: default
I0910 17:22:38.147473   91897 execute.go:57] Database ping is quick (likely cached), took 392.084µs
I0910 17:22:38.148057   91897 engine.go:216] [projects/emulator/locations/emulator/services/uiuc-cmind 127c] ExecuteMutation mutation UpsertUserAssignment: succeeded. Connector: default
I0910 17:22:38.148905   91897 execute.go:57] Database ping is quick (likely cached), took 600.917µs
I0910 17:22:38.149548   91897 engine.go:216] [projects/emulator/locations/emulator/services/uiuc-cmind 127c] ExecuteMutation mutation UpsertUserAssignment: succeeded. Connector: default
I0910 17:22:38.150234   91897 execute.go:57] Database ping is quick (likely cached), took 209.625µs
I0910 17:22:38.150775   91897 engine.go:216] [projects/emulator/locations/emulator/services/uiuc-cmind 127c] ExecuteMutation mutation UpsertUserAssignment: succeeded. Connector: default
I0910 17:22:38.151466   91897 execute.go:57] Database ping is quick (likely cached), took 401.833µs
I0910 17:22:38.151958   91897 engine.go:216] [projects/emulator/locations/emulator/services/uiuc-cmind 127c] ExecuteMutation mutation UpsertUserAssignment: succeeded. Connector: default
I0910 17:22:38.152530   91897 execute.go:57] Database ping is quick (likely cached), took 172.042µs
I0910 17:22:38.153018   91897 engine.go:216] [projects/emulator/locations/emulator/services/uiuc-cmind 127c] ExecuteMutation mutation UpsertUserAssignment: succeeded. Connector: default
I0910 17:22:38.153534   91897 execute.go:57] Database ping is quick (likely cached), took 283.792µs
I0910 17:22:38.154173   91897 engine.go:216] [projects/emulator/locations/emulator/services/uiuc-cmind 127c] ExecuteMutation mutation UpsertUserAssignment: succeeded. Connector: default
I0910 17:22:38.154878   91897 execute.go:57] Database ping is quick (likely cached), took 281.708µs
I0910 17:22:38.155383   91897 engine.go:216] [projects/emulator/locations/emulator/services/uiuc-cmind 127c] ExecuteMutation mutation UpsertUserAssignment: succeeded. Connector: default
I0910 17:22:38.155970   91897 execute.go:57] Database ping is quick (likely cached), took 176.167µs
I0910 17:22:38.156463   91897 engine.go:216] [projects/emulator/locations/emulator/services/uiuc-cmind 127c] ExecuteMutation mutation UpsertUserAssignment: succeeded. Connector: default
I0910 17:22:38.157120   91897 execute.go:57] Database ping is quick (likely cached), took 186.166µs
I0910 17:22:38.157586   91897 engine.go:216] [projects/emulator/locations/emulator/services/uiuc-cmind 127c] ExecuteMutation mutation UpsertUserAssignment: succeeded. Connector: default
I0910 17:25:06.967773   91897 execute.go:57] Database ping is quick (likely cached), took 3.005292ms
I0910 17:25:06.972396   91897 engine.go:216] [projects/emulator/locations/emulator/services/uiuc-cmind 127c] ExecuteQuery query GetUser: succeeded. Connector: default
I0910 17:25:06.973422   91897 execute.go:57] Database ping is quick (likely cached), took 421.666µs
I0910 17:25:06.974311   91897 engine.go:216] [projects/emulator/locations/emulator/services/uiuc-cmind 127c] ExecuteQuery query GetUser: succeeded. Connector: default
I0910 17:25:06.977017   91897 execute.go:57] Database ping is quick (likely cached), took 239.25µs
I0910 17:25:06.984849   91897 engine.go:216] [projects/emulator/locations/emulator/services/uiuc-cmind 127c] ExecuteQuery query MyAssignments: succeeded. Connector: default
I0910 17:25:06.985407   91897 execute.go:57] Database ping is quick (likely cached), took 206.167µs
I0910 17:25:06.990089   91897 engine.go:216] [projects/emulator/locations/emulator/services/uiuc-cmind 127c] ExecuteQuery query MyAssignments: succeeded. Connector: default
I0910 17:25:39.072790   91897 execute.go:57] Database ping is quick (likely cached), took 652.541µs
I0910 17:25:39.074158   91897 engine.go:216] [projects/emulator/locations/emulator/services/uiuc-cmind 127c] ExecuteQuery query GetUser: succeeded. Connector: default
I0910 17:25:39.074989   91897 execute.go:57] Database ping is quick (likely cached), took 289.042µs
I0910 17:25:39.075937   91897 engine.go:216] [projects/emulator/locations/emulator/services/uiuc-cmind 127c] ExecuteQuery query GetUser: succeeded. Connector: default
I0910 17:25:39.080314   91897 execute.go:57] Database ping is quick (likely cached), took 883.875µs
I0910 17:25:39.084126   91897 engine.go:216] [projects/emulator/locations/emulator/services/uiuc-cmind 127c] ExecuteQuery query MyAssignments: succeeded. Connector: default
I0910 17:25:39.084666   91897 execute.go:57] Database ping is quick (likely cached), took 196.875µs
I0910 17:25:39.088659   91897 engine.go:216] [projects/emulator/locations/emulator/services/uiuc-cmind 127c] ExecuteQuery query MyAssignments: succeeded. Connector: default
I0910 17:25:41.794957   91897 execute.go:57] Database ping is quick (likely cached), took 493.792µs
I0910 17:25:41.797346   91897 engine.go:216] [projects/emulator/locations/emulator/services/uiuc-cmind 127c] ExecuteQuery query GetUser: succeeded. Connector: default
I0910 17:25:41.799329   91897 execute.go:57] Database ping is quick (likely cached), took 1.1925ms
I0910 17:25:41.805422   91897 engine.go:216] [projects/emulator/locations/emulator/services/uiuc-cmind 127c] ExecuteQuery query GetUser: succeeded. Connector: default
I0910 17:25:41.806181   91897 execute.go:57] Database ping is quick (likely cached), took 374.541µs
I0910 17:25:41.810521   91897 engine.go:216] [projects/emulator/locations/emulator/services/uiuc-cmind 127c] ExecuteQuery query MyAssignments: succeeded. Connector: default
I0910 17:25:41.811003   91897 execute.go:57] Database ping is quick (likely cached), took 172.459µs
I0910 17:25:41.815629   91897 engine.go:216] [projects/emulator/locations/emulator/services/uiuc-cmind 127c] ExecuteQuery query MyAssignments: succeeded. Connector: default
I0910 17:29:27.289053   91897 load.go:31] Reloading schema and connectors...
I0910 17:29:27.346162   91897 migrate.go:24] Running migration SQL:
Step 1: ALTER TABLE "public"."assignment" ADD COLUMN "source" text NULL, ADD COLUMN "url" text NULL
I0910 17:29:27.385230   91897 control.go:100] [projects/emulator/locations/emulator/services/uiuc-cmind 505b] UpdateResources(): done
Main schema: sources: schema/schema.gql [578B] 
Connector "default": sources: connector/queries.gql [520B] connector/mutations.gql [1157B] 
I0910 17:29:27.396893   91897 codegen.go:101] [connector "default" javascriptSdk] Generating sources into "/Users/stevew/Documents/uiuc_collective_mind/web/src/lib/dataconnect"
I0910 17:29:27.403208   91897 collector.go:107] schema extensions wrote into "/Users/stevew/Documents/uiuc_collective_mind/web/dataconnect/.dataconnect/schema"
Generated sources: main/mutation.gql [16725B] main/implicit.gql [1359B] main/input.gql [32954B] main/relation.gql [17210B] main/query.gql [6099B] prelude.gql [84995B] 
I0910 17:29:27.404571   91897 collector.go:107] connector "default" javascriptSdk wrote into "/Users/stevew/Documents/uiuc_collective_mind/web/src/lib/dataconnect"
Generated sources: README.md [37621B] .guides/usage.md [1608B] .guides/setup.md [585B] .guides/config.json [236B] index.d.ts [7544B] esm/package.json [17B] index.cjs.js [5034B] package.json [616B] esm/index.esm.js [4549B] 
I0910 17:29:27.404578   91897 installsdk.go:138] generate.javascriptSdk.packageJsonDir is not specified, skipping automatic installation of package
I0910 17:29:27.404586   91897 load.go:109] Finished reloading
I0910 17:36:42.364438   91897 execute.go:57] Database ping is quick (likely cached), took 5.278292ms
I0910 17:36:42.375747   91897 engine.go:216] [projects/emulator/locations/emulator/services/uiuc-cmind 505b] ExecuteQuery query GetUser: succeeded. Connector: default
I0910 17:36:42.378052   91897 execute.go:57] Database ping is quick (likely cached), took 111µs
I0910 17:36:42.378540   91897 engine.go:216] [projects/emulator/locations/emulator/services/uiuc-cmind 505b] ExecuteQuery query GetUser: succeeded. Connector: default
I0910 17:36:42.382467   91897 execute.go:57] Database ping is quick (likely cached), took 202.167µs
I0910 17:36:42.386907   91897 engine.go:216] [projects/emulator/locations/emulator/services/uiuc-cmind 505b] ExecuteQuery query MyAssignments: succeeded. Connector: default
I0910 17:36:42.387444   91897 execute.go:57] Database ping is quick (likely cached), took 254.625µs
I0910 17:36:42.391018   91897 engine.go:216] [projects/emulator/locations/emulator/services/uiuc-cmind 505b] ExecuteQuery query MyAssignments: succeeded. Connector: default
I0910 17:37:22.740542   91897 execute.go:57] Database ping is quick (likely cached), took 4.989792ms
I0910 17:37:22.747564   91897 engine.go:216] [projects/emulator/locations/emulator/services/uiuc-cmind 505b] ExecuteQuery query GetUser: succeeded. Connector: default
I0910 17:37:22.748915   91897 execute.go:57] Database ping is quick (likely cached), took 413.459µs
I0910 17:37:22.750376   91897 engine.go:216] [projects/emulator/locations/emulator/services/uiuc-cmind 505b] ExecuteQuery query GetUser: succeeded. Connector: default
I0910 17:37:22.751967   91897 execute.go:57] Database ping is quick (likely cached), took 230.541µs
I0910 17:37:22.758686   91897 engine.go:216] [projects/emulator/locations/emulator/services/uiuc-cmind 505b] ExecuteQuery query MyAssignments: succeeded. Connector: default
I0910 17:37:22.759798   91897 execute.go:57] Database ping is quick (likely cached), took 270.875µs
I0910 17:37:22.762547   91897 engine.go:216] [projects/emulator/locations/emulator/services/uiuc-cmind 505b] ExecuteQuery query MyAssignments: succeeded. Connector: default
I0910 17:37:42.318211   91897 execute.go:57] Database ping is quick (likely cached), took 1.682292ms
I0910 17:37:42.321774   91897 engine.go:216] [projects/emulator/locations/emulator/services/uiuc-cmind 505b] ExecuteMutation mutation UpsertCourse: succeeded. Connector: default
I0910 17:37:42.322657   91897 execute.go:57] Database ping is quick (likely cached), took 511.625µs
I0910 17:37:42.324896   91897 engine.go:216] [projects/emulator/locations/emulator/services/uiuc-cmind 505b] ExecuteMutation mutation UpsertCourse: succeeded. Connector: default
I0910 17:37:42.326007   91897 execute.go:57] Database ping is quick (likely cached), took 1.031833ms
I0910 17:37:42.328298   91897 engine.go:216] [projects/emulator/locations/emulator/services/uiuc-cmind 505b] ExecuteMutation mutation UpsertCourse: succeeded. Connector: default
I0910 17:37:42.328750   91897 execute.go:57] Database ping is quick (likely cached), took 383.375µs
I0910 17:37:42.330253   91897 engine.go:216] [projects/emulator/locations/emulator/services/uiuc-cmind 505b] ExecuteMutation mutation UpsertCourse: succeeded. Connector: default
I0910 17:37:42.330653   91897 execute.go:57] Database ping is quick (likely cached), took 326.125µs
I0910 17:37:42.331859   91897 engine.go:216] [projects/emulator/locations/emulator/services/uiuc-cmind 505b] ExecuteMutation mutation UpsertCourse: succeeded. Connector: default
I0910 17:37:42.343044   91897 execute.go:57] Database ping is quick (likely cached), took 516.334µs
I0910 17:37:42.345328   91897 engine.go:216] [projects/emulator/locations/emulator/services/uiuc-cmind 505b] ExecuteMutation mutation AddEnrollment: succeeded. Connector: default
I0910 17:37:42.345967   91897 execute.go:57] Database ping is quick (likely cached), took 191.541µs
I0910 17:37:42.347470   91897 engine.go:216] [projects/emulator/locations/emulator/services/uiuc-cmind 505b] ExecuteMutation mutation AddEnrollment: succeeded. Connector: default
I0910 17:37:42.348030   91897 execute.go:57] Database ping is quick (likely cached), took 221.625µs
I0910 17:37:42.348774   91897 engine.go:216] [projects/emulator/locations/emulator/services/uiuc-cmind 505b] ExecuteMutation mutation AddEnrollment: succeeded. Connector: default
I0910 17:37:42.350168   91897 execute.go:57] Database ping is quick (likely cached), took 605.375µs
I0910 17:37:42.351645   91897 engine.go:216] [projects/emulator/locations/emulator/services/uiuc-cmind 505b] ExecuteMutation mutation AddEnrollment: succeeded. Connector: default
I0910 17:37:42.352352   91897 execute.go:57] Database ping is quick (likely cached), took 149.667µs
I0910 17:37:42.353333   91897 engine.go:216] [projects/emulator/locations/emulator/services/uiuc-cmind 505b] ExecuteMutation mutation AddEnrollment: succeeded. Connector: default
I0910 17:37:42.357009   91897 execute.go:57] Database ping is quick (likely cached), took 676.167µs
I0910 17:37:42.361546   91897 engine.go:216] [projects/emulator/locations/emulator/services/uiuc-cmind 505b] ExecuteMutation mutation UpsertAssignment: succeeded. Connector: default
I0910 17:37:42.362686   91897 execute.go:57] Database ping is quick (likely cached), took 957.542µs
I0910 17:37:42.364928   91897 engine.go:216] [projects/emulator/locations/emulator/services/uiuc-cmind 505b] ExecuteMutation mutation UpsertAssignment: succeeded. Connector: default
I0910 17:37:42.365241   91897 execute.go:57] Database ping is quick (likely cached), took 225.917µs
I0910 17:37:42.366857   91897 engine.go:216] [projects/emulator/locations/emulator/services/uiuc-cmind 505b] ExecuteMutation mutation UpsertAssignment: succeeded. Connector: default
I0910 17:37:42.367050   91897 execute.go:57] Database ping is quick (likely cached), took 145.916µs
I0910 17:37:42.368354   91897 engine.go:216] [projects/emulator/locations/emulator/services/uiuc-cmind 505b] ExecuteMutation mutation UpsertAssignment: succeeded. Connector: default
I0910 17:37:42.369361   91897 execute.go:57] Database ping is quick (likely cached), took 789.917µs
I0910 17:37:42.370837   91897 engine.go:216] [projects/emulator/locations/emulator/services/uiuc-cmind 505b] ExecuteMutation mutation UpsertAssignment: succeeded. Connector: default
I0910 17:37:42.371103   91897 execute.go:57] Database ping is quick (likely cached), took 201.209µs
I0910 17:37:42.373050   91897 engine.go:216] [projects/emulator/locations/emulator/services/uiuc-cmind 505b] ExecuteMutation mutation UpsertAssignment: succeeded. Connector: default
I0910 17:37:42.373271   91897 execute.go:57] Database ping is quick (likely cached), took 160.708µs
I0910 17:37:42.374248   91897 engine.go:216] [projects/emulator/locations/emulator/services/uiuc-cmind 505b] ExecuteMutation mutation UpsertAssignment: succeeded. Connector: default
I0910 17:37:42.374389   91897 execute.go:57] Database ping is quick (likely cached), took 105.75µs
I0910 17:37:42.375344   91897 engine.go:216] [projects/emulator/locations/emulator/services/uiuc-cmind 505b] ExecuteMutation mutation UpsertAssignment: succeeded. Connector: default
I0910 17:37:42.375642   91897 execute.go:57] Database ping is quick (likely cached), took 227.917µs
I0910 17:37:42.377608   91897 engine.go:216] [projects/emulator/locations/emulator/services/uiuc-cmind 505b] ExecuteMutation mutation UpsertAssignment: succeeded. Connector: default
I0910 17:37:42.377786   91897 execute.go:57] Database ping is quick (likely cached), took 135.416µs
I0910 17:37:42.378571   91897 engine.go:216] [projects/emulator/locations/emulator/services/uiuc-cmind 505b] ExecuteMutation mutation UpsertAssignment: succeeded. Connector: default
I0910 17:37:42.379120   91897 execute.go:57] Database ping is quick (likely cached), took 517.292µs
I0910 17:37:42.379749   91897 engine.go:216] [projects/emulator/locations/emulator/services/uiuc-cmind 505b] ExecuteMutation mutation UpsertAssignment: succeeded. Connector: default
I0910 17:37:42.379872   91897 execute.go:57] Database ping is quick (likely cached), took 93.667µs
I0910 17:37:42.380924   91897 engine.go:216] [projects/emulator/locations/emulator/services/uiuc-cmind 505b] ExecuteMutation mutation UpsertAssignment: succeeded. Connector: default
I0910 17:37:42.381062   91897 execute.go:57] Database ping is quick (likely cached), took 112.542µs
I0910 17:37:42.381837   91897 engine.go:216] [projects/emulator/locations/emulator/services/uiuc-cmind 505b] ExecuteMutation mutation UpsertAssignment: succeeded. Connector: default
I0910 17:37:42.381945   91897 execute.go:57] Database ping is quick (likely cached), took 78.875µs
I0910 17:37:42.382641   91897 engine.go:216] [projects/emulator/locations/emulator/services/uiuc-cmind 505b] ExecuteMutation mutation UpsertAssignment: succeeded. Connector: default
I0910 17:37:42.382792   91897 execute.go:57] Database ping is quick (likely cached), took 123.334µs
I0910 17:37:42.384934   91897 engine.go:216] [projects/emulator/locations/emulator/services/uiuc-cmind 505b] ExecuteMutation mutation UpsertAssignment: succeeded. Connector: default
I0910 17:37:42.385290   91897 execute.go:57] Database ping is quick (likely cached), took 233.041µs
I0910 17:37:42.386736   91897 engine.go:216] [projects/emulator/locations/emulator/services/uiuc-cmind 505b] ExecuteMutation mutation UpsertAssignment: succeeded. Connector: default
I0910 17:37:42.386924   91897 execute.go:57] Database ping is quick (likely cached), took 152.459µs
I0910 17:37:42.388069   91897 engine.go:216] [projects/emulator/locations/emulator/services/uiuc-cmind 505b] ExecuteMutation mutation UpsertAssignment: succeeded. Connector: default
I0910 17:37:42.388198   91897 execute.go:57] Database ping is quick (likely cached), took 91.583µs
I0910 17:37:42.389015   91897 engine.go:216] [projects/emulator/locations/emulator/services/uiuc-cmind 505b] ExecuteMutation mutation UpsertAssignment: succeeded. Connector: default
I0910 17:37:42.389170   91897 execute.go:57] Database ping is quick (likely cached), took 86.417µs
I0910 17:37:42.390111   91897 engine.go:216] [projects/emulator/locations/emulator/services/uiuc-cmind 505b] ExecuteMutation mutation UpsertAssignment: succeeded. Connector: default
I0910 17:37:42.390264   91897 execute.go:57] Database ping is quick (likely cached), took 129.584µs
I0910 17:37:42.390888   91897 engine.go:216] [projects/emulator/locations/emulator/services/uiuc-cmind 505b] ExecuteMutation mutation UpsertAssignment: succeeded. Connector: default
I0910 17:37:42.391018   91897 execute.go:57] Database ping is quick (likely cached), took 100.458µs
I0910 17:37:42.391600   91897 engine.go:216] [projects/emulator/locations/emulator/services/uiuc-cmind 505b] ExecuteMutation mutation UpsertAssignment: succeeded. Connector: default
I0910 17:37:42.391713   91897 execute.go:57] Database ping is quick (likely cached), took 93.791µs
I0910 17:37:42.393491   91897 engine.go:216] [projects/emulator/locations/emulator/services/uiuc-cmind 505b] ExecuteMutation mutation UpsertAssignment: succeeded. Connector: default
I0910 17:37:42.394051   91897 execute.go:57] Database ping is quick (likely cached), took 406.125µs
I0910 17:37:42.395096   91897 engine.go:216] [projects/emulator/locations/emulator/services/uiuc-cmind 505b] ExecuteMutation mutation UpsertAssignment: succeeded. Connector: default
I0910 17:37:42.395998   91897 execute.go:57] Database ping is quick (likely cached), took 857.416µs
I0910 17:37:42.396594   91897 engine.go:216] [projects/emulator/locations/emulator/services/uiuc-cmind 505b] ExecuteMutation mutation UpsertAssignment: succeeded. Connector: default
I0910 17:37:42.396740   91897 execute.go:57] Database ping is quick (likely cached), took 106.583µs
I0910 17:37:42.397417   91897 engine.go:216] [projects/emulator/locations/emulator/services/uiuc-cmind 505b] ExecuteMutation mutation UpsertAssignment: succeeded. Connector: default
I0910 17:37:42.397534   91897 execute.go:57] Database ping is quick (likely cached), took 86.666µs
I0910 17:37:42.398140   91897 engine.go:216] [projects/emulator/locations/emulator/services/uiuc-cmind 505b] ExecuteMutation mutation UpsertAssignment: succeeded. Connector: default
I0910 17:37:42.398262   91897 execute.go:57] Database ping is quick (likely cached), took 93.833µs
I0910 17:37:42.398976   91897 engine.go:216] [projects/emulator/locations/emulator/services/uiuc-cmind 505b] ExecuteMutation mutation UpsertAssignment: succeeded. Connector: default
I0910 17:37:42.399092   91897 execute.go:57] Database ping is quick (likely cached), took 90.542µs
I0910 17:37:42.399866   91897 engine.go:216] [projects/emulator/locations/emulator/services/uiuc-cmind 505b] ExecuteMutation mutation UpsertAssignment: succeeded. Connector: default
I0910 17:37:42.400011   91897 execute.go:57] Database ping is quick (likely cached), took 115.416µs
I0910 17:37:42.402048   91897 engine.go:216] [projects/emulator/locations/emulator/services/uiuc-cmind 505b] ExecuteMutation mutation UpsertAssignment: succeeded. Connector: default
I0910 17:37:42.402378   91897 execute.go:57] Database ping is quick (likely cached), took 256.834µs
I0910 17:37:42.403297   91897 engine.go:216] [projects/emulator/locations/emulator/services/uiuc-cmind 505b] ExecuteMutation mutation UpsertAssignment: succeeded. Connector: default
I0910 17:37:42.403423   91897 execute.go:57] Database ping is quick (likely cached), took 99.833µs
I0910 17:37:42.404101   91897 engine.go:216] [projects/emulator/locations/emulator/services/uiuc-cmind 505b] ExecuteMutation mutation UpsertAssignment: succeeded. Connector: default
I0910 17:37:42.404222   91897 execute.go:57] Database ping is quick (likely cached), took 97.667µs
I0910 17:37:42.405108   91897 engine.go:216] [projects/emulator/locations/emulator/services/uiuc-cmind 505b] ExecuteMutation mutation UpsertAssignment: succeeded. Connector: default
I0910 17:37:42.405588   91897 execute.go:57] Database ping is quick (likely cached), took 446.75µs
I0910 17:37:42.406753   91897 engine.go:216] [projects/emulator/locations/emulator/services/uiuc-cmind 505b] ExecuteMutation mutation UpsertAssignment: succeeded. Connector: default
I0910 17:37:42.407028   91897 execute.go:57] Database ping is quick (likely cached), took 110.875µs
I0910 17:37:42.408660   91897 engine.go:216] [projects/emulator/locations/emulator/services/uiuc-cmind 505b] ExecuteMutation mutation UpsertAssignment: succeeded. Connector: default
I0910 17:37:42.408865   91897 execute.go:57] Database ping is quick (likely cached), took 101µs
I0910 17:37:42.409810   91897 engine.go:216] [projects/emulator/locations/emulator/services/uiuc-cmind 505b] ExecuteMutation mutation UpsertAssignment: succeeded. Connector: default
I0910 17:37:42.409950   91897 execute.go:57] Database ping is quick (likely cached), took 105.458µs
I0910 17:37:42.410805   91897 engine.go:216] [projects/emulator/locations/emulator/services/uiuc-cmind 505b] ExecuteMutation mutation UpsertAssignment: succeeded. Connector: default
I0910 17:37:42.410922   91897 execute.go:57] Database ping is quick (likely cached), took 85.75µs
I0910 17:37:42.411938   91897 engine.go:216] [projects/emulator/locations/emulator/services/uiuc-cmind 505b] ExecuteMutation mutation UpsertAssignment: succeeded. Connector: default
I0910 17:37:42.412074   91897 execute.go:57] Database ping is quick (likely cached), took 110.75µs
I0910 17:37:42.412966   91897 engine.go:216] [projects/emulator/locations/emulator/services/uiuc-cmind 505b] ExecuteMutation mutation UpsertAssignment: succeeded. Connector: default
I0910 17:37:42.413133   91897 execute.go:57] Database ping is quick (likely cached), took 124.875µs
I0910 17:37:42.413997   91897 engine.go:216] [projects/emulator/locations/emulator/services/uiuc-cmind 505b] ExecuteMutation mutation UpsertAssignment: succeeded. Connector: default
I0910 17:37:42.414130   91897 execute.go:57] Database ping is quick (likely cached), took 106.208µs
I0910 17:37:42.416103   91897 engine.go:216] [projects/emulator/locations/emulator/services/uiuc-cmind 505b] ExecuteMutation mutation UpsertAssignment: succeeded. Connector: default
I0910 17:37:42.416682   91897 execute.go:57] Database ping is quick (likely cached), took 441.541µs
I0910 17:37:42.417703   91897 engine.go:216] [projects/emulator/locations/emulator/services/uiuc-cmind 505b] ExecuteMutation mutation UpsertAssignment: succeeded. Connector: default
I0910 17:37:42.418111   91897 execute.go:57] Database ping is quick (likely cached), took 342.875µs
I0910 17:37:42.419419   91897 engine.go:216] [projects/emulator/locations/emulator/services/uiuc-cmind 505b] ExecuteMutation mutation UpsertAssignment: succeeded. Connector: default
I0910 17:37:42.419551   91897 execute.go:57] Database ping is quick (likely cached), took 93.292µs
I0910 17:37:42.420220   91897 engine.go:216] [projects/emulator/locations/emulator/services/uiuc-cmind 505b] ExecuteMutation mutation UpsertAssignment: succeeded. Connector: default
I0910 17:37:42.420363   91897 execute.go:57] Database ping is quick (likely cached), took 100.959µs
I0910 17:37:42.421098   91897 engine.go:216] [projects/emulator/locations/emulator/services/uiuc-cmind 505b] ExecuteMutation mutation UpsertAssignment: succeeded. Connector: default
I0910 17:37:42.421248   91897 execute.go:57] Database ping is quick (likely cached), took 111.209µs
I0910 17:37:42.422184   91897 engine.go:216] [projects/emulator/locations/emulator/services/uiuc-cmind 505b] ExecuteMutation mutation UpsertAssignment: succeeded. Connector: default
I0910 17:37:42.422892   91897 execute.go:57] Database ping is quick (likely cached), took 619.542µs
I0910 17:37:42.424735   91897 engine.go:216] [projects/emulator/locations/emulator/services/uiuc-cmind 505b] ExecuteMutation mutation UpsertAssignment: succeeded. Connector: default
I0910 17:37:42.424937   91897 execute.go:57] Database ping is quick (likely cached), took 112.625µs
I0910 17:37:42.426840   91897 engine.go:216] [projects/emulator/locations/emulator/services/uiuc-cmind 505b] ExecuteMutation mutation UpsertAssignment: succeeded. Connector: default
I0910 17:37:42.427026   91897 execute.go:57] Database ping is quick (likely cached), took 144.959µs
I0910 17:37:42.427985   91897 engine.go:216] [projects/emulator/locations/emulator/services/uiuc-cmind 505b] ExecuteMutation mutation UpsertAssignment: succeeded. Connector: default
I0910 17:37:42.428116   91897 execute.go:57] Database ping is quick (likely cached), took 94.625µs
I0910 17:37:42.429009   91897 engine.go:216] [projects/emulator/locations/emulator/services/uiuc-cmind 505b] ExecuteMutation mutation UpsertAssignment: succeeded. Connector: default
I0910 17:37:42.429144   91897 execute.go:57] Database ping is quick (likely cached), took 97.917µs
I0910 17:37:42.430108   91897 engine.go:216] [projects/emulator/locations/emulator/services/uiuc-cmind 505b] ExecuteMutation mutation UpsertAssignment: succeeded. Connector: default
I0910 17:37:42.430226   91897 execute.go:57] Database ping is quick (likely cached), took 83.792µs
I0910 17:37:42.431585   91897 engine.go:216] [projects/emulator/locations/emulator/services/uiuc-cmind 505b] ExecuteMutation mutation UpsertAssignment: succeeded. Connector: default
I0910 17:37:42.432020   91897 execute.go:57] Database ping is quick (likely cached), took 359.375µs
I0910 17:37:42.433233   91897 engine.go:216] [projects/emulator/locations/emulator/services/uiuc-cmind 505b] ExecuteMutation mutation UpsertAssignment: succeeded. Connector: default
I0910 17:37:42.433417   91897 execute.go:57] Database ping is quick (likely cached), took 155.125µs
I0910 17:37:42.434264   91897 engine.go:216] [projects/emulator/locations/emulator/services/uiuc-cmind 505b] ExecuteMutation mutation UpsertAssignment: succeeded. Connector: default
I0910 17:37:42.434375   91897 execute.go:57] Database ping is quick (likely cached), took 81.292µs
I0910 17:37:42.435162   91897 engine.go:216] [projects/emulator/locations/emulator/services/uiuc-cmind 505b] ExecuteMutation mutation UpsertAssignment: succeeded. Connector: default
I0910 17:37:42.435414   91897 execute.go:57] Database ping is quick (likely cached), took 216.583µs
I0910 17:37:42.436232   91897 engine.go:216] [projects/emulator/locations/emulator/services/uiuc-cmind 505b] ExecuteMutation mutation UpsertAssignment: succeeded. Connector: default
I0910 17:37:42.436381   91897 execute.go:57] Database ping is quick (likely cached), took 125.875µs
I0910 17:37:42.437254   91897 engine.go:216] [projects/emulator/locations/emulator/services/uiuc-cmind 505b] ExecuteMutation mutation UpsertAssignment: succeeded. Connector: default
I0910 17:37:42.437422   91897 execute.go:57] Database ping is quick (likely cached), took 112.416µs
I0910 17:37:42.438090   91897 engine.go:216] [projects/emulator/locations/emulator/services/uiuc-cmind 505b] ExecuteMutation mutation UpsertAssignment: succeeded. Connector: default
I0910 17:37:42.438221   91897 execute.go:57] Database ping is quick (likely cached), took 100.167µs
I0910 17:37:42.438930   91897 engine.go:216] [projects/emulator/locations/emulator/services/uiuc-cmind 505b] ExecuteMutation mutation UpsertAssignment: succeeded. Connector: default
I0910 17:37:42.439075   91897 execute.go:57] Database ping is quick (likely cached), took 120.708µs
I0910 17:37:42.439996   91897 engine.go:216] [projects/emulator/locations/emulator/services/uiuc-cmind 505b] ExecuteMutation mutation UpsertAssignment: succeeded. Connector: default
I0910 17:37:42.440091   91897 execute.go:57] Database ping is quick (likely cached), took 70.708µs
I0910 17:37:42.440749   91897 engine.go:216] [projects/emulator/locations/emulator/services/uiuc-cmind 505b] ExecuteMutation mutation UpsertAssignment: succeeded. Connector: default
I0910 17:37:42.440862   91897 execute.go:57] Database ping is quick (likely cached), took 87.791µs
I0910 17:37:42.441455   91897 engine.go:216] [projects/emulator/locations/emulator/services/uiuc-cmind 505b] ExecuteMutation mutation UpsertAssignment: succeeded. Connector: default
I0910 17:37:42.441675   91897 execute.go:57] Database ping is quick (likely cached), took 178.542µs
I0910 17:37:42.442290   91897 engine.go:216] [projects/emulator/locations/emulator/services/uiuc-cmind 505b] ExecuteMutation mutation UpsertAssignment: succeeded. Connector: default
I0910 17:37:42.442400   91897 execute.go:57] Database ping is quick (likely cached), took 89.042µs
I0910 17:37:42.443002   91897 engine.go:216] [projects/emulator/locations/emulator/services/uiuc-cmind 505b] ExecuteMutation mutation UpsertAssignment: succeeded. Connector: default
I0910 17:37:42.443307   91897 execute.go:57] Database ping is quick (likely cached), took 285.375µs
I0910 17:37:42.443787   91897 engine.go:216] [projects/emulator/locations/emulator/services/uiuc-cmind 505b] ExecuteMutation mutation UpsertAssignment: succeeded. Connector: default
I0910 17:37:42.443936   91897 execute.go:57] Database ping is quick (likely cached), took 123.083µs
I0910 17:37:42.444452   91897 engine.go:216] [projects/emulator/locations/emulator/services/uiuc-cmind 505b] ExecuteMutation mutation UpsertAssignment: succeeded. Connector: default
I0910 17:37:42.444571   91897 execute.go:57] Database ping is quick (likely cached), took 102.709µs
I0910 17:37:42.445102   91897 engine.go:216] [projects/emulator/locations/emulator/services/uiuc-cmind 505b] ExecuteMutation mutation UpsertAssignment: succeeded. Connector: default
I0910 17:37:42.445198   91897 execute.go:57] Database ping is quick (likely cached), took 72.042µs
I0910 17:37:42.445917   91897 engine.go:216] [projects/emulator/locations/emulator/services/uiuc-cmind 505b] ExecuteMutation mutation UpsertAssignment: succeeded. Connector: default
I0910 17:37:42.446088   91897 execute.go:57] Database ping is quick (likely cached), took 128.333µs
I0910 17:37:42.446778   91897 engine.go:216] [projects/emulator/locations/emulator/services/uiuc-cmind 505b] ExecuteMutation mutation UpsertAssignment: succeeded. Connector: default
I0910 17:37:42.446908   91897 execute.go:57] Database ping is quick (likely cached), took 104.209µs
I0910 17:37:42.448293   91897 engine.go:216] [projects/emulator/locations/emulator/services/uiuc-cmind 505b] ExecuteMutation mutation UpsertAssignment: succeeded. Connector: default
I0910 17:37:42.448846   91897 execute.go:57] Database ping is quick (likely cached), took 458.292µs
I0910 17:37:42.450632   91897 engine.go:216] [projects/emulator/locations/emulator/services/uiuc-cmind 505b] ExecuteMutation mutation UpsertAssignment: succeeded. Connector: default
I0910 17:37:42.451001   91897 execute.go:57] Database ping is quick (likely cached), took 252µs
I0910 17:37:42.452198   91897 engine.go:216] [projects/emulator/locations/emulator/services/uiuc-cmind 505b] ExecuteMutation mutation UpsertAssignment: succeeded. Connector: default
I0910 17:37:42.452314   91897 execute.go:57] Database ping is quick (likely cached), took 79.167µs
I0910 17:37:42.453213   91897 engine.go:216] [projects/emulator/locations/emulator/services/uiuc-cmind 505b] ExecuteMutation mutation UpsertAssignment: succeeded. Connector: default
I0910 17:37:42.453355   91897 execute.go:57] Database ping is quick (likely cached), took 118.875µs
I0910 17:37:42.454064   91897 engine.go:216] [projects/emulator/locations/emulator/services/uiuc-cmind 505b] ExecuteMutation mutation UpsertAssignment: succeeded. Connector: default
I0910 17:37:42.454197   91897 execute.go:57] Database ping is quick (likely cached), took 90.459µs
I0910 17:37:42.455272   91897 engine.go:216] [projects/emulator/locations/emulator/services/uiuc-cmind 505b] ExecuteMutation mutation UpsertAssignment: succeeded. Connector: default
I0910 17:37:42.455416   91897 execute.go:57] Database ping is quick (likely cached), took 106.083µs
I0910 17:37:42.456963   91897 engine.go:216] [projects/emulator/locations/emulator/services/uiuc-cmind 505b] ExecuteMutation mutation UpsertAssignment: succeeded. Connector: default
I0910 17:37:42.457063   91897 execute.go:57] Database ping is quick (likely cached), took 77.625µs
I0910 17:37:42.457848   91897 engine.go:216] [projects/emulator/locations/emulator/services/uiuc-cmind 505b] ExecuteMutation mutation UpsertAssignment: succeeded. Connector: default
I0910 17:37:42.458469   91897 execute.go:57] Database ping is quick (likely cached), took 534.166µs
I0910 17:37:42.458957   91897 engine.go:216] [projects/emulator/locations/emulator/services/uiuc-cmind 505b] ExecuteMutation mutation UpsertAssignment: succeeded. Connector: default
I0910 17:37:42.459053   91897 execute.go:57] Database ping is quick (likely cached), took 62.292µs
I0910 17:37:42.459816   91897 engine.go:216] [projects/emulator/locations/emulator/services/uiuc-cmind 505b] ExecuteMutation mutation UpsertAssignment: succeeded. Connector: default
I0910 17:37:42.459926   91897 execute.go:57] Database ping is quick (likely cached), took 75.083µs
I0910 17:37:42.460641   91897 engine.go:216] [projects/emulator/locations/emulator/services/uiuc-cmind 505b] ExecuteMutation mutation UpsertAssignment: succeeded. Connector: default
I0910 17:37:42.460772   91897 execute.go:57] Database ping is quick (likely cached), took 102.583µs
I0910 17:37:42.461386   91897 engine.go:216] [projects/emulator/locations/emulator/services/uiuc-cmind 505b] ExecuteMutation mutation UpsertAssignment: succeeded. Connector: default
I0910 17:37:42.461470   91897 execute.go:57] Database ping is quick (likely cached), took 64.041µs
I0910 17:37:42.462218   91897 engine.go:216] [projects/emulator/locations/emulator/services/uiuc-cmind 505b] ExecuteMutation mutation UpsertAssignment: succeeded. Connector: default
I0910 17:37:42.462378   91897 execute.go:57] Database ping is quick (likely cached), took 135.542µs
I0910 17:37:42.462977   91897 engine.go:216] [projects/emulator/locations/emulator/services/uiuc-cmind 505b] ExecuteMutation mutation UpsertAssignment: succeeded. Connector: default
I0910 17:37:42.463051   91897 execute.go:57] Database ping is quick (likely cached), took 51.791µs
I0910 17:37:42.463603   91897 engine.go:216] [projects/emulator/locations/emulator/services/uiuc-cmind 505b] ExecuteMutation mutation UpsertAssignment: succeeded. Connector: default
I0910 17:37:42.463698   91897 execute.go:57] Database ping is quick (likely cached), took 77.417µs
I0910 17:37:42.464389   91897 engine.go:216] [projects/emulator/locations/emulator/services/uiuc-cmind 505b] ExecuteMutation mutation UpsertAssignment: succeeded. Connector: default
I0910 17:37:42.464475   91897 execute.go:57] Database ping is quick (likely cached), took 64.292µs
I0910 17:37:42.465046   91897 engine.go:216] [projects/emulator/locations/emulator/services/uiuc-cmind 505b] ExecuteMutation mutation UpsertAssignment: succeeded. Connector: default
I0910 17:37:42.465506   91897 execute.go:57] Database ping is quick (likely cached), took 424.458µs
I0910 17:37:42.465878   91897 engine.go:216] [projects/emulator/locations/emulator/services/uiuc-cmind 505b] ExecuteMutation mutation UpsertAssignment: succeeded. Connector: default
I0910 17:37:42.466109   91897 execute.go:57] Database ping is quick (likely cached), took 192.583µs
I0910 17:37:42.466676   91897 engine.go:216] [projects/emulator/locations/emulator/services/uiuc-cmind 505b] ExecuteMutation mutation UpsertAssignment: succeeded. Connector: default
I0910 17:37:42.466829   91897 execute.go:57] Database ping is quick (likely cached), took 132.208µs
I0910 17:37:42.467375   91897 engine.go:216] [projects/emulator/locations/emulator/services/uiuc-cmind 505b] ExecuteMutation mutation UpsertAssignment: succeeded. Connector: default
I0910 17:37:42.467772   91897 execute.go:57] Database ping is quick (likely cached), took 356.541µs
I0910 17:37:42.468286   91897 engine.go:216] [projects/emulator/locations/emulator/services/uiuc-cmind 505b] ExecuteMutation mutation UpsertAssignment: succeeded. Connector: default
I0910 17:37:42.468375   91897 execute.go:57] Database ping is quick (likely cached), took 64.833µs
I0910 17:37:42.469045   91897 engine.go:216] [projects/emulator/locations/emulator/services/uiuc-cmind 505b] ExecuteMutation mutation UpsertAssignment: succeeded. Connector: default
I0910 17:37:42.469128   91897 execute.go:57] Database ping is quick (likely cached), took 60.417µs
I0910 17:37:42.469675   91897 engine.go:216] [projects/emulator/locations/emulator/services/uiuc-cmind 505b] ExecuteMutation mutation UpsertAssignment: succeeded. Connector: default
I0910 17:37:42.469838   91897 execute.go:57] Database ping is quick (likely cached), took 139.166µs
I0910 17:37:42.470367   91897 engine.go:216] [projects/emulator/locations/emulator/services/uiuc-cmind 505b] ExecuteMutation mutation UpsertAssignment: succeeded. Connector: default
I0910 17:37:42.472066   91897 execute.go:57] Database ping is quick (likely cached), took 192.833µs
I0910 17:37:42.472525   91897 engine.go:216] [projects/emulator/locations/emulator/services/uiuc-cmind 505b] ExecuteMutation mutation UpsertUserAssignment: succeeded. Connector: default
I0910 17:37:42.473030   91897 execute.go:57] Database ping is quick (likely cached), took 300.083µs
I0910 17:37:42.473533   91897 engine.go:216] [projects/emulator/locations/emulator/services/uiuc-cmind 505b] ExecuteMutation mutation UpsertUserAssignment: succeeded. Connector: default
I0910 17:37:42.474031   91897 execute.go:57] Database ping is quick (likely cached), took 126.167µs
I0910 17:37:42.474322   91897 engine.go:216] [projects/emulator/locations/emulator/services/uiuc-cmind 505b] ExecuteMutation mutation UpsertUserAssignment: succeeded. Connector: default
I0910 17:37:42.474594   91897 execute.go:57] Database ping is quick (likely cached), took 112.917µs
I0910 17:37:42.475066   91897 engine.go:216] [projects/emulator/locations/emulator/services/uiuc-cmind 505b] ExecuteMutation mutation UpsertUserAssignment: succeeded. Connector: default
I0910 17:37:42.475425   91897 execute.go:57] Database ping is quick (likely cached), took 163.791µs
I0910 17:37:42.475705   91897 engine.go:216] [projects/emulator/locations/emulator/services/uiuc-cmind 505b] ExecuteMutation mutation UpsertUserAssignment: succeeded. Connector: default
I0910 17:37:42.476217   91897 execute.go:57] Database ping is quick (likely cached), took 62.791µs
I0910 17:37:42.476575   91897 engine.go:216] [projects/emulator/locations/emulator/services/uiuc-cmind 505b] ExecuteMutation mutation UpsertUserAssignment: succeeded. Connector: default
I0910 17:37:42.478114   91897 execute.go:57] Database ping is quick (likely cached), took 140.792µs
I0910 17:37:42.478449   91897 engine.go:216] [projects/emulator/locations/emulator/services/uiuc-cmind 505b] ExecuteMutation mutation UpsertUserAssignment: succeeded. Connector: default
I0910 17:37:42.478841   91897 execute.go:57] Database ping is quick (likely cached), took 233.292µs
I0910 17:37:42.479159   91897 engine.go:216] [projects/emulator/locations/emulator/services/uiuc-cmind 505b] ExecuteMutation mutation UpsertUserAssignment: succeeded. Connector: default
I0910 17:37:42.479505   91897 execute.go:57] Database ping is quick (likely cached), took 151.084µs
I0910 17:37:42.479740   91897 engine.go:216] [projects/emulator/locations/emulator/services/uiuc-cmind 505b] ExecuteMutation mutation UpsertUserAssignment: succeeded. Connector: default
I0910 17:37:42.480095   91897 execute.go:57] Database ping is quick (likely cached), took 64.75µs
I0910 17:37:42.480419   91897 engine.go:216] [projects/emulator/locations/emulator/services/uiuc-cmind 505b] ExecuteMutation mutation UpsertUserAssignment: succeeded. Connector: default
I0910 17:37:42.480856   91897 execute.go:57] Database ping is quick (likely cached), took 65.042µs
I0910 17:37:42.481272   91897 engine.go:216] [projects/emulator/locations/emulator/services/uiuc-cmind 505b] ExecuteMutation mutation UpsertUserAssignment: succeeded. Connector: default
I0910 17:37:42.481598   91897 execute.go:57] Database ping is quick (likely cached), took 60.875µs
I0910 17:37:42.481865   91897 engine.go:216] [projects/emulator/locations/emulator/services/uiuc-cmind 505b] ExecuteMutation mutation UpsertUserAssignment: succeeded. Connector: default
I0910 17:37:42.483412   91897 execute.go:57] Database ping is quick (likely cached), took 45.209µs
I0910 17:37:42.483705   91897 engine.go:216] [projects/emulator/locations/emulator/services/uiuc-cmind 505b] ExecuteMutation mutation UpsertUserAssignment: succeeded. Connector: default
I0910 17:37:42.484377   91897 execute.go:57] Database ping is quick (likely cached), took 245.875µs
I0910 17:37:42.484909   91897 engine.go:216] [projects/emulator/locations/emulator/services/uiuc-cmind 505b] ExecuteMutation mutation UpsertUserAssignment: succeeded. Connector: default
I0910 17:37:42.485304   91897 execute.go:57] Database ping is quick (likely cached), took 97.334µs
I0910 17:37:42.485644   91897 engine.go:216] [projects/emulator/locations/emulator/services/uiuc-cmind 505b] ExecuteMutation mutation UpsertUserAssignment: succeeded. Connector: default
I0910 17:37:42.486019   91897 execute.go:57] Database ping is quick (likely cached), took 101.625µs
I0910 17:37:42.486358   91897 engine.go:216] [projects/emulator/locations/emulator/services/uiuc-cmind 505b] ExecuteMutation mutation UpsertUserAssignment: succeeded. Connector: default
I0910 17:37:42.486698   91897 execute.go:57] Database ping is quick (likely cached), took 58.708µs
I0910 17:37:42.487013   91897 engine.go:216] [projects/emulator/locations/emulator/services/uiuc-cmind 505b] ExecuteMutation mutation UpsertUserAssignment: succeeded. Connector: default
I0910 17:37:42.487359   91897 execute.go:57] Database ping is quick (likely cached), took 63.709µs
I0910 17:37:42.487633   91897 engine.go:216] [projects/emulator/locations/emulator/services/uiuc-cmind 505b] ExecuteMutation mutation UpsertUserAssignment: succeeded. Connector: default
I0910 17:37:42.489503   91897 execute.go:57] Database ping is quick (likely cached), took 73µs
I0910 17:37:42.489802   91897 engine.go:216] [projects/emulator/locations/emulator/services/uiuc-cmind 505b] ExecuteMutation mutation UpsertUserAssignment: succeeded. Connector: default
I0910 17:37:42.490121   91897 execute.go:57] Database ping is quick (likely cached), took 45.917µs
I0910 17:37:42.490507   91897 engine.go:216] [projects/emulator/locations/emulator/services/uiuc-cmind 505b] ExecuteMutation mutation UpsertUserAssignment: succeeded. Connector: default
I0910 17:37:42.490855   91897 execute.go:57] Database ping is quick (likely cached), took 56.458µs
I0910 17:37:42.491123   91897 engine.go:216] [projects/emulator/locations/emulator/services/uiuc-cmind 505b] ExecuteMutation mutation UpsertUserAssignment: succeeded. Connector: default
I0910 17:37:42.491420   91897 execute.go:57] Database ping is quick (likely cached), took 99.667µs
I0910 17:37:42.491744   91897 engine.go:216] [projects/emulator/locations/emulator/services/uiuc-cmind 505b] ExecuteMutation mutation UpsertUserAssignment: succeeded. Connector: default
I0910 17:37:42.492069   91897 execute.go:57] Database ping is quick (likely cached), took 57.375µs
I0910 17:37:42.492335   91897 engine.go:216] [projects/emulator/locations/emulator/services/uiuc-cmind 505b] ExecuteMutation mutation UpsertUserAssignment: succeeded. Connector: default
I0910 17:37:42.492617   91897 execute.go:57] Database ping is quick (likely cached), took 58.875µs
I0910 17:37:42.492896   91897 engine.go:216] [projects/emulator/locations/emulator/services/uiuc-cmind 505b] ExecuteMutation mutation UpsertUserAssignment: succeeded. Connector: default
I0910 17:37:42.493270   91897 execute.go:57] Database ping is quick (likely cached), took 89.875µs
I0910 17:37:42.493554   91897 engine.go:216] [projects/emulator/locations/emulator/services/uiuc-cmind 505b] ExecuteMutation mutation UpsertUserAssignment: succeeded. Connector: default
I0910 17:37:42.494363   91897 execute.go:57] Database ping is quick (likely cached), took 236.458µs
I0910 17:37:42.494771   91897 engine.go:216] [projects/emulator/locations/emulator/services/uiuc-cmind 505b] ExecuteMutation mutation UpsertUserAssignment: succeeded. Connector: default
I0910 17:37:42.495146   91897 execute.go:57] Database ping is quick (likely cached), took 231µs
I0910 17:37:42.495436   91897 engine.go:216] [projects/emulator/locations/emulator/services/uiuc-cmind 505b] ExecuteMutation mutation UpsertUserAssignment: succeeded. Connector: default
I0910 17:37:42.495824   91897 execute.go:57] Database ping is quick (likely cached), took 60.916µs
I0910 17:37:42.496105   91897 engine.go:216] [projects/emulator/locations/emulator/services/uiuc-cmind 505b] ExecuteMutation mutation UpsertUserAssignment: succeeded. Connector: default
I0910 17:37:42.496443   91897 execute.go:57] Database ping is quick (likely cached), took 203.5µs
I0910 17:37:42.496884   91897 engine.go:216] [projects/emulator/locations/emulator/services/uiuc-cmind 505b] ExecuteMutation mutation UpsertUserAssignment: succeeded. Connector: default
I0910 17:37:42.497318   91897 execute.go:57] Database ping is quick (likely cached), took 52.541µs
I0910 17:37:42.497602   91897 engine.go:216] [projects/emulator/locations/emulator/services/uiuc-cmind 505b] ExecuteMutation mutation UpsertUserAssignment: succeeded. Connector: default
I0910 17:37:42.497967   91897 execute.go:57] Database ping is quick (likely cached), took 56.458µs
I0910 17:37:42.498506   91897 engine.go:216] [projects/emulator/locations/emulator/services/uiuc-cmind 505b] ExecuteMutation mutation UpsertUserAssignment: succeeded. Connector: default
I0910 17:37:42.498892   91897 execute.go:57] Database ping is quick (likely cached), took 68.541µs
I0910 17:37:42.499177   91897 engine.go:216] [projects/emulator/locations/emulator/services/uiuc-cmind 505b] ExecuteMutation mutation UpsertUserAssignment: succeeded. Connector: default
I0910 17:37:42.499534   91897 execute.go:57] Database ping is quick (likely cached), took 67.041µs
I0910 17:37:42.499864   91897 engine.go:216] [projects/emulator/locations/emulator/services/uiuc-cmind 505b] ExecuteMutation mutation UpsertUserAssignment: succeeded. Connector: default
I0910 17:37:42.500274   91897 execute.go:57] Database ping is quick (likely cached), took 80.083µs
I0910 17:37:42.500562   91897 engine.go:216] [projects/emulator/locations/emulator/services/uiuc-cmind 505b] ExecuteMutation mutation UpsertUserAssignment: succeeded. Connector: default
I0910 17:37:42.500858   91897 execute.go:57] Database ping is quick (likely cached), took 62.125µs
I0910 17:37:42.501133   91897 engine.go:216] [projects/emulator/locations/emulator/services/uiuc-cmind 505b] ExecuteMutation mutation UpsertUserAssignment: succeeded. Connector: default
I0910 17:37:42.501462   91897 execute.go:57] Database ping is quick (likely cached), took 145.042µs
I0910 17:37:42.501745   91897 engine.go:216] [projects/emulator/locations/emulator/services/uiuc-cmind 505b] ExecuteMutation mutation UpsertUserAssignment: succeeded. Connector: default
I0910 17:37:42.502328   91897 execute.go:57] Database ping is quick (likely cached), took 85.5µs
I0910 17:37:42.502903   91897 engine.go:216] [projects/emulator/locations/emulator/services/uiuc-cmind 505b] ExecuteMutation mutation UpsertUserAssignment: succeeded. Connector: default
I0910 17:37:42.503744   91897 execute.go:57] Database ping is quick (likely cached), took 68.417µs
I0910 17:37:42.504218   91897 engine.go:216] [projects/emulator/locations/emulator/services/uiuc-cmind 505b] ExecuteMutation mutation UpsertUserAssignment: succeeded. Connector: default
I0910 17:37:42.504562   91897 execute.go:57] Database ping is quick (likely cached), took 100.208µs
I0910 17:37:42.504848   91897 engine.go:216] [projects/emulator/locations/emulator/services/uiuc-cmind 505b] ExecuteMutation mutation UpsertUserAssignment: succeeded. Connector: default
I0910 17:37:42.505181   91897 execute.go:57] Database ping is quick (likely cached), took 51.166µs
I0910 17:37:42.505439   91897 engine.go:216] [projects/emulator/locations/emulator/services/uiuc-cmind 505b] ExecuteMutation mutation UpsertUserAssignment: succeeded. Connector: default
I0910 17:37:42.505817   91897 execute.go:57] Database ping is quick (likely cached), took 149.542µs
I0910 17:37:42.506095   91897 engine.go:216] [projects/emulator/locations/emulator/services/uiuc-cmind 505b] ExecuteMutation mutation UpsertUserAssignment: succeeded. Connector: default
I0910 17:37:42.506397   91897 execute.go:57] Database ping is quick (likely cached), took 67.042µs
I0910 17:37:42.506693   91897 engine.go:216] [projects/emulator/locations/emulator/services/uiuc-cmind 505b] ExecuteMutation mutation UpsertUserAssignment: succeeded. Connector: default
I0910 17:37:42.507049   91897 execute.go:57] Database ping is quick (likely cached), took 67.375µs
I0910 17:37:42.507312   91897 engine.go:216] [projects/emulator/locations/emulator/services/uiuc-cmind 505b] ExecuteMutation mutation UpsertUserAssignment: succeeded. Connector: default
I0910 17:37:42.507646   91897 execute.go:57] Database ping is quick (likely cached), took 62.917µs
I0910 17:37:42.507904   91897 engine.go:216] [projects/emulator/locations/emulator/services/uiuc-cmind 505b] ExecuteMutation mutation UpsertUserAssignment: succeeded. Connector: default
I0910 17:37:42.508378   91897 execute.go:57] Database ping is quick (likely cached), took 87.708µs
I0910 17:37:42.508672   91897 engine.go:216] [projects/emulator/locations/emulator/services/uiuc-cmind 505b] ExecuteMutation mutation UpsertUserAssignment: succeeded. Connector: default
I0910 17:37:42.509077   91897 execute.go:57] Database ping is quick (likely cached), took 92.375µs
I0910 17:37:42.509390   91897 engine.go:216] [projects/emulator/locations/emulator/services/uiuc-cmind 505b] ExecuteMutation mutation UpsertUserAssignment: succeeded. Connector: default
I0910 17:37:42.509776   91897 execute.go:57] Database ping is quick (likely cached), took 77.709µs
I0910 17:37:42.510191   91897 engine.go:216] [projects/emulator/locations/emulator/services/uiuc-cmind 505b] ExecuteMutation mutation UpsertUserAssignment: succeeded. Connector: default
I0910 17:37:42.510552   91897 execute.go:57] Database ping is quick (likely cached), took 164.375µs
I0910 17:37:42.510801   91897 engine.go:216] [projects/emulator/locations/emulator/services/uiuc-cmind 505b] ExecuteMutation mutation UpsertUserAssignment: succeeded. Connector: default
I0910 17:37:42.511105   91897 execute.go:57] Database ping is quick (likely cached), took 50.75µs
I0910 17:37:42.511353   91897 engine.go:216] [projects/emulator/locations/emulator/services/uiuc-cmind 505b] ExecuteMutation mutation UpsertUserAssignment: succeeded. Connector: default
I0910 17:37:42.512043   91897 execute.go:57] Database ping is quick (likely cached), took 260.125µs
I0910 17:37:42.512493   91897 engine.go:216] [projects/emulator/locations/emulator/services/uiuc-cmind 505b] ExecuteMutation mutation UpsertUserAssignment: succeeded. Connector: default
I0910 17:37:42.512852   91897 execute.go:57] Database ping is quick (likely cached), took 87.333µs
I0910 17:37:42.513111   91897 engine.go:216] [projects/emulator/locations/emulator/services/uiuc-cmind 505b] ExecuteMutation mutation UpsertUserAssignment: succeeded. Connector: default
I0910 17:37:42.513415   91897 execute.go:57] Database ping is quick (likely cached), took 47.416µs
I0910 17:37:42.513671   91897 engine.go:216] [projects/emulator/locations/emulator/services/uiuc-cmind 505b] ExecuteMutation mutation UpsertUserAssignment: succeeded. Connector: default
I0910 17:37:42.514058   91897 execute.go:57] Database ping is quick (likely cached), took 53.416µs
I0910 17:37:42.514507   91897 engine.go:216] [projects/emulator/locations/emulator/services/uiuc-cmind 505b] ExecuteMutation mutation UpsertUserAssignment: succeeded. Connector: default
I0910 17:37:42.514956   91897 execute.go:57] Database ping is quick (likely cached), took 147.791µs
I0910 17:37:42.515391   91897 engine.go:216] [projects/emulator/locations/emulator/services/uiuc-cmind 505b] ExecuteMutation mutation UpsertUserAssignment: succeeded. Connector: default
I0910 17:37:42.515716   91897 execute.go:57] Database ping is quick (likely cached), took 57.25µs
I0910 17:37:42.516107   91897 engine.go:216] [projects/emulator/locations/emulator/services/uiuc-cmind 505b] ExecuteMutation mutation UpsertUserAssignment: succeeded. Connector: default
I0910 17:37:42.516448   91897 execute.go:57] Database ping is quick (likely cached), took 55.333µs
I0910 17:37:42.516952   91897 engine.go:216] [projects/emulator/locations/emulator/services/uiuc-cmind 505b] ExecuteMutation mutation UpsertUserAssignment: succeeded. Connector: default
I0910 17:37:42.517330   91897 execute.go:57] Database ping is quick (likely cached), took 51.667µs
I0910 17:37:42.517634   91897 engine.go:216] [projects/emulator/locations/emulator/services/uiuc-cmind 505b] ExecuteMutation mutation UpsertUserAssignment: succeeded. Connector: default
I0910 17:37:42.517983   91897 execute.go:57] Database ping is quick (likely cached), took 91.833µs
I0910 17:37:42.518286   91897 engine.go:216] [projects/emulator/locations/emulator/services/uiuc-cmind 505b] ExecuteMutation mutation UpsertUserAssignment: succeeded. Connector: default
I0910 17:37:42.518613   91897 execute.go:57] Database ping is quick (likely cached), took 100.917µs
I0910 17:37:42.518937   91897 engine.go:216] [projects/emulator/locations/emulator/services/uiuc-cmind 505b] ExecuteMutation mutation UpsertUserAssignment: succeeded. Connector: default
I0910 17:37:42.519273   91897 execute.go:57] Database ping is quick (likely cached), took 82.167µs
I0910 17:37:42.519553   91897 engine.go:216] [projects/emulator/locations/emulator/services/uiuc-cmind 505b] ExecuteMutation mutation UpsertUserAssignment: succeeded. Connector: default
I0910 17:37:42.519921   91897 execute.go:57] Database ping is quick (likely cached), took 64.208µs
I0910 17:37:42.520232   91897 engine.go:216] [projects/emulator/locations/emulator/services/uiuc-cmind 505b] ExecuteMutation mutation UpsertUserAssignment: succeeded. Connector: default
I0910 17:37:42.520585   91897 execute.go:57] Database ping is quick (likely cached), took 56.75µs
I0910 17:37:42.520868   91897 engine.go:216] [projects/emulator/locations/emulator/services/uiuc-cmind 505b] ExecuteMutation mutation UpsertUserAssignment: succeeded. Connector: default
I0910 17:37:42.521663   91897 execute.go:57] Database ping is quick (likely cached), took 51.5µs
I0910 17:37:42.521969   91897 engine.go:216] [projects/emulator/locations/emulator/services/uiuc-cmind 505b] ExecuteMutation mutation UpsertUserAssignment: succeeded. Connector: default
I0910 17:37:42.522620   91897 execute.go:57] Database ping is quick (likely cached), took 131.25µs
I0910 17:37:42.523211   91897 engine.go:216] [projects/emulator/locations/emulator/services/uiuc-cmind 505b] ExecuteMutation mutation UpsertUserAssignment: succeeded. Connector: default
I0910 17:37:42.523439   91897 execute.go:57] Database ping is quick (likely cached), took 65.25µs
I0910 17:37:42.524013   91897 engine.go:216] [projects/emulator/locations/emulator/services/uiuc-cmind 505b] ExecuteMutation mutation UpsertUserAssignment: succeeded. Connector: default
I0910 17:37:42.524344   91897 execute.go:57] Database ping is quick (likely cached), took 146.334µs
I0910 17:37:42.524616   91897 engine.go:216] [projects/emulator/locations/emulator/services/uiuc-cmind 505b] ExecuteMutation mutation UpsertUserAssignment: succeeded. Connector: default
I0910 17:37:42.524934   91897 execute.go:57] Database ping is quick (likely cached), took 164.333µs
I0910 17:37:42.525213   91897 engine.go:216] [projects/emulator/locations/emulator/services/uiuc-cmind 505b] ExecuteMutation mutation UpsertUserAssignment: succeeded. Connector: default
I0910 17:37:42.526099   91897 execute.go:57] Database ping is quick (likely cached), took 53.875µs
I0910 17:37:42.526363   91897 engine.go:216] [projects/emulator/locations/emulator/services/uiuc-cmind 505b] ExecuteMutation mutation UpsertUserAssignment: succeeded. Connector: default
I0910 17:37:42.526695   91897 execute.go:57] Database ping is quick (likely cached), took 160.125µs
I0910 17:37:42.526957   91897 engine.go:216] [projects/emulator/locations/emulator/services/uiuc-cmind 505b] ExecuteMutation mutation UpsertUserAssignment: succeeded. Connector: default
I0910 17:37:42.527252   91897 execute.go:57] Database ping is quick (likely cached), took 78.208µs
I0910 17:37:42.527519   91897 engine.go:216] [projects/emulator/locations/emulator/services/uiuc-cmind 505b] ExecuteMutation mutation UpsertUserAssignment: succeeded. Connector: default
I0910 17:37:42.527819   91897 execute.go:57] Database ping is quick (likely cached), took 46.709µs
I0910 17:37:42.528222   91897 engine.go:216] [projects/emulator/locations/emulator/services/uiuc-cmind 505b] ExecuteMutation mutation UpsertUserAssignment: succeeded. Connector: default
I0910 17:37:42.528603   91897 execute.go:57] Database ping is quick (likely cached), took 51.625µs
I0910 17:37:42.528878   91897 engine.go:216] [projects/emulator/locations/emulator/services/uiuc-cmind 505b] ExecuteMutation mutation UpsertUserAssignment: succeeded. Connector: default
I0910 17:37:42.529174   91897 execute.go:57] Database ping is quick (likely cached), took 49.875µs
I0910 17:37:42.529440   91897 engine.go:216] [projects/emulator/locations/emulator/services/uiuc-cmind 505b] ExecuteMutation mutation UpsertUserAssignment: succeeded. Connector: default
I0910 17:37:42.529776   91897 execute.go:57] Database ping is quick (likely cached), took 46.916µs
I0910 17:37:42.530212   91897 engine.go:216] [projects/emulator/locations/emulator/services/uiuc-cmind 505b] ExecuteMutation mutation UpsertUserAssignment: succeeded. Connector: default
I0910 17:37:42.530646   91897 execute.go:57] Database ping is quick (likely cached), took 66.917µs
I0910 17:37:42.531018   91897 engine.go:216] [projects/emulator/locations/emulator/services/uiuc-cmind 505b] ExecuteMutation mutation UpsertUserAssignment: succeeded. Connector: default
I0910 17:37:42.531394   91897 execute.go:57] Database ping is quick (likely cached), took 105.458µs
I0910 17:37:42.531691   91897 engine.go:216] [projects/emulator/locations/emulator/services/uiuc-cmind 505b] ExecuteMutation mutation UpsertUserAssignment: succeeded. Connector: default
I0910 17:37:42.532835   91897 execute.go:57] Database ping is quick (likely cached), took 54.958µs
I0910 17:37:42.533126   91897 engine.go:216] [projects/emulator/locations/emulator/services/uiuc-cmind 505b] ExecuteMutation mutation UpsertUserAssignment: succeeded. Connector: default
I0910 17:37:42.533771   91897 execute.go:57] Database ping is quick (likely cached), took 126.25µs
I0910 17:37:42.534231   91897 engine.go:216] [projects/emulator/locations/emulator/services/uiuc-cmind 505b] ExecuteMutation mutation UpsertUserAssignment: succeeded. Connector: default
I0910 17:37:42.534575   91897 execute.go:57] Database ping is quick (likely cached), took 137.292µs
I0910 17:37:42.534879   91897 engine.go:216] [projects/emulator/locations/emulator/services/uiuc-cmind 505b] ExecuteMutation mutation UpsertUserAssignment: succeeded. Connector: default
I0910 17:37:42.535232   91897 execute.go:57] Database ping is quick (likely cached), took 96.458µs
I0910 17:37:42.535520   91897 engine.go:216] [projects/emulator/locations/emulator/services/uiuc-cmind 505b] ExecuteMutation mutation UpsertUserAssignment: succeeded. Connector: default
I0910 17:37:42.535823   91897 execute.go:57] Database ping is quick (likely cached), took 52.333µs
I0910 17:37:42.536113   91897 engine.go:216] [projects/emulator/locations/emulator/services/uiuc-cmind 505b] ExecuteMutation mutation UpsertUserAssignment: succeeded. Connector: default
I0910 17:37:42.536459   91897 execute.go:57] Database ping is quick (likely cached), took 137.916µs
I0910 17:37:42.536740   91897 engine.go:216] [projects/emulator/locations/emulator/services/uiuc-cmind 505b] ExecuteMutation mutation UpsertUserAssignment: succeeded. Connector: default
I0910 17:37:42.537118   91897 execute.go:57] Database ping is quick (likely cached), took 219.083µs
I0910 17:37:42.537567   91897 engine.go:216] [projects/emulator/locations/emulator/services/uiuc-cmind 505b] ExecuteMutation mutation UpsertUserAssignment: succeeded. Connector: default
I0910 17:37:42.537880   91897 execute.go:57] Database ping is quick (likely cached), took 51.5µs
I0910 17:37:42.538188   91897 engine.go:216] [projects/emulator/locations/emulator/services/uiuc-cmind 505b] ExecuteMutation mutation UpsertUserAssignment: succeeded. Connector: default
I0910 17:37:42.538629   91897 execute.go:57] Database ping is quick (likely cached), took 70.709µs
I0910 17:37:42.538961   91897 engine.go:216] [projects/emulator/locations/emulator/services/uiuc-cmind 505b] ExecuteMutation mutation UpsertUserAssignment: succeeded. Connector: default
I0910 17:37:42.539282   91897 execute.go:57] Database ping is quick (likely cached), took 188.666µs
I0910 17:37:42.539584   91897 engine.go:216] [projects/emulator/locations/emulator/services/uiuc-cmind 505b] ExecuteMutation mutation UpsertUserAssignment: succeeded. Connector: default
I0910 17:37:42.539890   91897 execute.go:57] Database ping is quick (likely cached), took 59.333µs
I0910 17:37:42.540221   91897 engine.go:216] [projects/emulator/locations/emulator/services/uiuc-cmind 505b] ExecuteMutation mutation UpsertUserAssignment: succeeded. Connector: default
I0910 17:37:42.540532   91897 execute.go:57] Database ping is quick (likely cached), took 47.917µs
I0910 17:37:42.540798   91897 engine.go:216] [projects/emulator/locations/emulator/services/uiuc-cmind 505b] ExecuteMutation mutation UpsertUserAssignment: succeeded. Connector: default
I0910 17:37:42.541099   91897 execute.go:57] Database ping is quick (likely cached), took 56.042µs
I0910 17:37:42.541386   91897 engine.go:216] [projects/emulator/locations/emulator/services/uiuc-cmind 505b] ExecuteMutation mutation UpsertUserAssignment: succeeded. Connector: default
I0910 17:37:42.541681   91897 execute.go:57] Database ping is quick (likely cached), took 60.833µs
I0910 17:37:42.541992   91897 engine.go:216] [projects/emulator/locations/emulator/services/uiuc-cmind 505b] ExecuteMutation mutation UpsertUserAssignment: succeeded. Connector: default
I0910 17:37:42.542304   91897 execute.go:57] Database ping is quick (likely cached), took 62.458µs
I0910 17:37:42.542575   91897 engine.go:216] [projects/emulator/locations/emulator/services/uiuc-cmind 505b] ExecuteMutation mutation UpsertUserAssignment: succeeded. Connector: default
I0910 17:37:42.542874   91897 execute.go:57] Database ping is quick (likely cached), took 57.875µs
I0910 17:37:42.543311   91897 engine.go:216] [projects/emulator/locations/emulator/services/uiuc-cmind 505b] ExecuteMutation mutation UpsertUserAssignment: succeeded. Connector: default
I0910 17:38:05.023399   91897 execute.go:57] Database ping is quick (likely cached), took 668.083µs
I0910 17:38:05.024839   91897 engine.go:216] [projects/emulator/locations/emulator/services/uiuc-cmind 505b] ExecuteMutation mutation UpsertCourse: succeeded. Connector: default
I0910 17:38:05.025119   91897 execute.go:57] Database ping is quick (likely cached), took 228µs
I0910 17:38:05.026063   91897 engine.go:216] [projects/emulator/locations/emulator/services/uiuc-cmind 505b] ExecuteMutation mutation UpsertCourse: succeeded. Connector: default
I0910 17:38:05.026304   91897 execute.go:57] Database ping is quick (likely cached), took 206µs
I0910 17:38:05.026952   91897 engine.go:216] [projects/emulator/locations/emulator/services/uiuc-cmind 505b] ExecuteMutation mutation UpsertCourse: succeeded. Connector: default
I0910 17:38:05.027127   91897 execute.go:57] Database ping is quick (likely cached), took 142.458µs
I0910 17:38:05.027711   91897 engine.go:216] [projects/emulator/locations/emulator/services/uiuc-cmind 505b] ExecuteMutation mutation UpsertCourse: succeeded. Connector: default
I0910 17:38:05.028004   91897 execute.go:57] Database ping is quick (likely cached), took 244.833µs
I0910 17:38:05.028584   91897 engine.go:216] [projects/emulator/locations/emulator/services/uiuc-cmind 505b] ExecuteMutation mutation UpsertCourse: succeeded. Connector: default
I0910 17:38:05.029141   91897 execute.go:57] Database ping is quick (likely cached), took 122.75µs
I0910 17:38:05.030046   91897 engine.go:216] [projects/emulator/locations/emulator/services/uiuc-cmind 505b] ExecuteMutation mutation AddEnrollment: succeeded. Connector: default
I0910 17:38:05.030611   91897 execute.go:57] Database ping is quick (likely cached), took 125.541µs
I0910 17:38:05.031179   91897 engine.go:216] [projects/emulator/locations/emulator/services/uiuc-cmind 505b] ExecuteMutation mutation AddEnrollment: succeeded. Connector: default
I0910 17:38:05.031540   91897 execute.go:57] Database ping is quick (likely cached), took 117.958µs
I0910 17:38:05.032058   91897 engine.go:216] [projects/emulator/locations/emulator/services/uiuc-cmind 505b] ExecuteMutation mutation AddEnrollment: succeeded. Connector: default
I0910 17:38:05.032538   91897 execute.go:57] Database ping is quick (likely cached), took 211.708µs
I0910 17:38:05.033068   91897 engine.go:216] [projects/emulator/locations/emulator/services/uiuc-cmind 505b] ExecuteMutation mutation AddEnrollment: succeeded. Connector: default
I0910 17:38:05.033404   91897 execute.go:57] Database ping is quick (likely cached), took 111.458µs
I0910 17:38:05.033881   91897 engine.go:216] [projects/emulator/locations/emulator/services/uiuc-cmind 505b] ExecuteMutation mutation AddEnrollment: succeeded. Connector: default
I0910 17:38:05.035863   91897 execute.go:57] Database ping is quick (likely cached), took 129.25µs
I0910 17:38:05.036436   91897 engine.go:216] [projects/emulator/locations/emulator/services/uiuc-cmind 505b] ExecuteMutation mutation UpsertAssignment: succeeded. Connector: default
I0910 17:38:05.036619   91897 execute.go:57] Database ping is quick (likely cached), took 138.125µs
I0910 17:38:05.037290   91897 engine.go:216] [projects/emulator/locations/emulator/services/uiuc-cmind 505b] ExecuteMutation mutation UpsertAssignment: succeeded. Connector: default
I0910 17:38:05.037484   91897 execute.go:57] Database ping is quick (likely cached), took 150.625µs
I0910 17:38:05.038252   91897 engine.go:216] [projects/emulator/locations/emulator/services/uiuc-cmind 505b] ExecuteMutation mutation UpsertAssignment: succeeded. Connector: default
I0910 17:38:05.038430   91897 execute.go:57] Database ping is quick (likely cached), took 151.584µs
I0910 17:38:05.039027   91897 engine.go:216] [projects/emulator/locations/emulator/services/uiuc-cmind 505b] ExecuteMutation mutation UpsertAssignment: succeeded. Connector: default
I0910 17:38:05.039176   91897 execute.go:57] Database ping is quick (likely cached), took 109.917µs
I0910 17:38:05.039662   91897 engine.go:216] [projects/emulator/locations/emulator/services/uiuc-cmind 505b] ExecuteMutation mutation UpsertAssignment: succeeded. Connector: default
I0910 17:38:05.039860   91897 execute.go:57] Database ping is quick (likely cached), took 159.792µs
I0910 17:38:05.040426   91897 engine.go:216] [projects/emulator/locations/emulator/services/uiuc-cmind 505b] ExecuteMutation mutation UpsertAssignment: succeeded. Connector: default
I0910 17:38:05.040563   91897 execute.go:57] Database ping is quick (likely cached), took 103.084µs
I0910 17:38:05.041122   91897 engine.go:216] [projects/emulator/locations/emulator/services/uiuc-cmind 505b] ExecuteMutation mutation UpsertAssignment: succeeded. Connector: default
I0910 17:38:05.041784   91897 execute.go:57] Database ping is quick (likely cached), took 591.25µs
I0910 17:38:05.042601   91897 engine.go:216] [projects/emulator/locations/emulator/services/uiuc-cmind 505b] ExecuteMutation mutation UpsertAssignment: succeeded. Connector: default
I0910 17:38:05.042748   91897 execute.go:57] Database ping is quick (likely cached), took 112.834µs
I0910 17:38:05.043258   91897 engine.go:216] [projects/emulator/locations/emulator/services/uiuc-cmind 505b] ExecuteMutation mutation UpsertAssignment: succeeded. Connector: default
I0910 17:38:05.043378   91897 execute.go:57] Database ping is quick (likely cached), took 90.333µs
I0910 17:38:05.043815   91897 engine.go:216] [projects/emulator/locations/emulator/services/uiuc-cmind 505b] ExecuteMutation mutation UpsertAssignment: succeeded. Connector: default
I0910 17:38:05.043956   91897 execute.go:57] Database ping is quick (likely cached), took 113.083µs
I0910 17:38:05.044363   91897 engine.go:216] [projects/emulator/locations/emulator/services/uiuc-cmind 505b] ExecuteMutation mutation UpsertAssignment: succeeded. Connector: default
I0910 17:38:05.044481   91897 execute.go:57] Database ping is quick (likely cached), took 91.042µs
I0910 17:38:05.045021   91897 engine.go:216] [projects/emulator/locations/emulator/services/uiuc-cmind 505b] ExecuteMutation mutation UpsertAssignment: succeeded. Connector: default
I0910 17:38:05.045183   91897 execute.go:57] Database ping is quick (likely cached), took 137.916µs
I0910 17:38:05.046986   91897 engine.go:216] [projects/emulator/locations/emulator/services/uiuc-cmind 505b] ExecuteMutation mutation UpsertAssignment: succeeded. Connector: default
I0910 17:38:05.047518   91897 execute.go:57] Database ping is quick (likely cached), took 427.458µs
I0910 17:38:05.049252   91897 engine.go:216] [projects/emulator/locations/emulator/services/uiuc-cmind 505b] ExecuteMutation mutation UpsertAssignment: succeeded. Connector: default
I0910 17:38:05.049569   91897 execute.go:57] Database ping is quick (likely cached), took 226.458µs
I0910 17:38:05.051273   91897 engine.go:216] [projects/emulator/locations/emulator/services/uiuc-cmind 505b] ExecuteMutation mutation UpsertAssignment: succeeded. Connector: default
I0910 17:38:05.051435   91897 execute.go:57] Database ping is quick (likely cached), took 102µs
I0910 17:38:05.052279   91897 engine.go:216] [projects/emulator/locations/emulator/services/uiuc-cmind 505b] ExecuteMutation mutation UpsertAssignment: succeeded. Connector: default
I0910 17:38:05.052861   91897 execute.go:57] Database ping is quick (likely cached), took 557.083µs
I0910 17:38:05.053426   91897 engine.go:216] [projects/emulator/locations/emulator/services/uiuc-cmind 505b] ExecuteMutation mutation UpsertAssignment: succeeded. Connector: default
I0910 17:38:05.053609   91897 execute.go:57] Database ping is quick (likely cached), took 124.625µs
I0910 17:38:05.054423   91897 engine.go:216] [projects/emulator/locations/emulator/services/uiuc-cmind 505b] ExecuteMutation mutation UpsertAssignment: succeeded. Connector: default
I0910 17:38:05.054594   91897 execute.go:57] Database ping is quick (likely cached), took 146.542µs
I0910 17:38:05.055443   91897 engine.go:216] [projects/emulator/locations/emulator/services/uiuc-cmind 505b] ExecuteMutation mutation UpsertAssignment: succeeded. Connector: default
I0910 17:38:05.055615   91897 execute.go:57] Database ping is quick (likely cached), took 138.792µs
I0910 17:38:05.056328   91897 engine.go:216] [projects/emulator/locations/emulator/services/uiuc-cmind 505b] ExecuteMutation mutation UpsertAssignment: succeeded. Connector: default
I0910 17:38:05.056478   91897 execute.go:57] Database ping is quick (likely cached), took 115.75µs
I0910 17:38:05.057306   91897 engine.go:216] [projects/emulator/locations/emulator/services/uiuc-cmind 505b] ExecuteMutation mutation UpsertAssignment: succeeded. Connector: default
I0910 17:38:05.057476   91897 execute.go:57] Database ping is quick (likely cached), took 143.125µs
I0910 17:38:05.058112   91897 engine.go:216] [projects/emulator/locations/emulator/services/uiuc-cmind 505b] ExecuteMutation mutation UpsertAssignment: succeeded. Connector: default
I0910 17:38:05.058291   91897 execute.go:57] Database ping is quick (likely cached), took 152.458µs
I0910 17:38:05.058927   91897 engine.go:216] [projects/emulator/locations/emulator/services/uiuc-cmind 505b] ExecuteMutation mutation UpsertAssignment: succeeded. Connector: default
I0910 17:38:05.059047   91897 execute.go:57] Database ping is quick (likely cached), took 90.666µs
I0910 17:38:05.059852   91897 engine.go:216] [projects/emulator/locations/emulator/services/uiuc-cmind 505b] ExecuteMutation mutation UpsertAssignment: succeeded. Connector: default
I0910 17:38:05.059974   91897 execute.go:57] Database ping is quick (likely cached), took 95.042µs
I0910 17:38:05.060617   91897 engine.go:216] [projects/emulator/locations/emulator/services/uiuc-cmind 505b] ExecuteMutation mutation UpsertAssignment: succeeded. Connector: default
I0910 17:38:05.061129   91897 execute.go:57] Database ping is quick (likely cached), took 493.625µs
I0910 17:38:05.061524   91897 engine.go:216] [projects/emulator/locations/emulator/services/uiuc-cmind 505b] ExecuteMutation mutation UpsertAssignment: succeeded. Connector: default
I0910 17:38:05.061636   91897 execute.go:57] Database ping is quick (likely cached), took 94.042µs
I0910 17:38:05.062251   91897 engine.go:216] [projects/emulator/locations/emulator/services/uiuc-cmind 505b] ExecuteMutation mutation UpsertAssignment: succeeded. Connector: default
I0910 17:38:05.062350   91897 execute.go:57] Database ping is quick (likely cached), took 72.75µs
I0910 17:38:05.062959   91897 engine.go:216] [projects/emulator/locations/emulator/services/uiuc-cmind 505b] ExecuteMutation mutation UpsertAssignment: succeeded. Connector: default
I0910 17:38:05.063086   91897 execute.go:57] Database ping is quick (likely cached), took 105.083µs
I0910 17:38:05.063722   91897 engine.go:216] [projects/emulator/locations/emulator/services/uiuc-cmind 505b] ExecuteMutation mutation UpsertAssignment: succeeded. Connector: default
I0910 17:38:05.063806   91897 execute.go:57] Database ping is quick (likely cached), took 61µs
I0910 17:38:05.064562   91897 engine.go:216] [projects/emulator/locations/emulator/services/uiuc-cmind 505b] ExecuteMutation mutation UpsertAssignment: succeeded. Connector: default
I0910 17:38:05.064651   91897 execute.go:57] Database ping is quick (likely cached), took 67.292µs
I0910 17:38:05.065194   91897 engine.go:216] [projects/emulator/locations/emulator/services/uiuc-cmind 505b] ExecuteMutation mutation UpsertAssignment: succeeded. Connector: default
I0910 17:38:05.065300   91897 execute.go:57] Database ping is quick (likely cached), took 86.583µs
I0910 17:38:05.065873   91897 engine.go:216] [projects/emulator/locations/emulator/services/uiuc-cmind 505b] ExecuteMutation mutation UpsertAssignment: succeeded. Connector: default
I0910 17:38:05.065994   91897 execute.go:57] Database ping is quick (likely cached), took 99.792µs
I0910 17:38:05.066607   91897 engine.go:216] [projects/emulator/locations/emulator/services/uiuc-cmind 505b] ExecuteMutation mutation UpsertAssignment: succeeded. Connector: default
I0910 17:38:05.066730   91897 execute.go:57] Database ping is quick (likely cached), took 96.458µs
I0910 17:38:05.067315   91897 engine.go:216] [projects/emulator/locations/emulator/services/uiuc-cmind 505b] ExecuteMutation mutation UpsertAssignment: succeeded. Connector: default
I0910 17:38:05.067845   91897 execute.go:57] Database ping is quick (likely cached), took 500.125µs
I0910 17:38:05.068190   91897 engine.go:216] [projects/emulator/locations/emulator/services/uiuc-cmind 505b] ExecuteMutation mutation UpsertAssignment: succeeded. Connector: default
I0910 17:38:05.068256   91897 execute.go:57] Database ping is quick (likely cached), took 47.292µs
I0910 17:38:05.068816   91897 engine.go:216] [projects/emulator/locations/emulator/services/uiuc-cmind 505b] ExecuteMutation mutation UpsertAssignment: succeeded. Connector: default
I0910 17:38:05.068935   91897 execute.go:57] Database ping is quick (likely cached), took 97.333µs
I0910 17:38:05.069458   91897 engine.go:216] [projects/emulator/locations/emulator/services/uiuc-cmind 505b] ExecuteMutation mutation UpsertAssignment: succeeded. Connector: default
I0910 17:38:05.069535   91897 execute.go:57] Database ping is quick (likely cached), took 60.416µs
I0910 17:38:05.070158   91897 engine.go:216] [projects/emulator/locations/emulator/services/uiuc-cmind 505b] ExecuteMutation mutation UpsertAssignment: succeeded. Connector: default
I0910 17:38:05.070231   91897 execute.go:57] Database ping is quick (likely cached), took 56µs
I0910 17:38:05.070914   91897 engine.go:216] [projects/emulator/locations/emulator/services/uiuc-cmind 505b] ExecuteMutation mutation UpsertAssignment: succeeded. Connector: default
I0910 17:38:05.071037   91897 execute.go:57] Database ping is quick (likely cached), took 104.375µs
I0910 17:38:05.071550   91897 engine.go:216] [projects/emulator/locations/emulator/services/uiuc-cmind 505b] ExecuteMutation mutation UpsertAssignment: succeeded. Connector: default
I0910 17:38:05.071623   91897 execute.go:57] Database ping is quick (likely cached), took 58.208µs
I0910 17:38:05.072233   91897 engine.go:216] [projects/emulator/locations/emulator/services/uiuc-cmind 505b] ExecuteMutation mutation UpsertAssignment: succeeded. Connector: default
I0910 17:38:05.072325   91897 execute.go:57] Database ping is quick (likely cached), took 71.375µs
I0910 17:38:05.072917   91897 engine.go:216] [projects/emulator/locations/emulator/services/uiuc-cmind 505b] ExecuteMutation mutation UpsertAssignment: succeeded. Connector: default
I0910 17:38:05.073105   91897 execute.go:57] Database ping is quick (likely cached), took 144.917µs
I0910 17:38:05.073735   91897 engine.go:216] [projects/emulator/locations/emulator/services/uiuc-cmind 505b] ExecuteMutation mutation UpsertAssignment: succeeded. Connector: default
I0910 17:38:05.074163   91897 execute.go:57] Database ping is quick (likely cached), took 407.375µs
I0910 17:38:05.074495   91897 engine.go:216] [projects/emulator/locations/emulator/services/uiuc-cmind 505b] ExecuteMutation mutation UpsertAssignment: succeeded. Connector: default
I0910 17:38:05.074566   91897 execute.go:57] Database ping is quick (likely cached), took 51.292µs
I0910 17:38:05.075126   91897 engine.go:216] [projects/emulator/locations/emulator/services/uiuc-cmind 505b] ExecuteMutation mutation UpsertAssignment: succeeded. Connector: default
I0910 17:38:05.075226   91897 execute.go:57] Database ping is quick (likely cached), took 82.25µs
I0910 17:38:05.076243   91897 engine.go:216] [projects/emulator/locations/emulator/services/uiuc-cmind 505b] ExecuteMutation mutation UpsertAssignment: succeeded. Connector: default
I0910 17:38:05.076440   91897 execute.go:57] Database ping is quick (likely cached), took 128.042µs
I0910 17:38:05.076774   91897 engine.go:216] [projects/emulator/locations/emulator/services/uiuc-cmind 505b] ExecuteMutation mutation UpsertAssignment: succeeded. Connector: default
I0910 17:38:05.076878   91897 execute.go:57] Database ping is quick (likely cached), took 78.75µs
I0910 17:38:05.077719   91897 engine.go:216] [projects/emulator/locations/emulator/services/uiuc-cmind 505b] ExecuteMutation mutation UpsertAssignment: succeeded. Connector: default
I0910 17:38:05.078141   91897 execute.go:57] Database ping is quick (likely cached), took 346µs
I0910 17:38:05.078631   91897 engine.go:216] [projects/emulator/locations/emulator/services/uiuc-cmind 505b] ExecuteMutation mutation UpsertAssignment: succeeded. Connector: default
I0910 17:38:05.079053   91897 execute.go:57] Database ping is quick (likely cached), took 397.542µs
I0910 17:38:05.079415   91897 engine.go:216] [projects/emulator/locations/emulator/services/uiuc-cmind 505b] ExecuteMutation mutation UpsertAssignment: succeeded. Connector: default
I0910 17:38:05.079496   91897 execute.go:57] Database ping is quick (likely cached), took 61.875µs
I0910 17:38:05.080002   91897 engine.go:216] [projects/emulator/locations/emulator/services/uiuc-cmind 505b] ExecuteMutation mutation UpsertAssignment: succeeded. Connector: default
I0910 17:38:05.080111   91897 execute.go:57] Database ping is quick (likely cached), took 70.667µs
I0910 17:38:05.080669   91897 engine.go:216] [projects/emulator/locations/emulator/services/uiuc-cmind 505b] ExecuteMutation mutation UpsertAssignment: succeeded. Connector: default
I0910 17:38:05.081107   91897 execute.go:57] Database ping is quick (likely cached), took 414.917µs
I0910 17:38:05.081416   91897 engine.go:216] [projects/emulator/locations/emulator/services/uiuc-cmind 505b] ExecuteMutation mutation UpsertAssignment: succeeded. Connector: default
I0910 17:38:05.081479   91897 execute.go:57] Database ping is quick (likely cached), took 41.583µs
I0910 17:38:05.082000   91897 engine.go:216] [projects/emulator/locations/emulator/services/uiuc-cmind 505b] ExecuteMutation mutation UpsertAssignment: succeeded. Connector: default
I0910 17:38:05.082076   91897 execute.go:57] Database ping is quick (likely cached), took 53.375µs
I0910 17:38:05.082598   91897 engine.go:216] [projects/emulator/locations/emulator/services/uiuc-cmind 505b] ExecuteMutation mutation UpsertAssignment: succeeded. Connector: default
I0910 17:38:05.082728   91897 execute.go:57] Database ping is quick (likely cached), took 104.916µs
I0910 17:38:05.083192   91897 engine.go:216] [projects/emulator/locations/emulator/services/uiuc-cmind 505b] ExecuteMutation mutation UpsertAssignment: succeeded. Connector: default
I0910 17:38:05.083309   91897 execute.go:57] Database ping is quick (likely cached), took 99.666µs
I0910 17:38:05.083920   91897 engine.go:216] [projects/emulator/locations/emulator/services/uiuc-cmind 505b] ExecuteMutation mutation UpsertAssignment: succeeded. Connector: default
I0910 17:38:05.084004   91897 execute.go:57] Database ping is quick (likely cached), took 70.042µs
I0910 17:38:05.084577   91897 engine.go:216] [projects/emulator/locations/emulator/services/uiuc-cmind 505b] ExecuteMutation mutation UpsertAssignment: succeeded. Connector: default
I0910 17:38:05.084654   91897 execute.go:57] Database ping is quick (likely cached), took 63.042µs
I0910 17:38:05.085159   91897 engine.go:216] [projects/emulator/locations/emulator/services/uiuc-cmind 505b] ExecuteMutation mutation UpsertAssignment: succeeded. Connector: default
I0910 17:38:05.085251   91897 execute.go:57] Database ping is quick (likely cached), took 74.625µs
I0910 17:38:05.085807   91897 engine.go:216] [projects/emulator/locations/emulator/services/uiuc-cmind 505b] ExecuteMutation mutation UpsertAssignment: succeeded. Connector: default
I0910 17:38:05.085882   91897 execute.go:57] Database ping is quick (likely cached), took 58.042µs
I0910 17:38:05.086420   91897 engine.go:216] [projects/emulator/locations/emulator/services/uiuc-cmind 505b] ExecuteMutation mutation UpsertAssignment: succeeded. Connector: default
I0910 17:38:05.086790   91897 execute.go:57] Database ping is quick (likely cached), took 356.083µs
I0910 17:38:05.087110   91897 engine.go:216] [projects/emulator/locations/emulator/services/uiuc-cmind 505b] ExecuteMutation mutation UpsertAssignment: succeeded. Connector: default
I0910 17:38:05.087207   91897 execute.go:57] Database ping is quick (likely cached), took 84.75µs
I0910 17:38:05.087721   91897 engine.go:216] [projects/emulator/locations/emulator/services/uiuc-cmind 505b] ExecuteMutation mutation UpsertAssignment: succeeded. Connector: default
I0910 17:38:05.087792   91897 execute.go:57] Database ping is quick (likely cached), took 55.625µs
I0910 17:38:05.088272   91897 engine.go:216] [projects/emulator/locations/emulator/services/uiuc-cmind 505b] ExecuteMutation mutation UpsertAssignment: succeeded. Connector: default
I0910 17:38:05.088396   91897 execute.go:57] Database ping is quick (likely cached), took 95.625µs
I0910 17:38:05.089011   91897 engine.go:216] [projects/emulator/locations/emulator/services/uiuc-cmind 505b] ExecuteMutation mutation UpsertAssignment: succeeded. Connector: default
I0910 17:38:05.089092   91897 execute.go:57] Database ping is quick (likely cached), took 57.417µs
I0910 17:38:05.089738   91897 engine.go:216] [projects/emulator/locations/emulator/services/uiuc-cmind 505b] ExecuteMutation mutation UpsertAssignment: succeeded. Connector: default
I0910 17:38:05.089815   91897 execute.go:57] Database ping is quick (likely cached), took 56.042µs
I0910 17:38:05.090342   91897 engine.go:216] [projects/emulator/locations/emulator/services/uiuc-cmind 505b] ExecuteMutation mutation UpsertAssignment: succeeded. Connector: default
I0910 17:38:05.090415   91897 execute.go:57] Database ping is quick (likely cached), took 53.584µs
I0910 17:38:05.090881   91897 engine.go:216] [projects/emulator/locations/emulator/services/uiuc-cmind 505b] ExecuteMutation mutation UpsertAssignment: succeeded. Connector: default
I0910 17:38:05.091144   91897 execute.go:57] Database ping is quick (likely cached), took 242.166µs
I0910 17:38:05.091570   91897 engine.go:216] [projects/emulator/locations/emulator/services/uiuc-cmind 505b] ExecuteMutation mutation UpsertAssignment: succeeded. Connector: default
I0910 17:38:05.091694   91897 execute.go:57] Database ping is quick (likely cached), took 103.834µs
I0910 17:38:05.092243   91897 engine.go:216] [projects/emulator/locations/emulator/services/uiuc-cmind 505b] ExecuteMutation mutation UpsertAssignment: succeeded. Connector: default
I0910 17:38:05.092810   91897 execute.go:57] Database ping is quick (likely cached), took 546.791µs
I0910 17:38:05.093354   91897 engine.go:216] [projects/emulator/locations/emulator/services/uiuc-cmind 505b] ExecuteMutation mutation UpsertAssignment: succeeded. Connector: default
I0910 17:38:05.093481   91897 execute.go:57] Database ping is quick (likely cached), took 82.167µs
I0910 17:38:05.094152   91897 engine.go:216] [projects/emulator/locations/emulator/services/uiuc-cmind 505b] ExecuteMutation mutation UpsertAssignment: succeeded. Connector: default
I0910 17:38:05.094248   91897 execute.go:57] Database ping is quick (likely cached), took 72.334µs
I0910 17:38:05.094812   91897 engine.go:216] [projects/emulator/locations/emulator/services/uiuc-cmind 505b] ExecuteMutation mutation UpsertAssignment: succeeded. Connector: default
I0910 17:38:05.094898   91897 execute.go:57] Database ping is quick (likely cached), took 68.625µs
I0910 17:38:05.095418   91897 engine.go:216] [projects/emulator/locations/emulator/services/uiuc-cmind 505b] ExecuteMutation mutation UpsertAssignment: succeeded. Connector: default
I0910 17:38:05.095475   91897 execute.go:57] Database ping is quick (likely cached), took 37.417µs
I0910 17:38:05.096101   91897 engine.go:216] [projects/emulator/locations/emulator/services/uiuc-cmind 505b] ExecuteMutation mutation UpsertAssignment: succeeded. Connector: default
I0910 17:38:05.096160   91897 execute.go:57] Database ping is quick (likely cached), took 38.792µs
I0910 17:38:05.096641   91897 engine.go:216] [projects/emulator/locations/emulator/services/uiuc-cmind 505b] ExecuteMutation mutation UpsertAssignment: succeeded. Connector: default
I0910 17:38:05.096754   91897 execute.go:57] Database ping is quick (likely cached), took 99.042µs
I0910 17:38:05.097325   91897 engine.go:216] [projects/emulator/locations/emulator/services/uiuc-cmind 505b] ExecuteMutation mutation UpsertAssignment: succeeded. Connector: default
I0910 17:38:05.097405   91897 execute.go:57] Database ping is quick (likely cached), took 61.042µs
I0910 17:38:05.097973   91897 engine.go:216] [projects/emulator/locations/emulator/services/uiuc-cmind 505b] ExecuteMutation mutation UpsertAssignment: succeeded. Connector: default
I0910 17:38:05.098089   91897 execute.go:57] Database ping is quick (likely cached), took 93.25µs
I0910 17:38:05.098791   91897 engine.go:216] [projects/emulator/locations/emulator/services/uiuc-cmind 505b] ExecuteMutation mutation UpsertAssignment: succeeded. Connector: default
I0910 17:38:05.098873   91897 execute.go:57] Database ping is quick (likely cached), took 65.291µs
I0910 17:38:05.099447   91897 engine.go:216] [projects/emulator/locations/emulator/services/uiuc-cmind 505b] ExecuteMutation mutation UpsertAssignment: succeeded. Connector: default
I0910 17:38:05.099616   91897 execute.go:57] Database ping is quick (likely cached), took 119.625µs
I0910 17:38:05.100202   91897 engine.go:216] [projects/emulator/locations/emulator/services/uiuc-cmind 505b] ExecuteMutation mutation UpsertAssignment: succeeded. Connector: default
I0910 17:38:05.100315   91897 execute.go:57] Database ping is quick (likely cached), took 93.334µs
I0910 17:38:05.100821   91897 engine.go:216] [projects/emulator/locations/emulator/services/uiuc-cmind 505b] ExecuteMutation mutation UpsertAssignment: succeeded. Connector: default
I0910 17:38:05.100912   91897 execute.go:57] Database ping is quick (likely cached), took 78.083µs
I0910 17:38:05.101338   91897 engine.go:216] [projects/emulator/locations/emulator/services/uiuc-cmind 505b] ExecuteMutation mutation UpsertAssignment: succeeded. Connector: default
I0910 17:38:05.101789   91897 execute.go:57] Database ping is quick (likely cached), took 424.125µs
I0910 17:38:05.102142   91897 engine.go:216] [projects/emulator/locations/emulator/services/uiuc-cmind 505b] ExecuteMutation mutation UpsertAssignment: succeeded. Connector: default
I0910 17:38:05.102223   91897 execute.go:57] Database ping is quick (likely cached), took 62.667µs
I0910 17:38:05.102739   91897 engine.go:216] [projects/emulator/locations/emulator/services/uiuc-cmind 505b] ExecuteMutation mutation UpsertAssignment: succeeded. Connector: default
I0910 17:38:05.102823   91897 execute.go:57] Database ping is quick (likely cached), took 66.083µs
I0910 17:38:05.103323   91897 engine.go:216] [projects/emulator/locations/emulator/services/uiuc-cmind 505b] ExecuteMutation mutation UpsertAssignment: succeeded. Connector: default
I0910 17:38:05.103385   91897 execute.go:57] Database ping is quick (likely cached), took 39.25µs
I0910 17:38:05.103893   91897 engine.go:216] [projects/emulator/locations/emulator/services/uiuc-cmind 505b] ExecuteMutation mutation UpsertAssignment: succeeded. Connector: default
I0910 17:38:05.103991   91897 execute.go:57] Database ping is quick (likely cached), took 82.541µs
I0910 17:38:05.104607   91897 engine.go:216] [projects/emulator/locations/emulator/services/uiuc-cmind 505b] ExecuteMutation mutation UpsertAssignment: succeeded. Connector: default
I0910 17:38:05.104670   91897 execute.go:57] Database ping is quick (likely cached), took 44.958µs
I0910 17:38:05.105264   91897 engine.go:216] [projects/emulator/locations/emulator/services/uiuc-cmind 505b] ExecuteMutation mutation UpsertAssignment: succeeded. Connector: default
I0910 17:38:05.106160   91897 execute.go:57] Database ping is quick (likely cached), took 65.333µs
I0910 17:38:05.106498   91897 engine.go:216] [projects/emulator/locations/emulator/services/uiuc-cmind 505b] ExecuteMutation mutation UpsertUserAssignment: succeeded. Connector: default
I0910 17:38:05.106563   91897 execute.go:57] Database ping is quick (likely cached), took 51.75µs
I0910 17:38:05.107028   91897 engine.go:216] [projects/emulator/locations/emulator/services/uiuc-cmind 505b] ExecuteMutation mutation UpsertAssignment: succeeded. Connector: default
I0910 17:38:05.107103   91897 execute.go:57] Database ping is quick (likely cached), took 62.458µs
I0910 17:38:05.107634   91897 engine.go:216] [projects/emulator/locations/emulator/services/uiuc-cmind 505b] ExecuteMutation mutation UpsertAssignment: succeeded. Connector: default
I0910 17:38:05.108075   91897 execute.go:57] Database ping is quick (likely cached), took 429.75µs
I0910 17:38:05.108380   91897 engine.go:216] [projects/emulator/locations/emulator/services/uiuc-cmind 505b] ExecuteMutation mutation UpsertAssignment: succeeded. Connector: default
I0910 17:38:05.108801   91897 execute.go:57] Database ping is quick (likely cached), took 53.833µs
I0910 17:38:05.109138   91897 engine.go:216] [projects/emulator/locations/emulator/services/uiuc-cmind 505b] ExecuteMutation mutation UpsertUserAssignment: succeeded. Connector: default
I0910 17:38:05.109477   91897 execute.go:57] Database ping is quick (likely cached), took 57.084µs
I0910 17:38:05.109764   91897 engine.go:216] [projects/emulator/locations/emulator/services/uiuc-cmind 505b] ExecuteMutation mutation UpsertUserAssignment: succeeded. Connector: default
I0910 17:38:05.110093   91897 execute.go:57] Database ping is quick (likely cached), took 137.125µs
I0910 17:38:05.110443   91897 engine.go:216] [projects/emulator/locations/emulator/services/uiuc-cmind 505b] ExecuteMutation mutation UpsertUserAssignment: succeeded. Connector: default
I0910 17:38:05.110844   91897 execute.go:57] Database ping is quick (likely cached), took 201.083µs
I0910 17:38:05.111277   91897 engine.go:216] [projects/emulator/locations/emulator/services/uiuc-cmind 505b] ExecuteMutation mutation UpsertUserAssignment: succeeded. Connector: default
I0910 17:38:05.111652   91897 execute.go:57] Database ping is quick (likely cached), took 219.375µs
I0910 17:38:05.112007   91897 engine.go:216] [projects/emulator/locations/emulator/services/uiuc-cmind 505b] ExecuteMutation mutation UpsertUserAssignment: succeeded. Connector: default
I0910 17:38:05.112382   91897 execute.go:57] Database ping is quick (likely cached), took 103.625µs
I0910 17:38:05.112684   91897 engine.go:216] [projects/emulator/locations/emulator/services/uiuc-cmind 505b] ExecuteMutation mutation UpsertUserAssignment: succeeded. Connector: default
I0910 17:38:05.113081   91897 execute.go:57] Database ping is quick (likely cached), took 129.833µs
I0910 17:38:05.113437   91897 engine.go:216] [projects/emulator/locations/emulator/services/uiuc-cmind 505b] ExecuteMutation mutation UpsertUserAssignment: succeeded. Connector: default
I0910 17:38:05.113886   91897 execute.go:57] Database ping is quick (likely cached), took 290.416µs
I0910 17:38:05.114197   91897 engine.go:216] [projects/emulator/locations/emulator/services/uiuc-cmind 505b] ExecuteMutation mutation UpsertUserAssignment: succeeded. Connector: default
I0910 17:38:05.114722   91897 execute.go:57] Database ping is quick (likely cached), took 187.167µs
I0910 17:38:05.115043   91897 engine.go:216] [projects/emulator/locations/emulator/services/uiuc-cmind 505b] ExecuteMutation mutation UpsertUserAssignment: succeeded. Connector: default
I0910 17:38:05.115476   91897 execute.go:57] Database ping is quick (likely cached), took 89.833µs
I0910 17:38:05.116017   91897 engine.go:216] [projects/emulator/locations/emulator/services/uiuc-cmind 505b] ExecuteMutation mutation UpsertUserAssignment: succeeded. Connector: default
I0910 17:38:05.116460   91897 execute.go:57] Database ping is quick (likely cached), took 267.708µs
I0910 17:38:05.116765   91897 engine.go:216] [projects/emulator/locations/emulator/services/uiuc-cmind 505b] ExecuteMutation mutation UpsertUserAssignment: succeeded. Connector: default
I0910 17:38:05.117095   91897 execute.go:57] Database ping is quick (likely cached), took 173.291µs
I0910 17:38:05.117406   91897 engine.go:216] [projects/emulator/locations/emulator/services/uiuc-cmind 505b] ExecuteMutation mutation UpsertUserAssignment: succeeded. Connector: default
I0910 17:38:05.118198   91897 execute.go:57] Database ping is quick (likely cached), took 158.666µs
I0910 17:38:05.118673   91897 engine.go:216] [projects/emulator/locations/emulator/services/uiuc-cmind 505b] ExecuteMutation mutation UpsertUserAssignment: succeeded. Connector: default
I0910 17:38:05.118866   91897 execute.go:57] Database ping is quick (likely cached), took 57.209µs
I0910 17:38:05.119151   91897 engine.go:216] [projects/emulator/locations/emulator/services/uiuc-cmind 505b] ExecuteMutation mutation UpsertUserAssignment: succeeded. Connector: default
I0910 17:38:05.119334   91897 execute.go:57] Database ping is quick (likely cached), took 58.25µs
I0910 17:38:05.119594   91897 engine.go:216] [projects/emulator/locations/emulator/services/uiuc-cmind 505b] ExecuteMutation mutation UpsertUserAssignment: succeeded. Connector: default
I0910 17:38:05.119761   91897 execute.go:57] Database ping is quick (likely cached), took 49.958µs
I0910 17:38:05.120040   91897 engine.go:216] [projects/emulator/locations/emulator/services/uiuc-cmind 505b] ExecuteMutation mutation UpsertUserAssignment: succeeded. Connector: default
I0910 17:38:05.121285   91897 execute.go:57] Database ping is quick (likely cached), took 56µs
I0910 17:38:05.121614   91897 engine.go:216] [projects/emulator/locations/emulator/services/uiuc-cmind 505b] ExecuteMutation mutation UpsertUserAssignment: succeeded. Connector: default
I0910 17:38:05.121840   91897 execute.go:57] Database ping is quick (likely cached), took 75.917µs
I0910 17:38:05.122146   91897 engine.go:216] [projects/emulator/locations/emulator/services/uiuc-cmind 505b] ExecuteMutation mutation UpsertUserAssignment: succeeded. Connector: default
I0910 17:38:05.122322   91897 execute.go:57] Database ping is quick (likely cached), took 54.917µs
I0910 17:38:05.122579   91897 engine.go:216] [projects/emulator/locations/emulator/services/uiuc-cmind 505b] ExecuteMutation mutation UpsertUserAssignment: succeeded. Connector: default
I0910 17:38:05.122778   91897 execute.go:57] Database ping is quick (likely cached), took 71.458µs
I0910 17:38:05.123049   91897 engine.go:216] [projects/emulator/locations/emulator/services/uiuc-cmind 505b] ExecuteMutation mutation UpsertUserAssignment: succeeded. Connector: default
I0910 17:38:05.123208   91897 execute.go:57] Database ping is quick (likely cached), took 41.209µs
I0910 17:38:05.123590   91897 engine.go:216] [projects/emulator/locations/emulator/services/uiuc-cmind 505b] ExecuteMutation mutation UpsertUserAssignment: succeeded. Connector: default
I0910 17:38:05.123807   91897 execute.go:57] Database ping is quick (likely cached), took 89µs
I0910 17:38:05.124480   91897 engine.go:216] [projects/emulator/locations/emulator/services/uiuc-cmind 505b] ExecuteMutation mutation UpsertUserAssignment: succeeded. Connector: default
I0910 17:38:05.124828   91897 execute.go:57] Database ping is quick (likely cached), took 114.791µs
I0910 17:38:05.125174   91897 engine.go:216] [projects/emulator/locations/emulator/services/uiuc-cmind 505b] ExecuteMutation mutation UpsertUserAssignment: succeeded. Connector: default
I0910 17:38:05.125438   91897 execute.go:57] Database ping is quick (likely cached), took 140.458µs
I0910 17:38:05.125806   91897 engine.go:216] [projects/emulator/locations/emulator/services/uiuc-cmind 505b] ExecuteMutation mutation UpsertUserAssignment: succeeded. Connector: default
I0910 17:38:05.126162   91897 execute.go:57] Database ping is quick (likely cached), took 103.667µs
I0910 17:38:05.126502   91897 engine.go:216] [projects/emulator/locations/emulator/services/uiuc-cmind 505b] ExecuteMutation mutation UpsertUserAssignment: succeeded. Connector: default
I0910 17:38:05.126940   91897 execute.go:57] Database ping is quick (likely cached), took 255.167µs
I0910 17:38:05.127338   91897 engine.go:216] [projects/emulator/locations/emulator/services/uiuc-cmind 505b] ExecuteMutation mutation UpsertUserAssignment: succeeded. Connector: default
I0910 17:38:05.127963   91897 execute.go:57] Database ping is quick (likely cached), took 236.75µs
I0910 17:38:05.128567   91897 engine.go:216] [projects/emulator/locations/emulator/services/uiuc-cmind 505b] ExecuteMutation mutation UpsertUserAssignment: succeeded. Connector: default
I0910 17:38:05.128780   91897 execute.go:57] Database ping is quick (likely cached), took 54.083µs
I0910 17:38:05.129267   91897 engine.go:216] [projects/emulator/locations/emulator/services/uiuc-cmind 505b] ExecuteMutation mutation UpsertUserAssignment: succeeded. Connector: default
I0910 17:38:05.129502   91897 execute.go:57] Database ping is quick (likely cached), took 106.125µs
I0910 17:38:05.129881   91897 engine.go:216] [projects/emulator/locations/emulator/services/uiuc-cmind 505b] ExecuteMutation mutation UpsertUserAssignment: succeeded. Connector: default
I0910 17:38:05.130198   91897 execute.go:57] Database ping is quick (likely cached), took 76.083µs
I0910 17:38:05.130551   91897 engine.go:216] [projects/emulator/locations/emulator/services/uiuc-cmind 505b] ExecuteMutation mutation UpsertUserAssignment: succeeded. Connector: default
I0910 17:38:05.130870   91897 execute.go:57] Database ping is quick (likely cached), took 109.75µs
I0910 17:38:05.131208   91897 engine.go:216] [projects/emulator/locations/emulator/services/uiuc-cmind 505b] ExecuteMutation mutation UpsertUserAssignment: succeeded. Connector: default
I0910 17:38:05.131575   91897 execute.go:57] Database ping is quick (likely cached), took 168.458µs
I0910 17:38:05.131872   91897 engine.go:216] [projects/emulator/locations/emulator/services/uiuc-cmind 505b] ExecuteMutation mutation UpsertUserAssignment: succeeded. Connector: default
I0910 17:38:05.132155   91897 execute.go:57] Database ping is quick (likely cached), took 151.166µs
I0910 17:38:05.132463   91897 engine.go:216] [projects/emulator/locations/emulator/services/uiuc-cmind 505b] ExecuteMutation mutation UpsertUserAssignment: succeeded. Connector: default
I0910 17:38:05.132831   91897 execute.go:57] Database ping is quick (likely cached), took 71.208µs
I0910 17:38:05.133082   91897 engine.go:216] [projects/emulator/locations/emulator/services/uiuc-cmind 505b] ExecuteMutation mutation UpsertUserAssignment: succeeded. Connector: default
I0910 17:38:05.133308   91897 execute.go:57] Database ping is quick (likely cached), took 91.834µs
I0910 17:38:05.133773   91897 engine.go:216] [projects/emulator/locations/emulator/services/uiuc-cmind 505b] ExecuteMutation mutation UpsertUserAssignment: succeeded. Connector: default
I0910 17:38:05.134191   91897 execute.go:57] Database ping is quick (likely cached), took 213.875µs
I0910 17:38:05.134506   91897 engine.go:216] [projects/emulator/locations/emulator/services/uiuc-cmind 505b] ExecuteMutation mutation UpsertUserAssignment: succeeded. Connector: default
I0910 17:38:05.134864   91897 execute.go:57] Database ping is quick (likely cached), took 61.334µs
I0910 17:38:05.135161   91897 engine.go:216] [projects/emulator/locations/emulator/services/uiuc-cmind 505b] ExecuteMutation mutation UpsertUserAssignment: succeeded. Connector: default
I0910 17:38:05.135499   91897 execute.go:57] Database ping is quick (likely cached), took 62.541µs
I0910 17:38:05.135782   91897 engine.go:216] [projects/emulator/locations/emulator/services/uiuc-cmind 505b] ExecuteMutation mutation UpsertUserAssignment: succeeded. Connector: default
I0910 17:38:05.136111   91897 execute.go:57] Database ping is quick (likely cached), took 46.708µs
I0910 17:38:05.136374   91897 engine.go:216] [projects/emulator/locations/emulator/services/uiuc-cmind 505b] ExecuteMutation mutation UpsertUserAssignment: succeeded. Connector: default
I0910 17:38:05.136705   91897 execute.go:57] Database ping is quick (likely cached), took 151.541µs
I0910 17:38:05.137701   91897 engine.go:216] [projects/emulator/locations/emulator/services/uiuc-cmind 505b] ExecuteMutation mutation UpsertUserAssignment: succeeded. Connector: default
I0910 17:38:05.138003   91897 execute.go:57] Database ping is quick (likely cached), took 57.916µs
I0910 17:38:05.138304   91897 engine.go:216] [projects/emulator/locations/emulator/services/uiuc-cmind 505b] ExecuteMutation mutation UpsertUserAssignment: succeeded. Connector: default
I0910 17:38:05.138519   91897 execute.go:57] Database ping is quick (likely cached), took 58.333µs
I0910 17:38:05.138779   91897 engine.go:216] [projects/emulator/locations/emulator/services/uiuc-cmind 505b] ExecuteMutation mutation UpsertUserAssignment: succeeded. Connector: default
I0910 17:38:05.138962   91897 execute.go:57] Database ping is quick (likely cached), took 49.667µs
I0910 17:38:05.139249   91897 engine.go:216] [projects/emulator/locations/emulator/services/uiuc-cmind 505b] ExecuteMutation mutation UpsertUserAssignment: succeeded. Connector: default
I0910 17:38:05.139435   91897 execute.go:57] Database ping is quick (likely cached), took 53.875µs
I0910 17:38:05.139725   91897 engine.go:216] [projects/emulator/locations/emulator/services/uiuc-cmind 505b] ExecuteMutation mutation UpsertUserAssignment: succeeded. Connector: default
I0910 17:38:05.139897   91897 execute.go:57] Database ping is quick (likely cached), took 50.917µs
I0910 17:38:05.140176   91897 engine.go:216] [projects/emulator/locations/emulator/services/uiuc-cmind 505b] ExecuteMutation mutation UpsertUserAssignment: succeeded. Connector: default
I0910 17:38:05.140338   91897 execute.go:57] Database ping is quick (likely cached), took 43.458µs
I0910 17:38:05.140601   91897 engine.go:216] [projects/emulator/locations/emulator/services/uiuc-cmind 505b] ExecuteMutation mutation UpsertUserAssignment: succeeded. Connector: default
I0910 17:38:05.140800   91897 execute.go:57] Database ping is quick (likely cached), took 65.083µs
I0910 17:38:05.141236   91897 engine.go:216] [projects/emulator/locations/emulator/services/uiuc-cmind 505b] ExecuteMutation mutation UpsertUserAssignment: succeeded. Connector: default
I0910 17:38:05.141627   91897 execute.go:57] Database ping is quick (likely cached), took 268.042µs
I0910 17:38:05.141911   91897 engine.go:216] [projects/emulator/locations/emulator/services/uiuc-cmind 505b] ExecuteMutation mutation UpsertUserAssignment: succeeded. Connector: default
I0910 17:38:05.142211   91897 execute.go:57] Database ping is quick (likely cached), took 111.583µs
I0910 17:38:05.142599   91897 engine.go:216] [projects/emulator/locations/emulator/services/uiuc-cmind 505b] ExecuteMutation mutation UpsertUserAssignment: succeeded. Connector: default
I0910 17:38:05.142947   91897 execute.go:57] Database ping is quick (likely cached), took 52.167µs
I0910 17:38:05.143203   91897 engine.go:216] [projects/emulator/locations/emulator/services/uiuc-cmind 505b] ExecuteMutation mutation UpsertUserAssignment: succeeded. Connector: default
I0910 17:38:05.143585   91897 execute.go:57] Database ping is quick (likely cached), took 55.125µs
I0910 17:38:05.143852   91897 engine.go:216] [projects/emulator/locations/emulator/services/uiuc-cmind 505b] ExecuteMutation mutation UpsertUserAssignment: succeeded. Connector: default
I0910 17:38:05.144214   91897 execute.go:57] Database ping is quick (likely cached), took 67.792µs
I0910 17:38:05.144466   91897 engine.go:216] [projects/emulator/locations/emulator/services/uiuc-cmind 505b] ExecuteMutation mutation UpsertUserAssignment: succeeded. Connector: default
I0910 17:38:05.145831   91897 execute.go:57] Database ping is quick (likely cached), took 198.875µs
I0910 17:38:05.146119   91897 engine.go:216] [projects/emulator/locations/emulator/services/uiuc-cmind 505b] ExecuteMutation mutation UpsertUserAssignment: succeeded. Connector: default
I0910 17:38:05.146434   91897 execute.go:57] Database ping is quick (likely cached), took 117.541µs
I0910 17:38:05.146693   91897 engine.go:216] [projects/emulator/locations/emulator/services/uiuc-cmind 505b] ExecuteMutation mutation UpsertUserAssignment: succeeded. Connector: default
I0910 17:38:05.147119   91897 execute.go:57] Database ping is quick (likely cached), took 51.875µs
I0910 17:38:05.147377   91897 engine.go:216] [projects/emulator/locations/emulator/services/uiuc-cmind 505b] ExecuteMutation mutation UpsertUserAssignment: succeeded. Connector: default
I0910 17:38:05.147643   91897 execute.go:57] Database ping is quick (likely cached), took 116µs
I0910 17:38:05.147985   91897 engine.go:216] [projects/emulator/locations/emulator/services/uiuc-cmind 505b] ExecuteMutation mutation UpsertUserAssignment: succeeded. Connector: default
I0910 17:38:05.148351   91897 execute.go:57] Database ping is quick (likely cached), took 58.417µs
I0910 17:38:05.148638   91897 engine.go:216] [projects/emulator/locations/emulator/services/uiuc-cmind 505b] ExecuteMutation mutation UpsertUserAssignment: succeeded. Connector: default
I0910 17:38:05.148969   91897 execute.go:57] Database ping is quick (likely cached), took 208.542µs
I0910 17:38:05.149366   91897 engine.go:216] [projects/emulator/locations/emulator/services/uiuc-cmind 505b] ExecuteMutation mutation UpsertUserAssignment: succeeded. Connector: default
I0910 17:38:05.149702   91897 execute.go:57] Database ping is quick (likely cached), took 192.417µs
I0910 17:38:05.149960   91897 engine.go:216] [projects/emulator/locations/emulator/services/uiuc-cmind 505b] ExecuteMutation mutation UpsertUserAssignment: succeeded. Connector: default
I0910 17:38:05.150280   91897 execute.go:57] Database ping is quick (likely cached), took 64µs
I0910 17:38:05.150514   91897 engine.go:216] [projects/emulator/locations/emulator/services/uiuc-cmind 505b] ExecuteMutation mutation UpsertUserAssignment: succeeded. Connector: default
I0910 17:38:05.150826   91897 execute.go:57] Database ping is quick (likely cached), took 137.083µs
I0910 17:38:05.151076   91897 engine.go:216] [projects/emulator/locations/emulator/services/uiuc-cmind 505b] ExecuteMutation mutation UpsertUserAssignment: succeeded. Connector: default
I0910 17:38:05.151442   91897 execute.go:57] Database ping is quick (likely cached), took 222.542µs
I0910 17:38:05.151754   91897 engine.go:216] [projects/emulator/locations/emulator/services/uiuc-cmind 505b] ExecuteMutation mutation UpsertUserAssignment: succeeded. Connector: default
I0910 17:38:05.152119   91897 execute.go:57] Database ping is quick (likely cached), took 186.625µs
I0910 17:38:05.152395   91897 engine.go:216] [projects/emulator/locations/emulator/services/uiuc-cmind 505b] ExecuteMutation mutation UpsertUserAssignment: succeeded. Connector: default
I0910 17:38:05.152736   91897 execute.go:57] Database ping is quick (likely cached), took 131.25µs
I0910 17:38:05.153058   91897 engine.go:216] [projects/emulator/locations/emulator/services/uiuc-cmind 505b] ExecuteMutation mutation UpsertUserAssignment: succeeded. Connector: default
I0910 17:38:05.153361   91897 execute.go:57] Database ping is quick (likely cached), took 167.791µs
I0910 17:38:05.153653   91897 engine.go:216] [projects/emulator/locations/emulator/services/uiuc-cmind 505b] ExecuteMutation mutation UpsertUserAssignment: succeeded. Connector: default
I0910 17:38:05.153969   91897 execute.go:57] Database ping is quick (likely cached), took 73.416µs
I0910 17:38:05.154270   91897 engine.go:216] [projects/emulator/locations/emulator/services/uiuc-cmind 505b] ExecuteMutation mutation UpsertUserAssignment: succeeded. Connector: default
I0910 17:38:05.154891   91897 execute.go:57] Database ping is quick (likely cached), took 71.292µs
I0910 17:38:05.155365   91897 engine.go:216] [projects/emulator/locations/emulator/services/uiuc-cmind 505b] ExecuteMutation mutation UpsertUserAssignment: succeeded. Connector: default
I0910 17:38:05.155548   91897 execute.go:57] Database ping is quick (likely cached), took 43.25µs
I0910 17:38:05.155807   91897 engine.go:216] [projects/emulator/locations/emulator/services/uiuc-cmind 505b] ExecuteMutation mutation UpsertUserAssignment: succeeded. Connector: default
I0910 17:38:05.155998   91897 execute.go:57] Database ping is quick (likely cached), took 59.958µs
I0910 17:38:05.156245   91897 engine.go:216] [projects/emulator/locations/emulator/services/uiuc-cmind 505b] ExecuteMutation mutation UpsertUserAssignment: succeeded. Connector: default
I0910 17:38:05.156419   91897 execute.go:57] Database ping is quick (likely cached), took 52.417µs
I0910 17:38:05.156803   91897 engine.go:216] [projects/emulator/locations/emulator/services/uiuc-cmind 505b] ExecuteMutation mutation UpsertUserAssignment: succeeded. Connector: default
I0910 17:38:05.157590   91897 execute.go:57] Database ping is quick (likely cached), took 67.917µs
I0910 17:38:05.157886   91897 engine.go:216] [projects/emulator/locations/emulator/services/uiuc-cmind 505b] ExecuteMutation mutation UpsertUserAssignment: succeeded. Connector: default
I0910 17:38:05.158242   91897 execute.go:57] Database ping is quick (likely cached), took 139.791µs
I0910 17:38:05.158551   91897 engine.go:216] [projects/emulator/locations/emulator/services/uiuc-cmind 505b] ExecuteMutation mutation UpsertUserAssignment: succeeded. Connector: default
I0910 17:38:05.158906   91897 execute.go:57] Database ping is quick (likely cached), took 77.625µs
I0910 17:38:05.159181   91897 engine.go:216] [projects/emulator/locations/emulator/services/uiuc-cmind 505b] ExecuteMutation mutation UpsertUserAssignment: succeeded. Connector: default
I0910 17:38:05.159467   91897 execute.go:57] Database ping is quick (likely cached), took 100.25µs
I0910 17:38:05.159765   91897 engine.go:216] [projects/emulator/locations/emulator/services/uiuc-cmind 505b] ExecuteMutation mutation UpsertUserAssignment: succeeded. Connector: default
I0910 17:38:05.160071   91897 execute.go:57] Database ping is quick (likely cached), took 71.916µs
I0910 17:38:05.160355   91897 engine.go:216] [projects/emulator/locations/emulator/services/uiuc-cmind 505b] ExecuteMutation mutation UpsertUserAssignment: succeeded. Connector: default
I0910 17:38:05.160637   91897 execute.go:57] Database ping is quick (likely cached), took 157.708µs
I0910 17:38:05.161028   91897 engine.go:216] [projects/emulator/locations/emulator/services/uiuc-cmind 505b] ExecuteMutation mutation UpsertUserAssignment: succeeded. Connector: default
I0910 17:38:05.161355   91897 execute.go:57] Database ping is quick (likely cached), took 68.166µs
I0910 17:38:05.161591   91897 engine.go:216] [projects/emulator/locations/emulator/services/uiuc-cmind 505b] ExecuteMutation mutation UpsertUserAssignment: succeeded. Connector: default
I0910 17:38:05.161912   91897 execute.go:57] Database ping is quick (likely cached), took 166.166µs
I0910 17:38:05.162158   91897 engine.go:216] [projects/emulator/locations/emulator/services/uiuc-cmind 505b] ExecuteMutation mutation UpsertUserAssignment: succeeded. Connector: default
I0910 17:38:05.162956   91897 execute.go:57] Database ping is quick (likely cached), took 103.208µs
I0910 17:38:05.163302   91897 engine.go:216] [projects/emulator/locations/emulator/services/uiuc-cmind 505b] ExecuteMutation mutation UpsertUserAssignment: succeeded. Connector: default
I0910 17:38:05.163735   91897 execute.go:57] Database ping is quick (likely cached), took 110.792µs
I0910 17:38:05.164017   91897 engine.go:216] [projects/emulator/locations/emulator/services/uiuc-cmind 505b] ExecuteMutation mutation UpsertUserAssignment: succeeded. Connector: default
I0910 17:38:05.164369   91897 execute.go:57] Database ping is quick (likely cached), took 48.458µs
I0910 17:38:05.164667   91897 engine.go:216] [projects/emulator/locations/emulator/services/uiuc-cmind 505b] ExecuteMutation mutation UpsertUserAssignment: succeeded. Connector: default
I0910 17:38:05.165049   91897 execute.go:57] Database ping is quick (likely cached), took 255.208µs
I0910 17:38:05.165389   91897 engine.go:216] [projects/emulator/locations/emulator/services/uiuc-cmind 505b] ExecuteMutation mutation UpsertUserAssignment: succeeded. Connector: default
I0910 17:38:05.165753   91897 execute.go:57] Database ping is quick (likely cached), took 140.291µs
I0910 17:38:05.166060   91897 engine.go:216] [projects/emulator/locations/emulator/services/uiuc-cmind 505b] ExecuteMutation mutation UpsertUserAssignment: succeeded. Connector: default
I0910 17:38:05.166360   91897 execute.go:57] Database ping is quick (likely cached), took 85.584µs
I0910 17:38:05.166670   91897 engine.go:216] [projects/emulator/locations/emulator/services/uiuc-cmind 505b] ExecuteMutation mutation UpsertUserAssignment: succeeded. Connector: default
I0910 17:38:05.166955   91897 execute.go:57] Database ping is quick (likely cached), took 122.291µs
I0910 17:38:05.167407   91897 engine.go:216] [projects/emulator/locations/emulator/services/uiuc-cmind 505b] ExecuteMutation mutation UpsertUserAssignment: succeeded. Connector: default
I0910 17:38:05.167724   91897 execute.go:57] Database ping is quick (likely cached), took 86.958µs
I0910 17:38:05.168033   91897 engine.go:216] [projects/emulator/locations/emulator/services/uiuc-cmind 505b] ExecuteMutation mutation UpsertUserAssignment: succeeded. Connector: default
I0910 17:38:05.168258   91897 execute.go:57] Database ping is quick (likely cached), took 88.291µs
I0910 17:38:05.168665   91897 engine.go:216] [projects/emulator/locations/emulator/services/uiuc-cmind 505b] ExecuteMutation mutation UpsertUserAssignment: succeeded. Connector: default
I0910 17:38:05.168957   91897 execute.go:57] Database ping is quick (likely cached), took 69.208µs
I0910 17:38:05.169224   91897 engine.go:216] [projects/emulator/locations/emulator/services/uiuc-cmind 505b] ExecuteMutation mutation UpsertUserAssignment: succeeded. Connector: default
I0910 17:38:05.169473   91897 execute.go:57] Database ping is quick (likely cached), took 78.458µs
I0910 17:38:05.169765   91897 engine.go:216] [projects/emulator/locations/emulator/services/uiuc-cmind 505b] ExecuteMutation mutation UpsertUserAssignment: succeeded. Connector: default
I0910 17:38:05.169973   91897 execute.go:57] Database ping is quick (likely cached), took 92.542µs
I0910 17:38:05.170278   91897 engine.go:216] [projects/emulator/locations/emulator/services/uiuc-cmind 505b] ExecuteMutation mutation UpsertUserAssignment: succeeded. Connector: default
I0910 17:38:05.170568   91897 execute.go:57] Database ping is quick (likely cached), took 58.333µs
I0910 17:38:05.170813   91897 engine.go:216] [projects/emulator/locations/emulator/services/uiuc-cmind 505b] ExecuteMutation mutation UpsertUserAssignment: succeeded. Connector: default
I0910 17:38:53.441849   91897 execute.go:57] Database ping is quick (likely cached), took 10.321916ms
I0910 17:38:53.449001   91897 engine.go:216] [projects/emulator/locations/emulator/services/uiuc-cmind 505b] ExecuteQuery query GetUser: succeeded. Connector: default
I0910 17:38:53.449586   91897 execute.go:57] Database ping is quick (likely cached), took 116.125µs
I0910 17:38:53.451076   91897 engine.go:216] [projects/emulator/locations/emulator/services/uiuc-cmind 505b] ExecuteQuery query GetUser: succeeded. Connector: default
I0910 17:38:53.453972   91897 execute.go:57] Database ping is quick (likely cached), took 340.208µs
I0910 17:38:53.461108   91897 engine.go:216] [projects/emulator/locations/emulator/services/uiuc-cmind 505b] ExecuteQuery query MyAssignments: succeeded. Connector: default
I0910 17:38:53.461525   91897 execute.go:57] Database ping is quick (likely cached), took 143.041µs
I0910 17:38:53.465995   91897 engine.go:216] [projects/emulator/locations/emulator/services/uiuc-cmind 505b] ExecuteQuery query MyAssignments: succeeded. Connector: default
I0910 17:43:27.284079   91897 load.go:31] Reloading schema and connectors...
I0910 17:43:27.360883   91897 migrate.go:24] Running migration SQL:
Step 1: ALTER TABLE "public"."user" DROP COLUMN "canvas_token", DROP COLUMN "prairie_learn_token", ADD COLUMN "course_configs" text NULL
W0910 17:43:27.401786   91897 control.go:74] [projects/emulator/locations/emulator/services/uiuc-cmind cc7e] connector "default" has errors: connector/queries.gql:5:5: Cannot query field "canvasToken" on type "User".
connector/queries.gql:6:5: Cannot query field "prairieLearnToken" on type "User".

sources: connector/mutations.gql [1092B] connector/queries.gql [520B] 
I0910 17:43:27.401851   91897 control.go:100] [projects/emulator/locations/emulator/services/uiuc-cmind cc7e] UpdateResources(): done
Main schema: sources: schema/schema.gql [552B] 
Connector "default": sources: connector/mutations.gql [1092B] connector/queries.gql [520B] 
E0910 17:43:27.402706   91897 load.go:73] Could not load sources: 
Errors: connector/queries.gql:5:5: Cannot query field "canvasToken" on type "User".
connector/queries.gql:6:5: Cannot query field "prairieLearnToken" on type "User".
I0910 17:43:27.406207   91897 collector.go:107] schema extensions wrote into "/Users/stevew/Documents/uiuc_collective_mind/web/dataconnect/.dataconnect/schema"
Generated sources: main/query.gql [6099B] prelude.gql [84995B] main/mutation.gql [16725B] main/implicit.gql [1359B] main/input.gql [32173B] main/relation.gql [16819B] 
I0910 17:43:27.407520   91897 load.go:74] Finished reloading
I0910 17:43:47.281458   91897 load.go:31] Reloading schema and connectors...
I0910 17:43:47.319603   91897 control.go:100] [projects/emulator/locations/emulator/services/uiuc-cmind 5d66] UpdateResources(): done
Main schema: sources: schema/schema.gql [552B] 
Connector "default": sources: connector/mutations.gql [1092B] connector/queries.gql [500B] 
I0910 17:43:47.329257   91897 codegen.go:101] [connector "default" javascriptSdk] Generating sources into "/Users/stevew/Documents/uiuc_collective_mind/web/src/lib/dataconnect"
I0910 17:43:47.336370   91897 collector.go:107] schema extensions wrote into "/Users/stevew/Documents/uiuc_collective_mind/web/dataconnect/.dataconnect/schema"
Generated sources: main/implicit.gql [1359B] main/input.gql [32173B] main/relation.gql [16819B] main/query.gql [6099B] main/mutation.gql [16725B] prelude.gql [84995B] 
I0910 17:43:47.337458   91897 collector.go:107] connector "default" javascriptSdk wrote into "/Users/stevew/Documents/uiuc_collective_mind/web/src/lib/dataconnect"
Generated sources: esm/package.json [17B] index.cjs.js [5034B] package.json [616B] README.md [37433B] .guides/usage.md [1608B] .guides/setup.md [585B] .guides/config.json [236B] index.d.ts [7472B] esm/index.esm.js [4549B] 
I0910 17:43:47.337463   91897 installsdk.go:138] generate.javascriptSdk.packageJsonDir is not specified, skipping automatic installation of package
I0910 17:43:47.337466   91897 load.go:109] Finished reloading
I0910 17:45:44.004840   91897 execute.go:57] Database ping is quick (likely cached), took 6.755417ms
I0910 17:45:44.018118   91897 engine.go:216] [projects/emulator/locations/emulator/services/uiuc-cmind 5d66] ExecuteQuery query GetUser: succeeded. Connector: default
I0910 17:45:44.019432   91897 execute.go:57] Database ping is quick (likely cached), took 227.791µs
I0910 17:45:44.020396   91897 engine.go:216] [projects/emulator/locations/emulator/services/uiuc-cmind 5d66] ExecuteQuery query GetUser: succeeded. Connector: default
I0910 17:45:44.023355   91897 execute.go:57] Database ping is quick (likely cached), took 218.5µs
I0910 17:45:44.024275   91897 engine.go:216] [projects/emulator/locations/emulator/services/uiuc-cmind 5d66] ExecuteQuery query GetUser: succeeded. Connector: default
I0910 17:45:44.029782   91897 execute.go:57] Database ping is quick (likely cached), took 190.125µs
I0910 17:45:44.032184   91897 engine.go:216] [projects/emulator/locations/emulator/services/uiuc-cmind 5d66] ExecuteQuery query GetUser: succeeded. Connector: default
I0910 17:45:44.053141   91897 execute.go:57] Database ping is quick (likely cached), took 184.792µs
I0910 17:45:44.057370   91897 engine.go:216] [projects/emulator/locations/emulator/services/uiuc-cmind 5d66] ExecuteQuery query MyAssignments: succeeded. Connector: default
I0910 17:45:44.057881   91897 execute.go:57] Database ping is quick (likely cached), took 204.625µs
I0910 17:45:44.060660   91897 engine.go:216] [projects/emulator/locations/emulator/services/uiuc-cmind 5d66] ExecuteQuery query MyAssignments: succeeded. Connector: default
I0910 17:46:19.642699   91897 execute.go:57] Database ping is quick (likely cached), took 8.377833ms
I0910 17:46:19.654562   91897 engine.go:216] [projects/emulator/locations/emulator/services/uiuc-cmind 5d66] ExecuteQuery query GetUser: succeeded. Connector: default
I0910 17:46:19.657471   91897 execute.go:57] Database ping is quick (likely cached), took 1.984792ms
I0910 17:46:19.658739   91897 engine.go:216] [projects/emulator/locations/emulator/services/uiuc-cmind 5d66] ExecuteQuery query GetUser: succeeded. Connector: default
I0910 17:46:19.659742   91897 execute.go:57] Database ping is quick (likely cached), took 199.75µs
I0910 17:46:19.660384   91897 engine.go:216] [projects/emulator/locations/emulator/services/uiuc-cmind 5d66] ExecuteQuery query GetUser: succeeded. Connector: default
I0910 17:46:19.661045   91897 execute.go:57] Database ping is quick (likely cached), took 171.666µs
I0910 17:46:19.661649   91897 engine.go:216] [projects/emulator/locations/emulator/services/uiuc-cmind 5d66] ExecuteQuery query GetUser: succeeded. Connector: default
I0910 17:46:19.662832   91897 execute.go:57] Database ping is quick (likely cached), took 197.041µs
I0910 17:46:19.666860   91897 engine.go:216] [projects/emulator/locations/emulator/services/uiuc-cmind 5d66] ExecuteQuery query MyAssignments: succeeded. Connector: default
I0910 17:46:19.667273   91897 execute.go:57] Database ping is quick (likely cached), took 162.792µs
I0910 17:46:19.670315   91897 engine.go:216] [projects/emulator/locations/emulator/services/uiuc-cmind 5d66] ExecuteQuery query MyAssignments: succeeded. Connector: default
I0910 17:46:45.780417   91897 execute.go:57] Database ping is quick (likely cached), took 3.591625ms
I0910 17:46:45.786212   91897 engine.go:216] [projects/emulator/locations/emulator/services/uiuc-cmind 5d66] ExecuteMutation mutation UpsertUser: succeeded. Connector: default
I0910 17:46:47.552852   91897 execute.go:57] Database ping is quick (likely cached), took 583.667µs
I0910 17:46:47.555064   91897 engine.go:216] [projects/emulator/locations/emulator/services/uiuc-cmind 5d66] ExecuteQuery query GetUser: succeeded. Connector: default
I0910 17:46:47.555800   91897 execute.go:57] Database ping is quick (likely cached), took 215.459µs
I0910 17:46:47.557667   91897 engine.go:216] [projects/emulator/locations/emulator/services/uiuc-cmind 5d66] ExecuteQuery query GetUser: succeeded. Connector: default
I0910 17:46:47.559428   91897 execute.go:57] Database ping is quick (likely cached), took 880.625µs
I0910 17:46:47.560054   91897 engine.go:216] [projects/emulator/locations/emulator/services/uiuc-cmind 5d66] ExecuteQuery query GetUser: succeeded. Connector: default
I0910 17:46:47.560679   91897 execute.go:57] Database ping is quick (likely cached), took 125.5µs
I0910 17:46:47.561172   91897 engine.go:216] [projects/emulator/locations/emulator/services/uiuc-cmind 5d66] ExecuteQuery query GetUser: succeeded. Connector: default
I0910 17:46:47.561635   91897 execute.go:57] Database ping is quick (likely cached), took 192.709µs
I0910 17:46:47.569550   91897 engine.go:216] [projects/emulator/locations/emulator/services/uiuc-cmind 5d66] ExecuteQuery query MyAssignments: succeeded. Connector: default
I0910 17:46:47.572579   91897 execute.go:57] Database ping is quick (likely cached), took 298.583µs
I0910 17:46:47.575617   91897 engine.go:216] [projects/emulator/locations/emulator/services/uiuc-cmind 5d66] ExecuteQuery query MyAssignments: succeeded. Connector: default
I0910 17:48:32.477415   91897 execute.go:57] Database ping is quick (likely cached), took 4.822ms
I0910 17:48:32.484452   91897 engine.go:216] [projects/emulator/locations/emulator/services/uiuc-cmind 5d66] ExecuteQuery query GetUser: succeeded. Connector: default
I0910 17:48:32.485970   91897 execute.go:57] Database ping is quick (likely cached), took 396.917µs
I0910 17:48:32.487010   91897 engine.go:216] [projects/emulator/locations/emulator/services/uiuc-cmind 5d66] ExecuteQuery query GetUser: succeeded. Connector: default
I0910 17:48:32.489208   91897 execute.go:57] Database ping is quick (likely cached), took 880.583µs
I0910 17:48:32.490541   91897 engine.go:216] [projects/emulator/locations/emulator/services/uiuc-cmind 5d66] ExecuteQuery query GetUser: succeeded. Connector: default
I0910 17:48:32.491168   91897 execute.go:57] Database ping is quick (likely cached), took 204.666µs
I0910 17:48:32.494318   91897 engine.go:216] [projects/emulator/locations/emulator/services/uiuc-cmind 5d66] ExecuteQuery query GetUser: succeeded. Connector: default
I0910 17:48:32.494781   91897 execute.go:57] Database ping is quick (likely cached), took 139µs
I0910 17:48:32.498431   91897 engine.go:216] [projects/emulator/locations/emulator/services/uiuc-cmind 5d66] ExecuteQuery query MyAssignments: succeeded. Connector: default
I0910 17:48:32.498855   91897 execute.go:57] Database ping is quick (likely cached), took 140.333µs
I0910 17:48:32.501464   91897 engine.go:216] [projects/emulator/locations/emulator/services/uiuc-cmind 5d66] ExecuteQuery query MyAssignments: succeeded. Connector: default
I0910 17:49:11.634086   91897 execute.go:57] Database ping is quick (likely cached), took 1.076416ms
I0910 17:49:11.637381   91897 engine.go:216] [projects/emulator/locations/emulator/services/uiuc-cmind 5d66] ExecuteMutation mutation UpsertUser: succeeded. Connector: default
I0910 17:49:13.373767   91897 execute.go:57] Database ping is quick (likely cached), took 695.709µs
I0910 17:49:13.375022   91897 engine.go:216] [projects/emulator/locations/emulator/services/uiuc-cmind 5d66] ExecuteQuery query GetUser: succeeded. Connector: default
I0910 17:49:13.375495   91897 execute.go:57] Database ping is quick (likely cached), took 107.917µs
I0910 17:49:13.376131   91897 engine.go:216] [projects/emulator/locations/emulator/services/uiuc-cmind 5d66] ExecuteQuery query GetUser: succeeded. Connector: default
I0910 17:49:13.377910   91897 execute.go:57] Database ping is quick (likely cached), took 1.00925ms
I0910 17:49:13.380162   91897 engine.go:216] [projects/emulator/locations/emulator/services/uiuc-cmind 5d66] ExecuteQuery query GetUser: succeeded. Connector: default
I0910 17:49:13.380818   91897 execute.go:57] Database ping is quick (likely cached), took 221.334µs
I0910 17:49:13.381646   91897 engine.go:216] [projects/emulator/locations/emulator/services/uiuc-cmind 5d66] ExecuteQuery query GetUser: succeeded. Connector: default
I0910 17:49:13.382225   91897 execute.go:57] Database ping is quick (likely cached), took 257.042µs
I0910 17:49:13.385349   91897 engine.go:216] [projects/emulator/locations/emulator/services/uiuc-cmind 5d66] ExecuteQuery query MyAssignments: succeeded. Connector: default
I0910 17:49:13.388456   91897 execute.go:57] Database ping is quick (likely cached), took 1.42025ms
I0910 17:49:13.391794   91897 engine.go:216] [projects/emulator/locations/emulator/services/uiuc-cmind 5d66] ExecuteQuery query MyAssignments: succeeded. Connector: default
